/home/lzg/venvs/vllm-omni-matrix-021-asc72643e/lib/python3.11/site-packages/torch_npu/utils/collect_env.py:58: UserWarning: Warning: The /usr/local/Ascend/cann-8.5.1 owner does not match the current owner.
  warnings.warn(f"Warning: The {path} owner does not match the current owner.")
/home/lzg/venvs/vllm-omni-matrix-021-asc72643e/lib/python3.11/site-packages/torch_npu/utils/collect_env.py:58: UserWarning: Warning: The /usr/local/Ascend/cann-8.5.1/aarch64-linux/ascend_toolkit_install.info owner does not match the current owner.
  warnings.warn(f"Warning: The {path} owner does not match the current owner.")
/home/lzg/venvs/vllm-omni-matrix-021-asc72643e/lib/python3.11/site-packages/torch_npu/utils/collect_env.py:58: UserWarning: Warning: The /usr/local/Ascend/cann-8.5.1 owner does not match the current owner.
  warnings.warn(f"Warning: The {path} owner does not match the current owner.")
/home/lzg/venvs/vllm-omni-matrix-021-asc72643e/lib/python3.11/site-packages/torch_npu/utils/collect_env.py:58: UserWarning: Warning: The /usr/local/Ascend/cann-8.5.1/aarch64-linux/ascend_toolkit_install.info owner does not match the current owner.
  warnings.warn(f"Warning: The {path} owner does not match the current owner.")
/home/lzg/vllm-omni/vllm_omni/version.py:55: RuntimeWarning: vLLM and vLLM-Omni appear to have mismatched major/minor versions:
 --> vLLM-Omni version 0.20.1.dev158+ge949ccf08.d20260522.npu
 --> vLLM version 0.21.0
This will likely cause compatibility issues.
  warn_if_misaligned_vllm_version()
INFO 05-23 10:41:07 [__init__.py:44] Available plugins for group vllm.platform_plugins:
INFO 05-23 10:41:07 [__init__.py:46] - ascend -> vllm_ascend:register
INFO 05-23 10:41:07 [__init__.py:49] All plugins in this group will be loaded. Set `VLLM_PLUGINS` to control which plugins to load.
INFO 05-23 10:41:07 [__init__.py:238] Platform plugin ascend is activated
WARNING 05-23 10:41:11 [importing.py:54] Triton is installed, but `triton.backends` could not be imported. Disabling Triton.
INFO 05-23 10:41:11 [importing.py:69] Triton not installed or not compatible; certain GPU-related functions will not be available.
/home/lzg/venvs/vllm-omni-matrix-021-asc72643e/lib/python3.11/site-packages/pydub/utils.py:170: RuntimeWarning: Couldn't find ffmpeg or avconv - defaulting to ffmpeg, but may not work
  warn("Couldn't find ffmpeg or avconv - defaulting to ffmpeg, but may not work", RuntimeWarning)
ERROR 05-23 10:41:13 [config.py:29] Failed to import Triton kernels. Please make sure your triton version is compatible. Error: cannot import name 'Language' from 'triton.backends.compiler' (/home/lzg/venvs/vllm-omni-matrix-021-asc72643e/lib/python3.11/site-packages/triton/backends/compiler.py)
INFO 05-23 10:41:16 [__init__.py:110] Registered model loader `<class 'vllm_ascend.model_loader.netloader.netloader.ModelNetLoaderElastic'>` with load format `netloader`
INFO 05-23 10:41:16 [__init__.py:110] Registered model loader `<class 'vllm_ascend.model_loader.rfork.rfork_loader.RForkModelLoader'>` with load format `rfork`
INFO 05-23 10:41:17 [serve.py:169] Detected diffusion model: Qwen/Qwen-Image
INFO 05-23 10:41:17 [logo.py:52]        [97m█     █     █▄   ▄█[0m    [34m   ▄▀▀[38;5;208m▀▀▄ [0m[97m█▄   ▄█ █▄    █ ▀█▀ [0m
INFO 05-23 10:41:17 [logo.py:52]  [38;5;208m▄▄[0m [34m▄█[0m [97m█     █     █ ▀▄▀ █[0m[97m  ▄▄▄ [0m[34m █    [38;5;208m█ [0m[97m█ ▀▄▀ █ █ ▀▄  █  █  [0m
INFO 05-23 10:41:17 [logo.py:52]   [38;5;208m█[0m[34m▄█▀[0m [97m█     █     █     █[0m[97m      [0m[34m █    [38;5;208m█ [0m[97m█     █ █   ▀▄█  █  [0m
INFO 05-23 10:41:17 [logo.py:52]    [34m▀▀[0m  [97m▀▀▀▀▀ ▀▀▀▀▀ ▀     ▀[0m      [35m  ▀▀▀▀  [0m[97m▀     ▀ ▀     ▀ ▀▀▀ [0m
INFO 05-23 10:41:17 [logo.py:52]
[0;36m(APIServer pid=1439463)[0;0m INFO 05-23 10:41:17 [utils.py:306] vLLM server version 0.21.0, serving model Qwen/Qwen-Image
[0;36m(APIServer pid=1439463)[0;0m INFO 05-23 10:41:17 [utils.py:240] non-default args: {'model_tag': 'Qwen/Qwen-Image', 'host': '127.0.0.1', 'port': 18220, 'model': 'Qwen/Qwen-Image', 'tokenizer_mode': None, 'trust_remote_code': None, 'dtype': None, 'enforce_eager': None, 'config_format': None, 'load_format': None, 'distributed_executor_backend': 'mp', 'pipeline_parallel_size': None, 'tensor_parallel_size': 2, 'data_parallel_size': None, 'gpu_memory_utilization': None, 'mm_processor_cache_gb': None, 'skip_mm_profiling': None, 'max_num_seqs': 4, 'compilation_config': None, 'additional_config': {'diffusion_step_profile': {'enabled': True, 'output_path': '/home/lzg/vllm-omni/benchmark_outputs/e2e_slo_first/current/step_cost_raw.jsonl', 'sync_device': True, 'record_rank': 0}}, 'profiler_config': None}
[0;36m(APIServer pid=1439463)[0;0m INFO 05-23 10:41:17 [weight_utils.py:50] Using model weights format ['*']
[0;36m(APIServer pid=1439463)[0;0m INFO 05-23 10:41:17 [omni_base.py:172] [AsyncOmni] Initializing with model Qwen/Qwen-Image
[0;36m(APIServer pid=1439463)[0;0m INFO 05-23 10:41:17 [async_omni_engine.py:276] [AsyncOmniEngine] Initializing with model Qwen/Qwen-Image
[0;36m(APIServer pid=1439463)[0;0m INFO 05-23 10:41:17 [async_omni_engine.py:329] [AsyncOmniEngine] Single-stage mode enabled (stage_id_filter=0, master=127.0.0.1:26220)
[0;36m(APIServer pid=1439463)[0;0m WARNING 05-23 10:41:17 [utils.py:191] Filtered out 1 callable object(s) from base_engine_args that are not compatible with OmegaConf: ['dispatch_function'].
[0;36m(APIServer pid=1439463)[0;0m `Siglip2ImageProcessorFast` is deprecated. The `Fast` suffix for image processors has been removed; use `Siglip2ImageProcessor` instead.
[0;36m(APIServer pid=1439463)[0;0m INFO 05-23 10:41:17 [async_omni_engine.py:360] [AsyncOmniEngine] Launching Orchestrator thread with 1 stages
[0;36m(APIServer pid=1439463)[0;0m INFO 05-23 10:41:17 [stage_init_utils.py:612] [stage_init] Stage 0: 4 replicas, devices_per_replica=2, devices split: ['0,1', '2,3', '4,5', '6,7']
[0;36m(APIServer pid=1439463)[0;0m INFO 05-23 10:41:17 [initialization.py:364] Loaded OmniTransferConfig with 0 connector configurations
[0;36m(APIServer pid=1439463)[0;0m INFO 05-23 10:41:17 [runtime.py:59] [OmniCoordinatorRuntime] Started (router=tcp://127.0.0.1:47627 pub=tcp://127.0.0.1:44275 heartbeat_timeout=30.0s)
[0;36m(APIServer pid=1439463)[0;0m INFO 05-23 10:41:17 [stage_engine_startup.py:170] [OmniMasterServer] Pre-allocated addresses for stages [0] (master=127.0.0.1:26220)
[0;36m(APIServer pid=1439463)[0;0m INFO 05-23 10:41:17 [stage_engine_startup.py:353] [OmniMasterServer] Listening on tcp://127.0.0.1:26220
[0;36m(APIServer pid=1439463)[0;0m INFO 05-23 10:41:17 [async_omni_engine.py:664] [AsyncOmniEngine] OmniMasterServer started for stages [0]
[0;36m(APIServer pid=1439463)[0;0m INFO 05-23 10:41:17 [stage_utils.py:108] Stage 0 requested devices ['0', '1'] are already in the visible set ['0', '1', '2', '3', '4', '5', '6', '7']; using as-is (no remap).
[0;36m(APIServer pid=1439463)[0;0m INFO 05-23 10:41:17 [stage_init_utils.py:631] [stage_init] Stage-0 set runtime devices: 0,1
[0;36m(APIServer pid=1439463)[0;0m INFO 05-23 10:41:17 [stage_engine_startup.py:524] [OmniMasterServer] Stage 0 replica 0 cross-host bind (sockets bound on replica; replica_ip=127.0.0.1)
[0;36m(APIServer pid=1439463)[0;0m INFO 05-23 10:41:17 [stage_engine_startup.py:575] [OmniMasterServer] Stage 0 replica 0 registered (auto=False); handshake=tcp://127.0.0.1:41203
[0;36m(APIServer pid=1439463)[0;0m INFO 05-23 10:41:17 [stage_engine_startup.py:704] Stage 0 replica 0 registered; handshake_address=tcp://127.0.0.1:41203
[0;36m(APIServer pid=1439463)[0;0m INFO 05-23 10:41:17 [async_omni_engine.py:1041] [AsyncOmniEngine] Stage 0 diffusion registration completed
/home/lzg/venvs/vllm-omni-matrix-021-asc72643e/lib/python3.11/site-packages/torch_npu/utils/collect_env.py:58: UserWarning: Warning: The /usr/local/Ascend/cann-8.5.1 owner does not match the current owner.
  warnings.warn(f"Warning: The {path} owner does not match the current owner.")
/home/lzg/venvs/vllm-omni-matrix-021-asc72643e/lib/python3.11/site-packages/torch_npu/utils/collect_env.py:58: UserWarning: Warning: The /usr/local/Ascend/cann-8.5.1/aarch64-linux/ascend_toolkit_install.info owner does not match the current owner.
  warnings.warn(f"Warning: The {path} owner does not match the current owner.")
/home/lzg/venvs/vllm-omni-matrix-021-asc72643e/lib/python3.11/site-packages/torch_npu/utils/collect_env.py:58: UserWarning: Warning: The /usr/local/Ascend/cann-8.5.1 owner does not match the current owner.
  warnings.warn(f"Warning: The {path} owner does not match the current owner.")
/home/lzg/venvs/vllm-omni-matrix-021-asc72643e/lib/python3.11/site-packages/torch_npu/utils/collect_env.py:58: UserWarning: Warning: The /usr/local/Ascend/cann-8.5.1/aarch64-linux/ascend_toolkit_install.info owner does not match the current owner.
  warnings.warn(f"Warning: The {path} owner does not match the current owner.")
/home/lzg/vllm-omni/vllm_omni/version.py:55: RuntimeWarning: vLLM and vLLM-Omni appear to have mismatched major/minor versions:
 --> vLLM-Omni version 0.20.1.dev158+ge949ccf08.d20260522.npu
 --> vLLM version 0.21.0
This will likely cause compatibility issues.
  warn_if_misaligned_vllm_version()
[32mINFO[0m [90m05-23 10:41:23[0m [90m[__init__.py:44][0m Available plugins for group vllm.platform_plugins:
[32mINFO[0m [90m05-23 10:41:23[0m [90m[__init__.py:46][0m - ascend -> vllm_ascend:register
[32mINFO[0m [90m05-23 10:41:23[0m [90m[__init__.py:49][0m All plugins in this group will be loaded. Set `VLLM_PLUGINS` to control which plugins to load.
[32mINFO[0m [90m05-23 10:41:23[0m [90m[__init__.py:238][0m Platform plugin ascend is activated
[33mWARNING[0m [90m05-23 10:41:28[0m [90m[importing.py:54][0m Triton is installed, but `triton.backends` could not be imported. Disabling Triton.
[32mINFO[0m [90m05-23 10:41:28[0m [90m[importing.py:69][0m Triton not installed or not compatible; certain GPU-related functions will not be available.
/home/lzg/venvs/vllm-omni-matrix-021-asc72643e/lib/python3.11/site-packages/pydub/utils.py:170: RuntimeWarning: Couldn't find ffmpeg or avconv - defaulting to ffmpeg, but may not work
  warn("Couldn't find ffmpeg or avconv - defaulting to ffmpeg, but may not work", RuntimeWarning)
[31mERROR[0m [90m05-23 10:41:30[0m [90m[config.py:29][0m Failed to import Triton kernels. Please make sure your triton version is compatible. Error: cannot import name 'Language' from 'triton.backends.compiler' (/home/lzg/venvs/vllm-omni-matrix-021-asc72643e/lib/python3.11/site-packages/triton/backends/compiler.py)
[32mINFO[0m [90m05-23 10:41:33[0m [90m[weight_utils.py:50][0m Using model weights format ['*']
[32mINFO[0m [90m05-23 10:41:34[0m [90m[multiproc_executor.py:138][0m Starting server...
/home/lzg/venvs/vllm-omni-matrix-021-asc72643e/lib/python3.11/site-packages/torch_npu/utils/collect_env.py:58: UserWarning: Warning: The /usr/local/Ascend/cann-8.5.1 owner does not match the current owner.
  warnings.warn(f"Warning: The {path} owner does not match the current owner.")
/home/lzg/venvs/vllm-omni-matrix-021-asc72643e/lib/python3.11/site-packages/torch_npu/utils/collect_env.py:58: UserWarning: Warning: The /usr/local/Ascend/cann-8.5.1/aarch64-linux/ascend_toolkit_install.info owner does not match the current owner.
  warnings.warn(f"Warning: The {path} owner does not match the current owner.")
/home/lzg/venvs/vllm-omni-matrix-021-asc72643e/lib/python3.11/site-packages/torch_npu/utils/collect_env.py:58: UserWarning: Warning: The /usr/local/Ascend/cann-8.5.1 owner does not match the current owner.
  warnings.warn(f"Warning: The {path} owner does not match the current owner.")
/home/lzg/venvs/vllm-omni-matrix-021-asc72643e/lib/python3.11/site-packages/torch_npu/utils/collect_env.py:58: UserWarning: Warning: The /usr/local/Ascend/cann-8.5.1/aarch64-linux/ascend_toolkit_install.info owner does not match the current owner.
  warnings.warn(f"Warning: The {path} owner does not match the current owner.")
/home/lzg/venvs/vllm-omni-matrix-021-asc72643e/lib/python3.11/site-packages/torch_npu/utils/collect_env.py:58: UserWarning: Warning: The /usr/local/Ascend/cann-8.5.1 owner does not match the current owner.
  warnings.warn(f"Warning: The {path} owner does not match the current owner.")
/home/lzg/venvs/vllm-omni-matrix-021-asc72643e/lib/python3.11/site-packages/torch_npu/utils/collect_env.py:58: UserWarning: Warning: The /usr/local/Ascend/cann-8.5.1/aarch64-linux/ascend_toolkit_install.info owner does not match the current owner.
  warnings.warn(f"Warning: The {path} owner does not match the current owner.")
/home/lzg/venvs/vllm-omni-matrix-021-asc72643e/lib/python3.11/site-packages/torch_npu/utils/collect_env.py:58: UserWarning: Warning: The /usr/local/Ascend/cann-8.5.1 owner does not match the current owner.
  warnings.warn(f"Warning: The {path} owner does not match the current owner.")
/home/lzg/vllm-omni/vllm_omni/version.py:55: RuntimeWarning: vLLM and vLLM-Omni appear to have mismatched major/minor versions:
 --> vLLM-Omni version 0.20.1.dev158+ge949ccf08.d20260522.npu
 --> vLLM version 0.21.0
This will likely cause compatibility issues.
  warn_if_misaligned_vllm_version()
/home/lzg/venvs/vllm-omni-matrix-021-asc72643e/lib/python3.11/site-packages/torch_npu/utils/collect_env.py:58: UserWarning: Warning: The /usr/local/Ascend/cann-8.5.1/aarch64-linux/ascend_toolkit_install.info owner does not match the current owner.
  warnings.warn(f"Warning: The {path} owner does not match the current owner.")
[32mINFO[0m [90m05-23 10:41:40[0m [90m[__init__.py:44][0m Available plugins for group vllm.platform_plugins:
[32mINFO[0m [90m05-23 10:41:40[0m [90m[__init__.py:46][0m - ascend -> vllm_ascend:register
[32mINFO[0m [90m05-23 10:41:40[0m [90m[__init__.py:49][0m All plugins in this group will be loaded. Set `VLLM_PLUGINS` to control which plugins to load.
[32mINFO[0m [90m05-23 10:41:40[0m [90m[__init__.py:238][0m Platform plugin ascend is activated
/home/lzg/vllm-omni/vllm_omni/version.py:55: RuntimeWarning: vLLM and vLLM-Omni appear to have mismatched major/minor versions:
 --> vLLM-Omni version 0.20.1.dev158+ge949ccf08.d20260522.npu
 --> vLLM version 0.21.0
This will likely cause compatibility issues.
  warn_if_misaligned_vllm_version()
[32mINFO[0m [90m05-23 10:41:40[0m [90m[__init__.py:44][0m Available plugins for group vllm.platform_plugins:
[32mINFO[0m [90m05-23 10:41:40[0m [90m[__init__.py:46][0m - ascend -> vllm_ascend:register
[32mINFO[0m [90m05-23 10:41:40[0m [90m[__init__.py:49][0m All plugins in this group will be loaded. Set `VLLM_PLUGINS` to control which plugins to load.
[32mINFO[0m [90m05-23 10:41:40[0m [90m[__init__.py:238][0m Platform plugin ascend is activated
[33mWARNING[0m [90m05-23 10:41:44[0m [90m[importing.py:54][0m Triton is installed, but `triton.backends` could not be imported. Disabling Triton.
[32mINFO[0m [90m05-23 10:41:44[0m [90m[importing.py:69][0m Triton not installed or not compatible; certain GPU-related functions will not be available.
[33mWARNING[0m [90m05-23 10:41:44[0m [90m[importing.py:54][0m Triton is installed, but `triton.backends` could not be imported. Disabling Triton.
[32mINFO[0m [90m05-23 10:41:44[0m [90m[importing.py:69][0m Triton not installed or not compatible; certain GPU-related functions will not be available.
/home/lzg/venvs/vllm-omni-matrix-021-asc72643e/lib/python3.11/site-packages/pydub/utils.py:170: RuntimeWarning: Couldn't find ffmpeg or avconv - defaulting to ffmpeg, but may not work
  warn("Couldn't find ffmpeg or avconv - defaulting to ffmpeg, but may not work", RuntimeWarning)
[31mERROR[0m [90m05-23 10:41:46[0m [90m[config.py:29][0m Failed to import Triton kernels. Please make sure your triton version is compatible. Error: cannot import name 'Language' from 'triton.backends.compiler' (/home/lzg/venvs/vllm-omni-matrix-021-asc72643e/lib/python3.11/site-packages/triton/backends/compiler.py)
/home/lzg/venvs/vllm-omni-matrix-021-asc72643e/lib/python3.11/site-packages/pydub/utils.py:170: RuntimeWarning: Couldn't find ffmpeg or avconv - defaulting to ffmpeg, but may not work
  warn("Couldn't find ffmpeg or avconv - defaulting to ffmpeg, but may not work", RuntimeWarning)
[31mERROR[0m [90m05-23 10:41:47[0m [90m[config.py:29][0m Failed to import Triton kernels. Please make sure your triton version is compatible. Error: cannot import name 'Language' from 'triton.backends.compiler' (/home/lzg/venvs/vllm-omni-matrix-021-asc72643e/lib/python3.11/site-packages/triton/backends/compiler.py)
[32mINFO[0m [90m05-23 10:41:50[0m [90m[diffusion_worker.py:680][0m Worker 0 created result MessageQueue
[32mINFO[0m [90m05-23 10:41:51[0m [90m[scheduler.py:239][0m Chunked prefill is enabled with max_num_batched_tokens=2048.
[32mINFO[0m [90m05-23 10:41:51[0m [90m[vllm.py:886][0m Asynchronous scheduling is enabled.
[32mINFO[0m [90m05-23 10:41:51[0m [90m[kernel.py:212][0m Final IR op priority after setting platform defaults: IrOpPriorityConfig(rms_norm=['native'], fused_add_rms_norm=['native'])
[32mINFO[0m [90m05-23 10:41:51[0m [90m[ascend_config.py:564][0m Dynamic EPLB is False
[32mINFO[0m [90m05-23 10:41:51[0m [90m[ascend_config.py:565][0m The number of redundant experts is 0
[33mWARNING[0m [90m05-23 10:41:51[0m [90m[platform.py:318][0m Model config is missing. This may indicate that we are running a test case
[32mINFO[0m [90m05-23 10:41:51[0m [90m[platform.py:393][0m PIECEWISE compilation enabled on NPU. use_inductor not supported - using only ACL Graph mode
[33mWARNING[0m [90m05-23 10:41:51[0m [90m[utils.py:533][0m Got empty model config. This typically occurs when an empty vllm_config is initialized (e.g., in unit tests), where config updates are intentionally skipped.
[32mINFO[0m [90m05-23 10:41:51[0m [90m[compilation.py:303][0m Enabled custom fusions: norm_quant, act_quant
[32mINFO[0m [90m05-23 10:41:51[0m [90m[diffusion_worker.py:236][0m Final IR op priority after setting vLLM-Omni overrides: IrOpPriorityConfig(rms_norm=['native'], fused_add_rms_norm=['native'])
[32mINFO[0m [90m05-23 10:41:51[0m [90m[scheduler.py:239][0m Chunked prefill is enabled with max_num_batched_tokens=2048.
[32mINFO[0m [90m05-23 10:41:51[0m [90m[vllm.py:886][0m Asynchronous scheduling is enabled.
[32mINFO[0m [90m05-23 10:41:51[0m [90m[kernel.py:212][0m Final IR op priority after setting platform defaults: IrOpPriorityConfig(rms_norm=['native'], fused_add_rms_norm=['native'])
[32mINFO[0m [90m05-23 10:41:51[0m [90m[ascend_config.py:564][0m Dynamic EPLB is False
[32mINFO[0m [90m05-23 10:41:51[0m [90m[ascend_config.py:565][0m The number of redundant experts is 0
[33mWARNING[0m [90m05-23 10:41:51[0m [90m[platform.py:318][0m Model config is missing. This may indicate that we are running a test case
[32mINFO[0m [90m05-23 10:41:51[0m [90m[platform.py:393][0m PIECEWISE compilation enabled on NPU. use_inductor not supported - using only ACL Graph mode
[33mWARNING[0m [90m05-23 10:41:51[0m [90m[utils.py:533][0m Got empty model config. This typically occurs when an empty vllm_config is initialized (e.g., in unit tests), where config updates are intentionally skipped.
[32mINFO[0m [90m05-23 10:41:51[0m [90m[compilation.py:303][0m Enabled custom fusions: norm_quant, act_quant
[32mINFO[0m [90m05-23 10:41:51[0m [90m[diffusion_worker.py:236][0m Final IR op priority after setting vLLM-Omni overrides: IrOpPriorityConfig(rms_norm=['native'], fused_add_rms_norm=['native'])
[Gloo] Rank 0 is connected to 1 peer ranks. Expected number of connected peer ranks is : 1
[Gloo] Rank 1 is connected to 1 peer ranks. Expected number of connected peer ranks is : 1
[32mINFO[0m [90m05-23 10:41:52[0m [90m[diffusion_worker.py:247][0m Worker 0: Initialized device and distributed environment.
[32mINFO[0m [90m05-23 10:41:52[0m [90m[diffusion_worker.py:247][0m Worker 1: Initialized device and distributed environment.
[Gloo] Rank 0 is connected to 0 peer ranks. Expected number of connected peer ranks is : 0
[Gloo] Rank 0 is connected to 0 peer ranks. Expected number of connected peer ranks is : 0
[Gloo] Rank 0 is connected to 0 peer ranks. Expected number of connected peer ranks is : 0
[Gloo] Rank 0 is connected to 0 peer ranks. Expected number of connected peer ranks is : 0
[Gloo] Rank 0 is connected to 0 peer ranks. Expected number of connected peer ranks is : 0
[Gloo] Rank 0 is connected to 0 peer ranks. Expected number of connected peer ranks is : 0
[32mINFO[0m [90m05-23 10:41:52[0m [90m[parallel_state.py:588][0m Building SP subgroups from explicit sp_group_ranks (sp_size=1, ulysses=1, ring=1, use_ulysses_low=True).
[32mINFO[0m [90m05-23 10:41:52[0m [90m[parallel_state.py:588][0m Building SP subgroups from explicit sp_group_ranks (sp_size=1, ulysses=1, ring=1, use_ulysses_low=True).
[32mINFO[0m [90m05-23 10:41:52[0m [90m[parallel_state.py:630][0m SP group details for rank 0: sp_group=[0], ulysses_group=[0], ring_group=[0]
[32mINFO[0m [90m05-23 10:41:52[0m [90m[parallel_state.py:630][0m SP group details for rank 1: sp_group=[1], ulysses_group=[1], ring_group=[1]
[Gloo] Rank 0 is connected to 0 peer ranks. Expected number of connected peer ranks is : 0
[Gloo] Rank 0 is connected to 0 peer ranks. Expected number of connected peer ranks is : 0
[Gloo] Rank 1 is connected to 1 peer ranks. Expected number of connected peer ranks is : 1
[Gloo] Rank 0 is connected to 1 peer ranks. Expected number of connected peer ranks is : 1
[Gloo] Rank 0 is connected to 0 peer ranks. Expected number of connected peer ranks is : 0
[Gloo] Rank 0 is connected to 0 peer ranks. Expected number of connected peer ranks is : 0
[32mINFO[0m [90m05-23 10:41:52[0m [90m[step_cost_profiler.py:55][0m [DiffusionStepCostProfiler] Writing step profile records to /home/lzg/vllm-omni/benchmark_outputs/e2e_slo_first/current/step_cost_raw.jsonl
/home/lzg/venvs/vllm-omni-matrix-021-asc72643e/lib/python3.11/site-packages/huggingface_hub/utils/_validators.py:205: UserWarning: The `local_dir_use_symlinks` argument is deprecated and ignored in `hf_hub_download`. Downloading to a local directory does not use symlinks anymore.
  warnings.warn(
/home/lzg/venvs/vllm-omni-matrix-021-asc72643e/lib/python3.11/site-packages/huggingface_hub/utils/_validators.py:205: UserWarning: The `local_dir_use_symlinks` argument is deprecated and ignored in `hf_hub_download`. Downloading to a local directory does not use symlinks anymore.
  warnings.warn(

Loading weights:   0%|          | 0/729 [00:00<?, ?it/s]
Loading weights:   0%|          | 0/729 [00:00<?, ?it/s]
Loading weights:   4%|▍         | 28/729 [00:00<00:02, 269.54it/s]
Loading weights:   4%|▍         | 30/729 [00:00<00:02, 297.10it/s]
Loading weights:  12%|█▏        | 90/729 [00:00<00:01, 472.80it/s]
Loading weights:  12%|█▏        | 88/729 [00:00<00:01, 421.67it/s]
Loading weights:  21%|██▏       | 156/729 [00:00<00:01, 557.02it/s]
Loading weights:  20%|██        | 148/729 [00:00<00:01, 484.34it/s]
Loading weights:  29%|██▉       | 212/729 [00:00<00:00, 542.99it/s]
Loading weights:  27%|██▋       | 197/729 [00:00<00:01, 476.76it/s]
Loading weights:  37%|███▋      | 268/729 [00:00<00:00, 524.27it/s]
Loading weights:  34%|███▎      | 245/729 [00:00<00:01, 459.71it/s]
Loading weights:  44%|████▍     | 321/729 [00:00<00:00, 480.38it/s]
Loading weights:  40%|███▉      | 291/729 [00:00<00:01, 421.26it/s]
Loading weights:  67%|██████▋   | 489/729 [00:00<00:00, 836.93it/s]
Loading weights:  46%|████▌     | 334/729 [00:00<00:01, 388.02it/s]
Loading weights: 100%|██████████| 729/729 [00:00<00:00, 865.34it/s]

Loading weights:  85%|████████▍ | 619/729 [00:00<00:00, 1071.32it/s]
Loading weights: 100%|██████████| 729/729 [00:00<00:00, 765.44it/s]
[32mINFO[0m [90m05-23 10:41:55[0m [90m[selector.py:87][0m Resolved diffusion attention backend 'SDPA' for role='self' via platform default
[32mINFO[0m [90m05-23 10:41:55[0m [90m[selector.py:87][0m Resolved diffusion attention backend 'SDPA' for role='self' via platform default

Multi-thread loading shards:   0% Completed | 0/9 [00:00<?, ?it/s]

Multi-thread loading shards:  11% Completed | 1/9 [00:00<00:05,  1.40it/s]

Multi-thread loading shards:  22% Completed | 2/9 [00:01<00:05,  1.26it/s]

Multi-thread loading shards:  33% Completed | 3/9 [00:02<00:04,  1.24it/s]

Multi-thread loading shards:  44% Completed | 4/9 [00:03<00:04,  1.17it/s]

Multi-thread loading shards:  56% Completed | 5/9 [00:04<00:03,  1.24it/s]

Multi-thread loading shards:  67% Completed | 6/9 [00:04<00:02,  1.24it/s]

Multi-thread loading shards:  78% Completed | 7/9 [00:05<00:01,  1.20it/s]

Multi-thread loading shards:  89% Completed | 8/9 [00:06<00:00,  1.16it/s]

Multi-thread loading shards: 100% Completed | 9/9 [00:07<00:00,  1.36it/s]

Multi-thread loading shards: 100% Completed | 9/9 [00:07<00:00,  1.27it/s]

[32mINFO[0m [90m05-23 10:42:03[0m [90m[diffusers_loader.py:375][0m Loading weights took 7.20 seconds
[32mINFO[0m [90m05-23 10:42:04[0m [90m[diffusion_model_runner.py:146][0m Model loading took 39.9617 GiB and 12.255029 seconds
[32mINFO[0m [90m05-23 10:42:04[0m [90m[diffusion_model_runner.py:151][0m Model runner: Model loaded successfully.
[33mWARNING[0m [90m05-23 10:42:04[0m [90m[diffusion_model_runner.py:172][0m Model runner: Platform npu does not support torch inductor, skipping torch.compile.
[32mINFO[0m [90m05-23 10:42:04[0m [90m[diffusion_model_runner.py:192][0m Model runner: Initialization complete.
[33mWARNING[0m [90m05-23 10:42:04[0m [90m[gpu_memory_utils.py:88][0m NVML init failed, will use profiling fallback: NVML Shared Library Not Found
[32mINFO[0m [90m05-23 10:42:04[0m [90m[manager.py:96][0m Initializing DiffusionLoRAManager: device=npu:1, dtype=torch.bfloat16, max_cached_adapters=1, static_lora_path=None
[32mINFO[0m [90m05-23 10:42:04[0m [90m[diffusion_worker.py:206][0m Worker 1: Initialization complete.
[32mINFO[0m [90m05-23 10:42:04[0m [90m[diffusion_worker.py:851][0m Worker 1: Scheduler loop started.
[32mINFO[0m [90m05-23 10:42:04[0m [90m[diffusion_worker.py:753][0m Worker 1 ready to receive requests via shared memory
[32mINFO[0m [90m05-23 10:42:05[0m [90m[diffusion_model_runner.py:146][0m Model loading took 39.9617 GiB and 13.361026 seconds
[32mINFO[0m [90m05-23 10:42:05[0m [90m[diffusion_model_runner.py:151][0m Model runner: Model loaded successfully.
[33mWARNING[0m [90m05-23 10:42:05[0m [90m[diffusion_model_runner.py:172][0m Model runner: Platform npu does not support torch inductor, skipping torch.compile.
[32mINFO[0m [90m05-23 10:42:05[0m [90m[diffusion_model_runner.py:192][0m Model runner: Initialization complete.
[33mWARNING[0m [90m05-23 10:42:06[0m [90m[gpu_memory_utils.py:88][0m NVML init failed, will use profiling fallback: NVML Shared Library Not Found
[32mINFO[0m [90m05-23 10:42:06[0m [90m[manager.py:96][0m Initializing DiffusionLoRAManager: device=npu:0, dtype=torch.bfloat16, max_cached_adapters=1, static_lora_path=None
[32mINFO[0m [90m05-23 10:42:06[0m [90m[diffusion_worker.py:206][0m Worker 0: Initialization complete.
[32mINFO[0m [90m05-23 10:42:06[0m [90m[diffusion_worker.py:851][0m Worker 0: Scheduler loop started.
[32mINFO[0m [90m05-23 10:42:06[0m [90m[diffusion_worker.py:753][0m Worker 0 ready to receive requests via shared memory
[32mINFO[0m [90m05-23 10:42:06[0m [90m[diffusion_engine.py:723][0m dummy run to warm up the model
/home/lzg/venvs/vllm-omni-matrix-021-asc72643e/lib/python3.11/site-packages/diffusers/schedulers/scheduling_flow_match_euler_discrete.py:279: RuntimeWarning: invalid value encountered in divide
  stretched_t = 1 - (one_minus_z / scale_factor)
/home/lzg/venvs/vllm-omni-matrix-021-asc72643e/lib/python3.11/site-packages/torch_npu/utils/storage.py:43: UserWarning: TypedStorage is deprecated. It will be removed in the future and UntypedStorage will be the only storage class. This should only matter to you if you are using storages directly.  To access UntypedStorage directly, use tensor.untyped_storage() instead of tensor.storage()
  if self.device.type != 'cpu':
/home/lzg/venvs/vllm-omni-matrix-021-asc72643e/lib/python3.11/site-packages/diffusers/schedulers/scheduling_flow_match_euler_discrete.py:279: RuntimeWarning: invalid value encountered in divide
  stretched_t = 1 - (one_minus_z / scale_factor)
[rank0]:[W523 10:42:06.071535302 compiler_depend.ts:18796] Warning: torch_npu.npu_layer_norm_eval is deprecated and will be removed in future version. Use torch.nn.functional.layer_norm or torch.optim.adam instead. (function operator())
[rank1]:[W523 10:42:06.131858559 compiler_depend.ts:18796] Warning: torch_npu.npu_layer_norm_eval is deprecated and will be removed in future version. Use torch.nn.functional.layer_norm or torch.optim.adam instead. (function operator())
/home/lzg/venvs/vllm-omni-matrix-021-asc72643e/lib/python3.11/site-packages/torch_npu/utils/collect_env.py:58: UserWarning: Warning: The /usr/local/Ascend/cann-8.5.1 owner does not match the current owner.
  warnings.warn(f"Warning: The {path} owner does not match the current owner.")
/home/lzg/venvs/vllm-omni-matrix-021-asc72643e/lib/python3.11/site-packages/torch_npu/utils/collect_env.py:58: UserWarning: Warning: The /usr/local/Ascend/cann-8.5.1/aarch64-linux/ascend_toolkit_install.info owner does not match the current owner.
  warnings.warn(f"Warning: The {path} owner does not match the current owner.")
/home/lzg/venvs/vllm-omni-matrix-021-asc72643e/lib/python3.11/site-packages/torch_npu/utils/collect_env.py:58: UserWarning: Warning: The /usr/local/Ascend/cann-8.5.1 owner does not match the current owner.
  warnings.warn(f"Warning: The {path} owner does not match the current owner.")
/home/lzg/venvs/vllm-omni-matrix-021-asc72643e/lib/python3.11/site-packages/torch_npu/utils/collect_env.py:58: UserWarning: Warning: The /usr/local/Ascend/cann-8.5.1/aarch64-linux/ascend_toolkit_install.info owner does not match the current owner.
  warnings.warn(f"Warning: The {path} owner does not match the current owner.")
/home/lzg/venvs/vllm-omni-matrix-021-asc72643e/lib/python3.11/site-packages/torch_npu/utils/collect_env.py:58: UserWarning: Warning: The /usr/local/Ascend/cann-8.5.1 owner does not match the current owner.
  warnings.warn(f"Warning: The {path} owner does not match the current owner.")
/home/lzg/venvs/vllm-omni-matrix-021-asc72643e/lib/python3.11/site-packages/torch_npu/utils/collect_env.py:58: UserWarning: Warning: The /usr/local/Ascend/cann-8.5.1/aarch64-linux/ascend_toolkit_install.info owner does not match the current owner.
  warnings.warn(f"Warning: The {path} owner does not match the current owner.")
/home/lzg/vllm-omni/vllm_omni/version.py:55: RuntimeWarning: vLLM and vLLM-Omni appear to have mismatched major/minor versions:
 --> vLLM-Omni version 0.20.1.dev158+ge949ccf08.d20260522.npu
 --> vLLM version 0.21.0
This will likely cause compatibility issues.
  warn_if_misaligned_vllm_version()
/home/lzg/venvs/vllm-omni-matrix-021-asc72643e/lib/python3.11/site-packages/torch_npu/utils/collect_env.py:58: UserWarning: Warning: The /usr/local/Ascend/cann-8.5.1 owner does not match the current owner.
  warnings.warn(f"Warning: The {path} owner does not match the current owner.")
[32mINFO[0m [90m05-23 10:42:14[0m [90m[__init__.py:44][0m Available plugins for group vllm.platform_plugins:
[32mINFO[0m [90m05-23 10:42:14[0m [90m[__init__.py:46][0m - ascend -> vllm_ascend:register
[32mINFO[0m [90m05-23 10:42:14[0m [90m[__init__.py:49][0m All plugins in this group will be loaded. Set `VLLM_PLUGINS` to control which plugins to load.
[32mINFO[0m [90m05-23 10:42:14[0m [90m[__init__.py:238][0m Platform plugin ascend is activated
/home/lzg/venvs/vllm-omni-matrix-021-asc72643e/lib/python3.11/site-packages/torch_npu/utils/collect_env.py:58: UserWarning: Warning: The /usr/local/Ascend/cann-8.5.1/aarch64-linux/ascend_toolkit_install.info owner does not match the current owner.
  warnings.warn(f"Warning: The {path} owner does not match the current owner.")
/home/lzg/vllm-omni/vllm_omni/version.py:55: RuntimeWarning: vLLM and vLLM-Omni appear to have mismatched major/minor versions:
 --> vLLM-Omni version 0.20.1.dev158+ge949ccf08.d20260522.npu
 --> vLLM version 0.21.0
This will likely cause compatibility issues.
  warn_if_misaligned_vllm_version()
[32mINFO[0m [90m05-23 10:42:15[0m [90m[__init__.py:44][0m Available plugins for group vllm.platform_plugins:
[32mINFO[0m [90m05-23 10:42:15[0m [90m[__init__.py:46][0m - ascend -> vllm_ascend:register
[32mINFO[0m [90m05-23 10:42:15[0m [90m[__init__.py:49][0m All plugins in this group will be loaded. Set `VLLM_PLUGINS` to control which plugins to load.
[32mINFO[0m [90m05-23 10:42:15[0m [90m[__init__.py:238][0m Platform plugin ascend is activated
[33mWARNING[0m [90m05-23 10:42:19[0m [90m[importing.py:54][0m Triton is installed, but `triton.backends` could not be imported. Disabling Triton.
[32mINFO[0m [90m05-23 10:42:19[0m [90m[importing.py:69][0m Triton not installed or not compatible; certain GPU-related functions will not be available.
[33mWARNING[0m [90m05-23 10:42:20[0m [90m[importing.py:54][0m Triton is installed, but `triton.backends` could not be imported. Disabling Triton.
[32mINFO[0m [90m05-23 10:42:20[0m [90m[importing.py:69][0m Triton not installed or not compatible; certain GPU-related functions will not be available.
/home/lzg/venvs/vllm-omni-matrix-021-asc72643e/lib/python3.11/site-packages/pydub/utils.py:170: RuntimeWarning: Couldn't find ffmpeg or avconv - defaulting to ffmpeg, but may not work
  warn("Couldn't find ffmpeg or avconv - defaulting to ffmpeg, but may not work", RuntimeWarning)
[31mERROR[0m [90m05-23 10:42:21[0m [90m[config.py:29][0m Failed to import Triton kernels. Please make sure your triton version is compatible. Error: cannot import name 'Language' from 'triton.backends.compiler' (/home/lzg/venvs/vllm-omni-matrix-021-asc72643e/lib/python3.11/site-packages/triton/backends/compiler.py)
/home/lzg/venvs/vllm-omni-matrix-021-asc72643e/lib/python3.11/site-packages/pydub/utils.py:170: RuntimeWarning: Couldn't find ffmpeg or avconv - defaulting to ffmpeg, but may not work
  warn("Couldn't find ffmpeg or avconv - defaulting to ffmpeg, but may not work", RuntimeWarning)
[31mERROR[0m [90m05-23 10:42:22[0m [90m[config.py:29][0m Failed to import Triton kernels. Please make sure your triton version is compatible. Error: cannot import name 'Language' from 'triton.backends.compiler' (/home/lzg/venvs/vllm-omni-matrix-021-asc72643e/lib/python3.11/site-packages/triton/backends/compiler.py)
[32mINFO[0m [90m05-23 10:42:33[0m [90m[stage_diffusion_proc.py:119][0m StageDiffusionProc initialized with model: Qwen/Qwen-Image
[0;36m(APIServer pid=1439463)[0;0m INFO 05-23 10:42:33 [async_omni_engine.py:1061] [AsyncOmniEngine] Stage 0 diffusion startup completed
[32mINFO[0m [90m05-23 10:42:33[0m [90m[stage_diffusion_proc.py:672][0m StageDiffusionProc registered with OmniCoordinator (stage_id=0 replica_id=0 coord=tcp://127.0.0.1:47627)
[0;36m(APIServer pid=1439463)[0;0m INFO 05-23 10:42:33 [stage_diffusion_client.py:158] [StageDiffusionClient] stage-0 [rep-0] initialized (owns_process=True, batch_size=1)
[0;36m(APIServer pid=1439463)[0;0m INFO 05-23 10:42:33 [async_omni_engine.py:1088] [AsyncOmniEngine] Stage 0 replica 0 initialized (diffusion, batch_size=1, devices=0,1)
[0;36m(APIServer pid=1439463)[0;0m INFO 05-23 10:42:33 [stage_utils.py:108] Stage 0 requested devices ['2', '3'] are already in the visible set ['0', '1', '2', '3', '4', '5', '6', '7']; using as-is (no remap).
[0;36m(APIServer pid=1439463)[0;0m INFO 05-23 10:42:33 [stage_init_utils.py:631] [stage_init] Stage-0 set runtime devices: 2,3
[0;36m(APIServer pid=1439463)[0;0m INFO 05-23 10:42:33 [stage_engine_startup.py:524] [OmniMasterServer] Stage 0 replica 1 cross-host bind (sockets bound on replica; replica_ip=127.0.0.1)
[0;36m(APIServer pid=1439463)[0;0m INFO 05-23 10:42:33 [stage_engine_startup.py:575] [OmniMasterServer] Stage 0 replica 1 registered (auto=False); handshake=tcp://127.0.0.1:40367
[0;36m(APIServer pid=1439463)[0;0m INFO 05-23 10:42:33 [stage_engine_startup.py:704] Stage 0 replica 1 registered; handshake_address=tcp://127.0.0.1:40367
[0;36m(APIServer pid=1439463)[0;0m INFO 05-23 10:42:33 [async_omni_engine.py:1041] [AsyncOmniEngine] Stage 0 diffusion registration completed
/home/lzg/venvs/vllm-omni-matrix-021-asc72643e/lib/python3.11/site-packages/torch_npu/utils/collect_env.py:58: UserWarning: Warning: The /usr/local/Ascend/cann-8.5.1 owner does not match the current owner.
  warnings.warn(f"Warning: The {path} owner does not match the current owner.")
/home/lzg/venvs/vllm-omni-matrix-021-asc72643e/lib/python3.11/site-packages/torch_npu/utils/collect_env.py:58: UserWarning: Warning: The /usr/local/Ascend/cann-8.5.1/aarch64-linux/ascend_toolkit_install.info owner does not match the current owner.
  warnings.warn(f"Warning: The {path} owner does not match the current owner.")
/home/lzg/venvs/vllm-omni-matrix-021-asc72643e/lib/python3.11/site-packages/torch_npu/utils/collect_env.py:58: UserWarning: Warning: The /usr/local/Ascend/cann-8.5.1 owner does not match the current owner.
  warnings.warn(f"Warning: The {path} owner does not match the current owner.")
/home/lzg/venvs/vllm-omni-matrix-021-asc72643e/lib/python3.11/site-packages/torch_npu/utils/collect_env.py:58: UserWarning: Warning: The /usr/local/Ascend/cann-8.5.1/aarch64-linux/ascend_toolkit_install.info owner does not match the current owner.
  warnings.warn(f"Warning: The {path} owner does not match the current owner.")
/home/lzg/vllm-omni/vllm_omni/version.py:55: RuntimeWarning: vLLM and vLLM-Omni appear to have mismatched major/minor versions:
 --> vLLM-Omni version 0.20.1.dev158+ge949ccf08.d20260522.npu
 --> vLLM version 0.21.0
This will likely cause compatibility issues.
  warn_if_misaligned_vllm_version()
[32mINFO[0m [90m05-23 10:42:39[0m [90m[__init__.py:44][0m Available plugins for group vllm.platform_plugins:
[32mINFO[0m [90m05-23 10:42:39[0m [90m[__init__.py:46][0m - ascend -> vllm_ascend:register
[32mINFO[0m [90m05-23 10:42:39[0m [90m[__init__.py:49][0m All plugins in this group will be loaded. Set `VLLM_PLUGINS` to control which plugins to load.
[32mINFO[0m [90m05-23 10:42:39[0m [90m[__init__.py:238][0m Platform plugin ascend is activated
[33mWARNING[0m [90m05-23 10:42:43[0m [90m[importing.py:54][0m Triton is installed, but `triton.backends` could not be imported. Disabling Triton.
[32mINFO[0m [90m05-23 10:42:43[0m [90m[importing.py:69][0m Triton not installed or not compatible; certain GPU-related functions will not be available.
/home/lzg/venvs/vllm-omni-matrix-021-asc72643e/lib/python3.11/site-packages/pydub/utils.py:170: RuntimeWarning: Couldn't find ffmpeg or avconv - defaulting to ffmpeg, but may not work
  warn("Couldn't find ffmpeg or avconv - defaulting to ffmpeg, but may not work", RuntimeWarning)
[31mERROR[0m [90m05-23 10:42:45[0m [90m[config.py:29][0m Failed to import Triton kernels. Please make sure your triton version is compatible. Error: cannot import name 'Language' from 'triton.backends.compiler' (/home/lzg/venvs/vllm-omni-matrix-021-asc72643e/lib/python3.11/site-packages/triton/backends/compiler.py)
[32mINFO[0m [90m05-23 10:42:49[0m [90m[weight_utils.py:50][0m Using model weights format ['*']
[32mINFO[0m [90m05-23 10:42:49[0m [90m[multiproc_executor.py:138][0m Starting server...
/home/lzg/venvs/vllm-omni-matrix-021-asc72643e/lib/python3.11/site-packages/torch_npu/utils/collect_env.py:58: UserWarning: Warning: The /usr/local/Ascend/cann-8.5.1 owner does not match the current owner.
  warnings.warn(f"Warning: The {path} owner does not match the current owner.")
/home/lzg/venvs/vllm-omni-matrix-021-asc72643e/lib/python3.11/site-packages/torch_npu/utils/collect_env.py:58: UserWarning: Warning: The /usr/local/Ascend/cann-8.5.1 owner does not match the current owner.
  warnings.warn(f"Warning: The {path} owner does not match the current owner.")
/home/lzg/venvs/vllm-omni-matrix-021-asc72643e/lib/python3.11/site-packages/torch_npu/utils/collect_env.py:58: UserWarning: Warning: The /usr/local/Ascend/cann-8.5.1/aarch64-linux/ascend_toolkit_install.info owner does not match the current owner.
  warnings.warn(f"Warning: The {path} owner does not match the current owner.")
/home/lzg/venvs/vllm-omni-matrix-021-asc72643e/lib/python3.11/site-packages/torch_npu/utils/collect_env.py:58: UserWarning: Warning: The /usr/local/Ascend/cann-8.5.1/aarch64-linux/ascend_toolkit_install.info owner does not match the current owner.
  warnings.warn(f"Warning: The {path} owner does not match the current owner.")
/home/lzg/venvs/vllm-omni-matrix-021-asc72643e/lib/python3.11/site-packages/torch_npu/utils/collect_env.py:58: UserWarning: Warning: The /usr/local/Ascend/cann-8.5.1 owner does not match the current owner.
  warnings.warn(f"Warning: The {path} owner does not match the current owner.")
/home/lzg/venvs/vllm-omni-matrix-021-asc72643e/lib/python3.11/site-packages/torch_npu/utils/collect_env.py:58: UserWarning: Warning: The /usr/local/Ascend/cann-8.5.1 owner does not match the current owner.
  warnings.warn(f"Warning: The {path} owner does not match the current owner.")
/home/lzg/venvs/vllm-omni-matrix-021-asc72643e/lib/python3.11/site-packages/torch_npu/utils/collect_env.py:58: UserWarning: Warning: The /usr/local/Ascend/cann-8.5.1/aarch64-linux/ascend_toolkit_install.info owner does not match the current owner.
  warnings.warn(f"Warning: The {path} owner does not match the current owner.")
/home/lzg/venvs/vllm-omni-matrix-021-asc72643e/lib/python3.11/site-packages/torch_npu/utils/collect_env.py:58: UserWarning: Warning: The /usr/local/Ascend/cann-8.5.1/aarch64-linux/ascend_toolkit_install.info owner does not match the current owner.
  warnings.warn(f"Warning: The {path} owner does not match the current owner.")
/home/lzg/vllm-omni/vllm_omni/version.py:55: RuntimeWarning: vLLM and vLLM-Omni appear to have mismatched major/minor versions:
 --> vLLM-Omni version 0.20.1.dev158+ge949ccf08.d20260522.npu
 --> vLLM version 0.21.0
This will likely cause compatibility issues.
  warn_if_misaligned_vllm_version()
/home/lzg/vllm-omni/vllm_omni/version.py:55: RuntimeWarning: vLLM and vLLM-Omni appear to have mismatched major/minor versions:
 --> vLLM-Omni version 0.20.1.dev158+ge949ccf08.d20260522.npu
 --> vLLM version 0.21.0
This will likely cause compatibility issues.
  warn_if_misaligned_vllm_version()
[32mINFO[0m [90m05-23 10:42:55[0m [90m[__init__.py:44][0m Available plugins for group vllm.platform_plugins:
[32mINFO[0m [90m05-23 10:42:55[0m [90m[__init__.py:46][0m - ascend -> vllm_ascend:register
[32mINFO[0m [90m05-23 10:42:55[0m [90m[__init__.py:49][0m All plugins in this group will be loaded. Set `VLLM_PLUGINS` to control which plugins to load.
[32mINFO[0m [90m05-23 10:42:55[0m [90m[__init__.py:238][0m Platform plugin ascend is activated
[32mINFO[0m [90m05-23 10:42:55[0m [90m[__init__.py:44][0m Available plugins for group vllm.platform_plugins:
[32mINFO[0m [90m05-23 10:42:55[0m [90m[__init__.py:46][0m - ascend -> vllm_ascend:register
[32mINFO[0m [90m05-23 10:42:55[0m [90m[__init__.py:49][0m All plugins in this group will be loaded. Set `VLLM_PLUGINS` to control which plugins to load.
[32mINFO[0m [90m05-23 10:42:55[0m [90m[__init__.py:238][0m Platform plugin ascend is activated
[33mWARNING[0m [90m05-23 10:43:00[0m [90m[importing.py:54][0m Triton is installed, but `triton.backends` could not be imported. Disabling Triton.
[32mINFO[0m [90m05-23 10:43:00[0m [90m[importing.py:69][0m Triton not installed or not compatible; certain GPU-related functions will not be available.
[33mWARNING[0m [90m05-23 10:43:00[0m [90m[importing.py:54][0m Triton is installed, but `triton.backends` could not be imported. Disabling Triton.
[32mINFO[0m [90m05-23 10:43:00[0m [90m[importing.py:69][0m Triton not installed or not compatible; certain GPU-related functions will not be available.
/home/lzg/venvs/vllm-omni-matrix-021-asc72643e/lib/python3.11/site-packages/pydub/utils.py:170: RuntimeWarning: Couldn't find ffmpeg or avconv - defaulting to ffmpeg, but may not work
  warn("Couldn't find ffmpeg or avconv - defaulting to ffmpeg, but may not work", RuntimeWarning)
/home/lzg/venvs/vllm-omni-matrix-021-asc72643e/lib/python3.11/site-packages/pydub/utils.py:170: RuntimeWarning: Couldn't find ffmpeg or avconv - defaulting to ffmpeg, but may not work
  warn("Couldn't find ffmpeg or avconv - defaulting to ffmpeg, but may not work", RuntimeWarning)
[31mERROR[0m [90m05-23 10:43:02[0m [90m[config.py:29][0m Failed to import Triton kernels. Please make sure your triton version is compatible. Error: cannot import name 'Language' from 'triton.backends.compiler' (/home/lzg/venvs/vllm-omni-matrix-021-asc72643e/lib/python3.11/site-packages/triton/backends/compiler.py)
[31mERROR[0m [90m05-23 10:43:02[0m [90m[config.py:29][0m Failed to import Triton kernels. Please make sure your triton version is compatible. Error: cannot import name 'Language' from 'triton.backends.compiler' (/home/lzg/venvs/vllm-omni-matrix-021-asc72643e/lib/python3.11/site-packages/triton/backends/compiler.py)
[32mINFO[0m [90m05-23 10:43:05[0m [90m[diffusion_worker.py:680][0m Worker 0 created result MessageQueue
[32mINFO[0m [90m05-23 10:43:06[0m [90m[scheduler.py:239][0m Chunked prefill is enabled with max_num_batched_tokens=2048.
[32mINFO[0m [90m05-23 10:43:06[0m [90m[vllm.py:886][0m Asynchronous scheduling is enabled.
[32mINFO[0m [90m05-23 10:43:06[0m [90m[kernel.py:212][0m Final IR op priority after setting platform defaults: IrOpPriorityConfig(rms_norm=['native'], fused_add_rms_norm=['native'])
[32mINFO[0m [90m05-23 10:43:06[0m [90m[ascend_config.py:564][0m Dynamic EPLB is False
[32mINFO[0m [90m05-23 10:43:06[0m [90m[ascend_config.py:565][0m The number of redundant experts is 0
[33mWARNING[0m [90m05-23 10:43:06[0m [90m[platform.py:318][0m Model config is missing. This may indicate that we are running a test case
[32mINFO[0m [90m05-23 10:43:06[0m [90m[platform.py:393][0m PIECEWISE compilation enabled on NPU. use_inductor not supported - using only ACL Graph mode
[33mWARNING[0m [90m05-23 10:43:06[0m [90m[utils.py:533][0m Got empty model config. This typically occurs when an empty vllm_config is initialized (e.g., in unit tests), where config updates are intentionally skipped.
[32mINFO[0m [90m05-23 10:43:06[0m [90m[compilation.py:303][0m Enabled custom fusions: norm_quant, act_quant
[32mINFO[0m [90m05-23 10:43:06[0m [90m[diffusion_worker.py:236][0m Final IR op priority after setting vLLM-Omni overrides: IrOpPriorityConfig(rms_norm=['native'], fused_add_rms_norm=['native'])
[32mINFO[0m [90m05-23 10:43:07[0m [90m[scheduler.py:239][0m Chunked prefill is enabled with max_num_batched_tokens=2048.
[32mINFO[0m [90m05-23 10:43:07[0m [90m[vllm.py:886][0m Asynchronous scheduling is enabled.
[32mINFO[0m [90m05-23 10:43:07[0m [90m[kernel.py:212][0m Final IR op priority after setting platform defaults: IrOpPriorityConfig(rms_norm=['native'], fused_add_rms_norm=['native'])
[32mINFO[0m [90m05-23 10:43:07[0m [90m[ascend_config.py:564][0m Dynamic EPLB is False
[32mINFO[0m [90m05-23 10:43:07[0m [90m[ascend_config.py:565][0m The number of redundant experts is 0
[33mWARNING[0m [90m05-23 10:43:07[0m [90m[platform.py:318][0m Model config is missing. This may indicate that we are running a test case
[32mINFO[0m [90m05-23 10:43:07[0m [90m[platform.py:393][0m PIECEWISE compilation enabled on NPU. use_inductor not supported - using only ACL Graph mode
[33mWARNING[0m [90m05-23 10:43:07[0m [90m[utils.py:533][0m Got empty model config. This typically occurs when an empty vllm_config is initialized (e.g., in unit tests), where config updates are intentionally skipped.
[32mINFO[0m [90m05-23 10:43:07[0m [90m[compilation.py:303][0m Enabled custom fusions: norm_quant, act_quant
[32mINFO[0m [90m05-23 10:43:07[0m [90m[diffusion_worker.py:236][0m Final IR op priority after setting vLLM-Omni overrides: IrOpPriorityConfig(rms_norm=['native'], fused_add_rms_norm=['native'])
[Gloo] Rank 1 is connected to 1 peer ranks. Expected number of connected peer ranks is : 1
[Gloo] Rank 0 is connected to 1 peer ranks. Expected number of connected peer ranks is : 1
[32mINFO[0m [90m05-23 10:43:07[0m [90m[diffusion_worker.py:247][0m Worker 0: Initialized device and distributed environment.
[32mINFO[0m [90m05-23 10:43:07[0m [90m[diffusion_worker.py:247][0m Worker 1: Initialized device and distributed environment.
[Gloo] Rank 0 is connected to 0 peer ranks. Expected number of connected peer ranks is : 0
[Gloo] Rank 0 is connected to 0 peer ranks. Expected number of connected peer ranks is : 0
[Gloo] Rank 0 is connected to 0 peer ranks. Expected number of connected peer ranks is : 0
[Gloo] Rank 0 is connected to 0 peer ranks. Expected number of connected peer ranks is : 0
[Gloo] Rank 0 is connected to 0 peer ranks. Expected number of connected peer ranks is : 0
[32mINFO[0m [90m05-23 10:43:07[0m [90m[parallel_state.py:588][0m Building SP subgroups from explicit sp_group_ranks (sp_size=1, ulysses=1, ring=1, use_ulysses_low=True).
[Gloo] Rank 0 is connected to 0 peer ranks. Expected number of connected peer ranks is : 0
[32mINFO[0m [90m05-23 10:43:07[0m [90m[parallel_state.py:630][0m SP group details for rank 0: sp_group=[0], ulysses_group=[0], ring_group=[0]
[32mINFO[0m [90m05-23 10:43:07[0m [90m[parallel_state.py:588][0m Building SP subgroups from explicit sp_group_ranks (sp_size=1, ulysses=1, ring=1, use_ulysses_low=True).
[32mINFO[0m [90m05-23 10:43:07[0m [90m[parallel_state.py:630][0m SP group details for rank 1: sp_group=[1], ulysses_group=[1], ring_group=[1]
[Gloo] Rank 0 is connected to 0 peer ranks. Expected number of connected peer ranks is : 0
[Gloo] Rank 0 is connected to 0 peer ranks. Expected number of connected peer ranks is : 0
[Gloo] Rank 1 is connected to 1 peer ranks. Expected number of connected peer ranks is : 1
[Gloo] Rank 0 is connected to 1 peer ranks. Expected number of connected peer ranks is : 1
[Gloo] Rank 0 is connected to 0 peer ranks. Expected number of connected peer ranks is : 0
[Gloo] Rank 0 is connected to 0 peer ranks. Expected number of connected peer ranks is : 0
[32mINFO[0m [90m05-23 10:43:07[0m [90m[step_cost_profiler.py:55][0m [DiffusionStepCostProfiler] Writing step profile records to /home/lzg/vllm-omni/benchmark_outputs/e2e_slo_first/current/step_cost_raw.replica1.jsonl
/home/lzg/venvs/vllm-omni-matrix-021-asc72643e/lib/python3.11/site-packages/huggingface_hub/utils/_validators.py:205: UserWarning: The `local_dir_use_symlinks` argument is deprecated and ignored in `hf_hub_download`. Downloading to a local directory does not use symlinks anymore.
  warnings.warn(

Loading weights:   0%|          | 0/729 [00:00<?, ?it/s]
Loading weights:   4%|▍         | 30/729 [00:00<00:02, 271.06it/s]
Loading weights:  14%|█▎        | 100/729 [00:00<00:01, 446.25it/s]
Loading weights:  24%|██▎       | 172/729 [00:00<00:01, 532.45it/s]
Loading weights:  31%|███       | 226/729 [00:00<00:00, 531.49it/s]
Loading weights:  38%|███▊      | 280/729 [00:00<00:00, 496.99it/s]/home/lzg/venvs/vllm-omni-matrix-021-asc72643e/lib/python3.11/site-packages/huggingface_hub/utils/_validators.py:205: UserWarning: The `local_dir_use_symlinks` argument is deprecated and ignored in `hf_hub_download`. Downloading to a local directory does not use symlinks anymore.
  warnings.warn(

Loading weights:  45%|████▌     | 330/729 [00:00<00:01, 381.04it/s]
Loading weights:  88%|████████▊ | 641/729 [00:00<00:00, 1069.07it/s]
Loading weights: 100%|██████████| 729/729 [00:00<00:00, 800.00it/s]

Loading weights:   0%|          | 0/729 [00:00<?, ?it/s]
Loading weights:   7%|▋         | 52/729 [00:00<00:01, 498.13it/s]
Loading weights:  15%|█▌        | 112/729 [00:00<00:01, 547.79it/s]
Loading weights:  24%|██▎       | 172/729 [00:00<00:00, 569.18it/s]
Loading weights:  32%|███▏      | 232/729 [00:00<00:00, 562.56it/s]
Loading weights:  40%|███▉      | 289/729 [00:00<00:00, 507.57it/s]
Loading weights:  47%|████▋     | 341/729 [00:00<00:00, 472.28it/s]
Loading weights:  88%|████████▊ | 641/729 [00:00<00:00, 1205.39it/s]
Loading weights: 100%|██████████| 729/729 [00:00<00:00, 899.37it/s]
[32mINFO[0m [90m05-23 10:43:11[0m [90m[selector.py:87][0m Resolved diffusion attention backend 'SDPA' for role='self' via platform default

Multi-thread loading shards:   0% Completed | 0/9 [00:00<?, ?it/s]
[32mINFO[0m [90m05-23 10:43:12[0m [90m[selector.py:87][0m Resolved diffusion attention backend 'SDPA' for role='self' via platform default

Multi-thread loading shards:  11% Completed | 1/9 [00:00<00:05,  1.41it/s]

Multi-thread loading shards:  22% Completed | 2/9 [00:01<00:05,  1.27it/s]

Multi-thread loading shards:  33% Completed | 3/9 [00:02<00:05,  1.20it/s]

Multi-thread loading shards:  44% Completed | 4/9 [00:03<00:04,  1.19it/s]

Multi-thread loading shards:  56% Completed | 5/9 [00:04<00:03,  1.24it/s]

Multi-thread loading shards:  67% Completed | 6/9 [00:04<00:01,  1.55it/s]

Multi-thread loading shards:  78% Completed | 7/9 [00:04<00:01,  1.58it/s]

Multi-thread loading shards:  89% Completed | 8/9 [00:05<00:00,  1.50it/s]

Multi-thread loading shards: 100% Completed | 9/9 [00:06<00:00,  1.43it/s]

Multi-thread loading shards: 100% Completed | 9/9 [00:06<00:00,  1.39it/s]

[32mINFO[0m [90m05-23 10:43:18[0m [90m[diffusers_loader.py:375][0m Loading weights took 6.69 seconds
[32mINFO[0m [90m05-23 10:43:20[0m [90m[diffusion_model_runner.py:146][0m Model loading took 39.9617 GiB and 12.848061 seconds
[32mINFO[0m [90m05-23 10:43:20[0m [90m[diffusion_model_runner.py:151][0m Model runner: Model loaded successfully.
[33mWARNING[0m [90m05-23 10:43:20[0m [90m[diffusion_model_runner.py:172][0m Model runner: Platform npu does not support torch inductor, skipping torch.compile.
[32mINFO[0m [90m05-23 10:43:20[0m [90m[diffusion_model_runner.py:192][0m Model runner: Initialization complete.
[33mWARNING[0m [90m05-23 10:43:20[0m [90m[gpu_memory_utils.py:88][0m NVML init failed, will use profiling fallback: NVML Shared Library Not Found
[32mINFO[0m [90m05-23 10:43:21[0m [90m[manager.py:96][0m Initializing DiffusionLoRAManager: device=npu:0, dtype=torch.bfloat16, max_cached_adapters=1, static_lora_path=None
[32mINFO[0m [90m05-23 10:43:21[0m [90m[diffusion_worker.py:206][0m Worker 0: Initialization complete.
[32mINFO[0m [90m05-23 10:43:21[0m [90m[diffusion_worker.py:851][0m Worker 0: Scheduler loop started.
[32mINFO[0m [90m05-23 10:43:21[0m [90m[diffusion_worker.py:753][0m Worker 0 ready to receive requests via shared memory
[32mINFO[0m [90m05-23 10:43:21[0m [90m[diffusion_model_runner.py:146][0m Model loading took 39.9617 GiB and 14.343401 seconds
[32mINFO[0m [90m05-23 10:43:21[0m [90m[diffusion_model_runner.py:151][0m Model runner: Model loaded successfully.
[33mWARNING[0m [90m05-23 10:43:21[0m [90m[diffusion_model_runner.py:172][0m Model runner: Platform npu does not support torch inductor, skipping torch.compile.
[32mINFO[0m [90m05-23 10:43:21[0m [90m[diffusion_model_runner.py:192][0m Model runner: Initialization complete.
[33mWARNING[0m [90m05-23 10:43:22[0m [90m[gpu_memory_utils.py:88][0m NVML init failed, will use profiling fallback: NVML Shared Library Not Found
[32mINFO[0m [90m05-23 10:43:22[0m [90m[manager.py:96][0m Initializing DiffusionLoRAManager: device=npu:1, dtype=torch.bfloat16, max_cached_adapters=1, static_lora_path=None
[32mINFO[0m [90m05-23 10:43:22[0m [90m[diffusion_worker.py:206][0m Worker 1: Initialization complete.
[32mINFO[0m [90m05-23 10:43:22[0m [90m[diffusion_worker.py:851][0m Worker 1: Scheduler loop started.
[32mINFO[0m [90m05-23 10:43:22[0m [90m[diffusion_worker.py:753][0m Worker 1 ready to receive requests via shared memory
[32mINFO[0m [90m05-23 10:43:22[0m [90m[diffusion_engine.py:723][0m dummy run to warm up the model
/home/lzg/venvs/vllm-omni-matrix-021-asc72643e/lib/python3.11/site-packages/diffusers/schedulers/scheduling_flow_match_euler_discrete.py:279: RuntimeWarning: invalid value encountered in divide
  stretched_t = 1 - (one_minus_z / scale_factor)
/home/lzg/venvs/vllm-omni-matrix-021-asc72643e/lib/python3.11/site-packages/torch_npu/utils/storage.py:43: UserWarning: TypedStorage is deprecated. It will be removed in the future and UntypedStorage will be the only storage class. This should only matter to you if you are using storages directly.  To access UntypedStorage directly, use tensor.untyped_storage() instead of tensor.storage()
  if self.device.type != 'cpu':
[rank0]:[W523 10:43:23.431689078 compiler_depend.ts:18796] Warning: torch_npu.npu_layer_norm_eval is deprecated and will be removed in future version. Use torch.nn.functional.layer_norm or torch.optim.adam instead. (function operator())
/home/lzg/venvs/vllm-omni-matrix-021-asc72643e/lib/python3.11/site-packages/diffusers/schedulers/scheduling_flow_match_euler_discrete.py:279: RuntimeWarning: invalid value encountered in divide
  stretched_t = 1 - (one_minus_z / scale_factor)
[rank1]:[W523 10:43:23.534664712 compiler_depend.ts:18796] Warning: torch_npu.npu_layer_norm_eval is deprecated and will be removed in future version. Use torch.nn.functional.layer_norm or torch.optim.adam instead. (function operator())
/home/lzg/venvs/vllm-omni-matrix-021-asc72643e/lib/python3.11/site-packages/torch_npu/utils/collect_env.py:58: UserWarning: Warning: The /usr/local/Ascend/cann-8.5.1 owner does not match the current owner.
  warnings.warn(f"Warning: The {path} owner does not match the current owner.")
/home/lzg/venvs/vllm-omni-matrix-021-asc72643e/lib/python3.11/site-packages/torch_npu/utils/collect_env.py:58: UserWarning: Warning: The /usr/local/Ascend/cann-8.5.1/aarch64-linux/ascend_toolkit_install.info owner does not match the current owner.
  warnings.warn(f"Warning: The {path} owner does not match the current owner.")
/home/lzg/venvs/vllm-omni-matrix-021-asc72643e/lib/python3.11/site-packages/torch_npu/utils/collect_env.py:58: UserWarning: Warning: The /usr/local/Ascend/cann-8.5.1 owner does not match the current owner.
  warnings.warn(f"Warning: The {path} owner does not match the current owner.")
/home/lzg/venvs/vllm-omni-matrix-021-asc72643e/lib/python3.11/site-packages/torch_npu/utils/collect_env.py:58: UserWarning: Warning: The /usr/local/Ascend/cann-8.5.1/aarch64-linux/ascend_toolkit_install.info owner does not match the current owner.
  warnings.warn(f"Warning: The {path} owner does not match the current owner.")
/home/lzg/venvs/vllm-omni-matrix-021-asc72643e/lib/python3.11/site-packages/torch_npu/utils/collect_env.py:58: UserWarning: Warning: The /usr/local/Ascend/cann-8.5.1 owner does not match the current owner.
  warnings.warn(f"Warning: The {path} owner does not match the current owner.")
/home/lzg/venvs/vllm-omni-matrix-021-asc72643e/lib/python3.11/site-packages/torch_npu/utils/collect_env.py:58: UserWarning: Warning: The /usr/local/Ascend/cann-8.5.1/aarch64-linux/ascend_toolkit_install.info owner does not match the current owner.
  warnings.warn(f"Warning: The {path} owner does not match the current owner.")
/home/lzg/venvs/vllm-omni-matrix-021-asc72643e/lib/python3.11/site-packages/torch_npu/utils/collect_env.py:58: UserWarning: Warning: The /usr/local/Ascend/cann-8.5.1 owner does not match the current owner.
  warnings.warn(f"Warning: The {path} owner does not match the current owner.")
/home/lzg/venvs/vllm-omni-matrix-021-asc72643e/lib/python3.11/site-packages/torch_npu/utils/collect_env.py:58: UserWarning: Warning: The /usr/local/Ascend/cann-8.5.1/aarch64-linux/ascend_toolkit_install.info owner does not match the current owner.
  warnings.warn(f"Warning: The {path} owner does not match the current owner.")
/home/lzg/vllm-omni/vllm_omni/version.py:55: RuntimeWarning: vLLM and vLLM-Omni appear to have mismatched major/minor versions:
 --> vLLM-Omni version 0.20.1.dev158+ge949ccf08.d20260522.npu
 --> vLLM version 0.21.0
This will likely cause compatibility issues.
  warn_if_misaligned_vllm_version()
[32mINFO[0m [90m05-23 10:43:31[0m [90m[__init__.py:44][0m Available plugins for group vllm.platform_plugins:
[32mINFO[0m [90m05-23 10:43:31[0m [90m[__init__.py:46][0m - ascend -> vllm_ascend:register
[32mINFO[0m [90m05-23 10:43:31[0m [90m[__init__.py:49][0m All plugins in this group will be loaded. Set `VLLM_PLUGINS` to control which plugins to load.
[32mINFO[0m [90m05-23 10:43:31[0m [90m[__init__.py:238][0m Platform plugin ascend is activated
/home/lzg/vllm-omni/vllm_omni/version.py:55: RuntimeWarning: vLLM and vLLM-Omni appear to have mismatched major/minor versions:
 --> vLLM-Omni version 0.20.1.dev158+ge949ccf08.d20260522.npu
 --> vLLM version 0.21.0
This will likely cause compatibility issues.
  warn_if_misaligned_vllm_version()
[32mINFO[0m [90m05-23 10:43:31[0m [90m[__init__.py:44][0m Available plugins for group vllm.platform_plugins:
[32mINFO[0m [90m05-23 10:43:31[0m [90m[__init__.py:46][0m - ascend -> vllm_ascend:register
[32mINFO[0m [90m05-23 10:43:31[0m [90m[__init__.py:49][0m All plugins in this group will be loaded. Set `VLLM_PLUGINS` to control which plugins to load.
[32mINFO[0m [90m05-23 10:43:31[0m [90m[__init__.py:238][0m Platform plugin ascend is activated
[33mWARNING[0m [90m05-23 10:43:35[0m [90m[importing.py:54][0m Triton is installed, but `triton.backends` could not be imported. Disabling Triton.
[32mINFO[0m [90m05-23 10:43:35[0m [90m[importing.py:69][0m Triton not installed or not compatible; certain GPU-related functions will not be available.
[33mWARNING[0m [90m05-23 10:43:36[0m [90m[importing.py:54][0m Triton is installed, but `triton.backends` could not be imported. Disabling Triton.
[32mINFO[0m [90m05-23 10:43:36[0m [90m[importing.py:69][0m Triton not installed or not compatible; certain GPU-related functions will not be available.
/home/lzg/venvs/vllm-omni-matrix-021-asc72643e/lib/python3.11/site-packages/pydub/utils.py:170: RuntimeWarning: Couldn't find ffmpeg or avconv - defaulting to ffmpeg, but may not work
  warn("Couldn't find ffmpeg or avconv - defaulting to ffmpeg, but may not work", RuntimeWarning)
[31mERROR[0m [90m05-23 10:43:37[0m [90m[config.py:29][0m Failed to import Triton kernels. Please make sure your triton version is compatible. Error: cannot import name 'Language' from 'triton.backends.compiler' (/home/lzg/venvs/vllm-omni-matrix-021-asc72643e/lib/python3.11/site-packages/triton/backends/compiler.py)
/home/lzg/venvs/vllm-omni-matrix-021-asc72643e/lib/python3.11/site-packages/pydub/utils.py:170: RuntimeWarning: Couldn't find ffmpeg or avconv - defaulting to ffmpeg, but may not work
  warn("Couldn't find ffmpeg or avconv - defaulting to ffmpeg, but may not work", RuntimeWarning)
[31mERROR[0m [90m05-23 10:43:38[0m [90m[config.py:29][0m Failed to import Triton kernels. Please make sure your triton version is compatible. Error: cannot import name 'Language' from 'triton.backends.compiler' (/home/lzg/venvs/vllm-omni-matrix-021-asc72643e/lib/python3.11/site-packages/triton/backends/compiler.py)
[32mINFO[0m [90m05-23 10:43:48[0m [90m[stage_diffusion_proc.py:119][0m StageDiffusionProc initialized with model: Qwen/Qwen-Image
[0;36m(APIServer pid=1439463)[0;0m INFO 05-23 10:43:48 [async_omni_engine.py:1061] [AsyncOmniEngine] Stage 0 diffusion startup completed
[32mINFO[0m [90m05-23 10:43:48[0m [90m[stage_diffusion_proc.py:672][0m StageDiffusionProc registered with OmniCoordinator (stage_id=0 replica_id=1 coord=tcp://127.0.0.1:47627)
[0;36m(APIServer pid=1439463)[0;0m INFO 05-23 10:43:48 [stage_diffusion_client.py:158] [StageDiffusionClient] stage-0 [rep-1] initialized (owns_process=True, batch_size=1)
[0;36m(APIServer pid=1439463)[0;0m INFO 05-23 10:43:48 [async_omni_engine.py:1088] [AsyncOmniEngine] Stage 0 replica 1 initialized (diffusion, batch_size=1, devices=2,3)
[0;36m(APIServer pid=1439463)[0;0m INFO 05-23 10:43:48 [stage_utils.py:108] Stage 0 requested devices ['4', '5'] are already in the visible set ['0', '1', '2', '3', '4', '5', '6', '7']; using as-is (no remap).
[0;36m(APIServer pid=1439463)[0;0m INFO 05-23 10:43:48 [stage_init_utils.py:631] [stage_init] Stage-0 set runtime devices: 4,5
[0;36m(APIServer pid=1439463)[0;0m INFO 05-23 10:43:48 [stage_engine_startup.py:524] [OmniMasterServer] Stage 0 replica 2 cross-host bind (sockets bound on replica; replica_ip=127.0.0.1)
[0;36m(APIServer pid=1439463)[0;0m INFO 05-23 10:43:48 [stage_engine_startup.py:575] [OmniMasterServer] Stage 0 replica 2 registered (auto=False); handshake=tcp://127.0.0.1:43493
[0;36m(APIServer pid=1439463)[0;0m INFO 05-23 10:43:48 [stage_engine_startup.py:704] Stage 0 replica 2 registered; handshake_address=tcp://127.0.0.1:43493
[0;36m(APIServer pid=1439463)[0;0m INFO 05-23 10:43:48 [async_omni_engine.py:1041] [AsyncOmniEngine] Stage 0 diffusion registration completed
/home/lzg/venvs/vllm-omni-matrix-021-asc72643e/lib/python3.11/site-packages/torch_npu/utils/collect_env.py:58: UserWarning: Warning: The /usr/local/Ascend/cann-8.5.1 owner does not match the current owner.
  warnings.warn(f"Warning: The {path} owner does not match the current owner.")
/home/lzg/venvs/vllm-omni-matrix-021-asc72643e/lib/python3.11/site-packages/torch_npu/utils/collect_env.py:58: UserWarning: Warning: The /usr/local/Ascend/cann-8.5.1/aarch64-linux/ascend_toolkit_install.info owner does not match the current owner.
  warnings.warn(f"Warning: The {path} owner does not match the current owner.")
/home/lzg/venvs/vllm-omni-matrix-021-asc72643e/lib/python3.11/site-packages/torch_npu/utils/collect_env.py:58: UserWarning: Warning: The /usr/local/Ascend/cann-8.5.1 owner does not match the current owner.
  warnings.warn(f"Warning: The {path} owner does not match the current owner.")
/home/lzg/venvs/vllm-omni-matrix-021-asc72643e/lib/python3.11/site-packages/torch_npu/utils/collect_env.py:58: UserWarning: Warning: The /usr/local/Ascend/cann-8.5.1/aarch64-linux/ascend_toolkit_install.info owner does not match the current owner.
  warnings.warn(f"Warning: The {path} owner does not match the current owner.")
/home/lzg/vllm-omni/vllm_omni/version.py:55: RuntimeWarning: vLLM and vLLM-Omni appear to have mismatched major/minor versions:
 --> vLLM-Omni version 0.20.1.dev158+ge949ccf08.d20260522.npu
 --> vLLM version 0.21.0
This will likely cause compatibility issues.
  warn_if_misaligned_vllm_version()
[32mINFO[0m [90m05-23 10:43:54[0m [90m[__init__.py:44][0m Available plugins for group vllm.platform_plugins:
[32mINFO[0m [90m05-23 10:43:54[0m [90m[__init__.py:46][0m - ascend -> vllm_ascend:register
[32mINFO[0m [90m05-23 10:43:54[0m [90m[__init__.py:49][0m All plugins in this group will be loaded. Set `VLLM_PLUGINS` to control which plugins to load.
[32mINFO[0m [90m05-23 10:43:54[0m [90m[__init__.py:238][0m Platform plugin ascend is activated
[33mWARNING[0m [90m05-23 10:43:59[0m [90m[importing.py:54][0m Triton is installed, but `triton.backends` could not be imported. Disabling Triton.
[32mINFO[0m [90m05-23 10:43:59[0m [90m[importing.py:69][0m Triton not installed or not compatible; certain GPU-related functions will not be available.
/home/lzg/venvs/vllm-omni-matrix-021-asc72643e/lib/python3.11/site-packages/pydub/utils.py:170: RuntimeWarning: Couldn't find ffmpeg or avconv - defaulting to ffmpeg, but may not work
  warn("Couldn't find ffmpeg or avconv - defaulting to ffmpeg, but may not work", RuntimeWarning)
[31mERROR[0m [90m05-23 10:44:01[0m [90m[config.py:29][0m Failed to import Triton kernels. Please make sure your triton version is compatible. Error: cannot import name 'Language' from 'triton.backends.compiler' (/home/lzg/venvs/vllm-omni-matrix-021-asc72643e/lib/python3.11/site-packages/triton/backends/compiler.py)
[32mINFO[0m [90m05-23 10:44:04[0m [90m[weight_utils.py:50][0m Using model weights format ['*']
[32mINFO[0m [90m05-23 10:44:04[0m [90m[multiproc_executor.py:138][0m Starting server...
/home/lzg/venvs/vllm-omni-matrix-021-asc72643e/lib/python3.11/site-packages/torch_npu/utils/collect_env.py:58: UserWarning: Warning: The /usr/local/Ascend/cann-8.5.1 owner does not match the current owner.
  warnings.warn(f"Warning: The {path} owner does not match the current owner.")
/home/lzg/venvs/vllm-omni-matrix-021-asc72643e/lib/python3.11/site-packages/torch_npu/utils/collect_env.py:58: UserWarning: Warning: The /usr/local/Ascend/cann-8.5.1 owner does not match the current owner.
  warnings.warn(f"Warning: The {path} owner does not match the current owner.")
/home/lzg/venvs/vllm-omni-matrix-021-asc72643e/lib/python3.11/site-packages/torch_npu/utils/collect_env.py:58: UserWarning: Warning: The /usr/local/Ascend/cann-8.5.1/aarch64-linux/ascend_toolkit_install.info owner does not match the current owner.
  warnings.warn(f"Warning: The {path} owner does not match the current owner.")
/home/lzg/venvs/vllm-omni-matrix-021-asc72643e/lib/python3.11/site-packages/torch_npu/utils/collect_env.py:58: UserWarning: Warning: The /usr/local/Ascend/cann-8.5.1/aarch64-linux/ascend_toolkit_install.info owner does not match the current owner.
  warnings.warn(f"Warning: The {path} owner does not match the current owner.")
/home/lzg/venvs/vllm-omni-matrix-021-asc72643e/lib/python3.11/site-packages/torch_npu/utils/collect_env.py:58: UserWarning: Warning: The /usr/local/Ascend/cann-8.5.1 owner does not match the current owner.
  warnings.warn(f"Warning: The {path} owner does not match the current owner.")
/home/lzg/venvs/vllm-omni-matrix-021-asc72643e/lib/python3.11/site-packages/torch_npu/utils/collect_env.py:58: UserWarning: Warning: The /usr/local/Ascend/cann-8.5.1 owner does not match the current owner.
  warnings.warn(f"Warning: The {path} owner does not match the current owner.")
/home/lzg/venvs/vllm-omni-matrix-021-asc72643e/lib/python3.11/site-packages/torch_npu/utils/collect_env.py:58: UserWarning: Warning: The /usr/local/Ascend/cann-8.5.1/aarch64-linux/ascend_toolkit_install.info owner does not match the current owner.
  warnings.warn(f"Warning: The {path} owner does not match the current owner.")
/home/lzg/venvs/vllm-omni-matrix-021-asc72643e/lib/python3.11/site-packages/torch_npu/utils/collect_env.py:58: UserWarning: Warning: The /usr/local/Ascend/cann-8.5.1/aarch64-linux/ascend_toolkit_install.info owner does not match the current owner.
  warnings.warn(f"Warning: The {path} owner does not match the current owner.")
/home/lzg/vllm-omni/vllm_omni/version.py:55: RuntimeWarning: vLLM and vLLM-Omni appear to have mismatched major/minor versions:
 --> vLLM-Omni version 0.20.1.dev158+ge949ccf08.d20260522.npu
 --> vLLM version 0.21.0
This will likely cause compatibility issues.
  warn_if_misaligned_vllm_version()
/home/lzg/vllm-omni/vllm_omni/version.py:55: RuntimeWarning: vLLM and vLLM-Omni appear to have mismatched major/minor versions:
 --> vLLM-Omni version 0.20.1.dev158+ge949ccf08.d20260522.npu
 --> vLLM version 0.21.0
This will likely cause compatibility issues.
  warn_if_misaligned_vllm_version()
[32mINFO[0m [90m05-23 10:44:11[0m [90m[__init__.py:44][0m Available plugins for group vllm.platform_plugins:
[32mINFO[0m [90m05-23 10:44:11[0m [90m[__init__.py:46][0m - ascend -> vllm_ascend:register
[32mINFO[0m [90m05-23 10:44:11[0m [90m[__init__.py:49][0m All plugins in this group will be loaded. Set `VLLM_PLUGINS` to control which plugins to load.
[32mINFO[0m [90m05-23 10:44:11[0m [90m[__init__.py:44][0m Available plugins for group vllm.platform_plugins:
[32mINFO[0m [90m05-23 10:44:11[0m [90m[__init__.py:46][0m - ascend -> vllm_ascend:register
[32mINFO[0m [90m05-23 10:44:11[0m [90m[__init__.py:49][0m All plugins in this group will be loaded. Set `VLLM_PLUGINS` to control which plugins to load.
[32mINFO[0m [90m05-23 10:44:11[0m [90m[__init__.py:238][0m Platform plugin ascend is activated
[32mINFO[0m [90m05-23 10:44:11[0m [90m[__init__.py:238][0m Platform plugin ascend is activated
[33mWARNING[0m [90m05-23 10:44:15[0m [90m[importing.py:54][0m Triton is installed, but `triton.backends` could not be imported. Disabling Triton.
[32mINFO[0m [90m05-23 10:44:15[0m [90m[importing.py:69][0m Triton not installed or not compatible; certain GPU-related functions will not be available.
[33mWARNING[0m [90m05-23 10:44:15[0m [90m[importing.py:54][0m Triton is installed, but `triton.backends` could not be imported. Disabling Triton.
[32mINFO[0m [90m05-23 10:44:15[0m [90m[importing.py:69][0m Triton not installed or not compatible; certain GPU-related functions will not be available.
/home/lzg/venvs/vllm-omni-matrix-021-asc72643e/lib/python3.11/site-packages/pydub/utils.py:170: RuntimeWarning: Couldn't find ffmpeg or avconv - defaulting to ffmpeg, but may not work
  warn("Couldn't find ffmpeg or avconv - defaulting to ffmpeg, but may not work", RuntimeWarning)
/home/lzg/venvs/vllm-omni-matrix-021-asc72643e/lib/python3.11/site-packages/pydub/utils.py:170: RuntimeWarning: Couldn't find ffmpeg or avconv - defaulting to ffmpeg, but may not work
  warn("Couldn't find ffmpeg or avconv - defaulting to ffmpeg, but may not work", RuntimeWarning)
[31mERROR[0m [90m05-23 10:44:17[0m [90m[config.py:29][0m Failed to import Triton kernels. Please make sure your triton version is compatible. Error: cannot import name 'Language' from 'triton.backends.compiler' (/home/lzg/venvs/vllm-omni-matrix-021-asc72643e/lib/python3.11/site-packages/triton/backends/compiler.py)
[31mERROR[0m [90m05-23 10:44:17[0m [90m[config.py:29][0m Failed to import Triton kernels. Please make sure your triton version is compatible. Error: cannot import name 'Language' from 'triton.backends.compiler' (/home/lzg/venvs/vllm-omni-matrix-021-asc72643e/lib/python3.11/site-packages/triton/backends/compiler.py)
[32mINFO[0m [90m05-23 10:44:21[0m [90m[diffusion_worker.py:680][0m Worker 0 created result MessageQueue
[32mINFO[0m [90m05-23 10:44:22[0m [90m[scheduler.py:239][0m Chunked prefill is enabled with max_num_batched_tokens=2048.
[32mINFO[0m [90m05-23 10:44:22[0m [90m[vllm.py:886][0m Asynchronous scheduling is enabled.
[32mINFO[0m [90m05-23 10:44:22[0m [90m[kernel.py:212][0m Final IR op priority after setting platform defaults: IrOpPriorityConfig(rms_norm=['native'], fused_add_rms_norm=['native'])
[32mINFO[0m [90m05-23 10:44:22[0m [90m[ascend_config.py:564][0m Dynamic EPLB is False
[32mINFO[0m [90m05-23 10:44:22[0m [90m[ascend_config.py:565][0m The number of redundant experts is 0
[33mWARNING[0m [90m05-23 10:44:22[0m [90m[platform.py:318][0m Model config is missing. This may indicate that we are running a test case
[32mINFO[0m [90m05-23 10:44:22[0m [90m[platform.py:393][0m PIECEWISE compilation enabled on NPU. use_inductor not supported - using only ACL Graph mode
[33mWARNING[0m [90m05-23 10:44:22[0m [90m[utils.py:533][0m Got empty model config. This typically occurs when an empty vllm_config is initialized (e.g., in unit tests), where config updates are intentionally skipped.
[32mINFO[0m [90m05-23 10:44:22[0m [90m[compilation.py:303][0m Enabled custom fusions: norm_quant, act_quant
[32mINFO[0m [90m05-23 10:44:22[0m [90m[diffusion_worker.py:236][0m Final IR op priority after setting vLLM-Omni overrides: IrOpPriorityConfig(rms_norm=['native'], fused_add_rms_norm=['native'])
[32mINFO[0m [90m05-23 10:44:22[0m [90m[scheduler.py:239][0m Chunked prefill is enabled with max_num_batched_tokens=2048.
[32mINFO[0m [90m05-23 10:44:22[0m [90m[vllm.py:886][0m Asynchronous scheduling is enabled.
[32mINFO[0m [90m05-23 10:44:22[0m [90m[kernel.py:212][0m Final IR op priority after setting platform defaults: IrOpPriorityConfig(rms_norm=['native'], fused_add_rms_norm=['native'])
[32mINFO[0m [90m05-23 10:44:22[0m [90m[ascend_config.py:564][0m Dynamic EPLB is False
[32mINFO[0m [90m05-23 10:44:22[0m [90m[ascend_config.py:565][0m The number of redundant experts is 0
[33mWARNING[0m [90m05-23 10:44:22[0m [90m[platform.py:318][0m Model config is missing. This may indicate that we are running a test case
[32mINFO[0m [90m05-23 10:44:22[0m [90m[platform.py:393][0m PIECEWISE compilation enabled on NPU. use_inductor not supported - using only ACL Graph mode
[33mWARNING[0m [90m05-23 10:44:22[0m [90m[utils.py:533][0m Got empty model config. This typically occurs when an empty vllm_config is initialized (e.g., in unit tests), where config updates are intentionally skipped.
[32mINFO[0m [90m05-23 10:44:22[0m [90m[compilation.py:303][0m Enabled custom fusions: norm_quant, act_quant
[32mINFO[0m [90m05-23 10:44:22[0m [90m[diffusion_worker.py:236][0m Final IR op priority after setting vLLM-Omni overrides: IrOpPriorityConfig(rms_norm=['native'], fused_add_rms_norm=['native'])
[Gloo] Rank 0 is connected to 1 peer ranks. Expected number of connected peer ranks is : 1
[Gloo] Rank 1 is connected to 1 peer ranks. Expected number of connected peer ranks is : 1
[32mINFO[0m [90m05-23 10:44:22[0m [90m[diffusion_worker.py:247][0m Worker 1: Initialized device and distributed environment.
[32mINFO[0m [90m05-23 10:44:22[0m [90m[diffusion_worker.py:247][0m Worker 0: Initialized device and distributed environment.
[Gloo] Rank 0 is connected to 0 peer ranks. Expected number of connected peer ranks is : 0
[Gloo] Rank 0 is connected to 0 peer ranks. Expected number of connected peer ranks is : 0
[Gloo] Rank 0 is connected to 0 peer ranks. Expected number of connected peer ranks is : 0
[Gloo] Rank 0 is connected to 0 peer ranks. Expected number of connected peer ranks is : 0
[Gloo] Rank 0 is connected to 0 peer ranks. Expected number of connected peer ranks is : 0
[Gloo] Rank 0 is connected to 0 peer ranks. Expected number of connected peer ranks is : 0
[32mINFO[0m [90m05-23 10:44:22[0m [90m[parallel_state.py:588][0m Building SP subgroups from explicit sp_group_ranks (sp_size=1, ulysses=1, ring=1, use_ulysses_low=True).
[32mINFO[0m [90m05-23 10:44:22[0m [90m[parallel_state.py:630][0m SP group details for rank 1: sp_group=[1], ulysses_group=[1], ring_group=[1]
[32mINFO[0m [90m05-23 10:44:22[0m [90m[parallel_state.py:588][0m Building SP subgroups from explicit sp_group_ranks (sp_size=1, ulysses=1, ring=1, use_ulysses_low=True).
[32mINFO[0m [90m05-23 10:44:22[0m [90m[parallel_state.py:630][0m SP group details for rank 0: sp_group=[0], ulysses_group=[0], ring_group=[0]
[Gloo] Rank 0 is connected to 0 peer ranks. Expected number of connected peer ranks is : 0
[Gloo] Rank 0 is connected to 0 peer ranks. Expected number of connected peer ranks is : 0
[Gloo] Rank 0 is connected to 1 peer ranks. Expected number of connected peer ranks is : 1
[Gloo] Rank 1 is connected to 1 peer ranks. Expected number of connected peer ranks is : 1
[Gloo] Rank 0 is connected to 0 peer ranks. Expected number of connected peer ranks is : 0
[Gloo] Rank 0 is connected to 0 peer ranks. Expected number of connected peer ranks is : 0
[32mINFO[0m [90m05-23 10:44:22[0m [90m[step_cost_profiler.py:55][0m [DiffusionStepCostProfiler] Writing step profile records to /home/lzg/vllm-omni/benchmark_outputs/e2e_slo_first/current/step_cost_raw.replica2.jsonl
/home/lzg/venvs/vllm-omni-matrix-021-asc72643e/lib/python3.11/site-packages/huggingface_hub/utils/_validators.py:205: UserWarning: The `local_dir_use_symlinks` argument is deprecated and ignored in `hf_hub_download`. Downloading to a local directory does not use symlinks anymore.
  warnings.warn(
/home/lzg/venvs/vllm-omni-matrix-021-asc72643e/lib/python3.11/site-packages/huggingface_hub/utils/_validators.py:205: UserWarning: The `local_dir_use_symlinks` argument is deprecated and ignored in `hf_hub_download`. Downloading to a local directory does not use symlinks anymore.
  warnings.warn(

Loading weights:   0%|          | 0/729 [00:00<?, ?it/s]
Loading weights:   0%|          | 0/729 [00:00<?, ?it/s]
Loading weights:   0%|          | 2/729 [00:00<00:39, 18.29it/s]
Loading weights:   4%|▍         | 28/729 [00:00<00:02, 264.41it/s]
Loading weights:  10%|█         | 76/729 [00:00<00:01, 381.32it/s]
Loading weights:   9%|▉         | 65/729 [00:00<00:01, 334.58it/s]
Loading weights:  19%|█▊        | 136/729 [00:00<00:01, 476.64it/s]
Loading weights:  19%|█▊        | 136/729 [00:00<00:01, 478.52it/s]
Loading weights:  25%|██▌       | 185/729 [00:00<00:01, 473.12it/s]
Loading weights:  25%|██▌       | 185/729 [00:00<00:01, 479.98it/s]
Loading weights:  32%|███▏      | 233/729 [00:00<00:01, 437.02it/s]
Loading weights:  32%|███▏      | 233/729 [00:00<00:01, 436.50it/s]
Loading weights:  38%|███▊      | 278/729 [00:00<00:01, 439.02it/s]
Loading weights:  38%|███▊      | 280/729 [00:00<00:01, 419.42it/s]
Loading weights:  44%|████▍     | 323/729 [00:00<00:01, 346.40it/s]
Loading weights:  44%|████▍     | 323/729 [00:00<00:01, 341.88it/s]
Loading weights:  69%|██████▊   | 501/729 [00:00<00:00, 711.05it/s]
Loading weights:  69%|██████▊   | 501/729 [00:00<00:00, 705.40it/s]
Loading weights: 100%|██████████| 729/729 [00:01<00:00, 716.80it/s]

Loading weights: 100%|██████████| 729/729 [00:01<00:00, 693.00it/s]
[32mINFO[0m [90m05-23 10:44:26[0m [90m[selector.py:87][0m Resolved diffusion attention backend 'SDPA' for role='self' via platform default
[32mINFO[0m [90m05-23 10:44:26[0m [90m[selector.py:87][0m Resolved diffusion attention backend 'SDPA' for role='self' via platform default

Multi-thread loading shards:   0% Completed | 0/9 [00:00<?, ?it/s]

Multi-thread loading shards:  11% Completed | 1/9 [00:00<00:05,  1.39it/s]

Multi-thread loading shards:  22% Completed | 2/9 [00:01<00:05,  1.27it/s]

Multi-thread loading shards:  33% Completed | 3/9 [00:02<00:04,  1.21it/s]

Multi-thread loading shards:  44% Completed | 4/9 [00:03<00:04,  1.21it/s]

Multi-thread loading shards:  56% Completed | 5/9 [00:04<00:03,  1.21it/s]

Multi-thread loading shards:  67% Completed | 6/9 [00:04<00:02,  1.26it/s]

Multi-thread loading shards:  78% Completed | 7/9 [00:05<00:01,  1.25it/s]

Multi-thread loading shards:  89% Completed | 8/9 [00:06<00:00,  1.22it/s]

Multi-thread loading shards: 100% Completed | 9/9 [00:06<00:00,  1.45it/s]

Multi-thread loading shards: 100% Completed | 9/9 [00:06<00:00,  1.31it/s]

[32mINFO[0m [90m05-23 10:44:34[0m [90m[diffusers_loader.py:375][0m Loading weights took 6.96 seconds
[32mINFO[0m [90m05-23 10:44:35[0m [90m[diffusion_model_runner.py:146][0m Model loading took 39.9617 GiB and 12.621223 seconds
[32mINFO[0m [90m05-23 10:44:35[0m [90m[diffusion_model_runner.py:151][0m Model runner: Model loaded successfully.
[33mWARNING[0m [90m05-23 10:44:35[0m [90m[diffusion_model_runner.py:172][0m Model runner: Platform npu does not support torch inductor, skipping torch.compile.
[32mINFO[0m [90m05-23 10:44:35[0m [90m[diffusion_model_runner.py:192][0m Model runner: Initialization complete.
[33mWARNING[0m [90m05-23 10:44:36[0m [90m[gpu_memory_utils.py:88][0m NVML init failed, will use profiling fallback: NVML Shared Library Not Found
[32mINFO[0m [90m05-23 10:44:36[0m [90m[manager.py:96][0m Initializing DiffusionLoRAManager: device=npu:0, dtype=torch.bfloat16, max_cached_adapters=1, static_lora_path=None
[32mINFO[0m [90m05-23 10:44:36[0m [90m[diffusion_worker.py:206][0m Worker 0: Initialization complete.
[32mINFO[0m [90m05-23 10:44:36[0m [90m[diffusion_worker.py:851][0m Worker 0: Scheduler loop started.
[32mINFO[0m [90m05-23 10:44:36[0m [90m[diffusion_worker.py:753][0m Worker 0 ready to receive requests via shared memory
[32mINFO[0m [90m05-23 10:44:36[0m [90m[diffusion_model_runner.py:146][0m Model loading took 39.9617 GiB and 13.300368 seconds
[32mINFO[0m [90m05-23 10:44:36[0m [90m[diffusion_model_runner.py:151][0m Model runner: Model loaded successfully.
[33mWARNING[0m [90m05-23 10:44:36[0m [90m[diffusion_model_runner.py:172][0m Model runner: Platform npu does not support torch inductor, skipping torch.compile.
[32mINFO[0m [90m05-23 10:44:36[0m [90m[diffusion_model_runner.py:192][0m Model runner: Initialization complete.
[33mWARNING[0m [90m05-23 10:44:36[0m [90m[gpu_memory_utils.py:88][0m NVML init failed, will use profiling fallback: NVML Shared Library Not Found
[32mINFO[0m [90m05-23 10:44:36[0m [90m[manager.py:96][0m Initializing DiffusionLoRAManager: device=npu:1, dtype=torch.bfloat16, max_cached_adapters=1, static_lora_path=None
[32mINFO[0m [90m05-23 10:44:36[0m [90m[diffusion_worker.py:206][0m Worker 1: Initialization complete.
[32mINFO[0m [90m05-23 10:44:36[0m [90m[diffusion_worker.py:851][0m Worker 1: Scheduler loop started.
[32mINFO[0m [90m05-23 10:44:36[0m [90m[diffusion_worker.py:753][0m Worker 1 ready to receive requests via shared memory
[32mINFO[0m [90m05-23 10:44:36[0m [90m[diffusion_engine.py:723][0m dummy run to warm up the model
/home/lzg/venvs/vllm-omni-matrix-021-asc72643e/lib/python3.11/site-packages/diffusers/schedulers/scheduling_flow_match_euler_discrete.py:279: RuntimeWarning: invalid value encountered in divide
  stretched_t = 1 - (one_minus_z / scale_factor)
/home/lzg/venvs/vllm-omni-matrix-021-asc72643e/lib/python3.11/site-packages/torch_npu/utils/storage.py:43: UserWarning: TypedStorage is deprecated. It will be removed in the future and UntypedStorage will be the only storage class. This should only matter to you if you are using storages directly.  To access UntypedStorage directly, use tensor.untyped_storage() instead of tensor.storage()
  if self.device.type != 'cpu':
/home/lzg/venvs/vllm-omni-matrix-021-asc72643e/lib/python3.11/site-packages/diffusers/schedulers/scheduling_flow_match_euler_discrete.py:279: RuntimeWarning: invalid value encountered in divide
  stretched_t = 1 - (one_minus_z / scale_factor)
[rank0]:[W523 10:44:37.629762395 compiler_depend.ts:18796] Warning: torch_npu.npu_layer_norm_eval is deprecated and will be removed in future version. Use torch.nn.functional.layer_norm or torch.optim.adam instead. (function operator())
[rank1]:[W523 10:44:37.688323057 compiler_depend.ts:18796] Warning: torch_npu.npu_layer_norm_eval is deprecated and will be removed in future version. Use torch.nn.functional.layer_norm or torch.optim.adam instead. (function operator())
/home/lzg/venvs/vllm-omni-matrix-021-asc72643e/lib/python3.11/site-packages/torch_npu/utils/collect_env.py:58: UserWarning: Warning: The /usr/local/Ascend/cann-8.5.1 owner does not match the current owner.
  warnings.warn(f"Warning: The {path} owner does not match the current owner.")
/home/lzg/venvs/vllm-omni-matrix-021-asc72643e/lib/python3.11/site-packages/torch_npu/utils/collect_env.py:58: UserWarning: Warning: The /usr/local/Ascend/cann-8.5.1/aarch64-linux/ascend_toolkit_install.info owner does not match the current owner.
  warnings.warn(f"Warning: The {path} owner does not match the current owner.")
/home/lzg/venvs/vllm-omni-matrix-021-asc72643e/lib/python3.11/site-packages/torch_npu/utils/collect_env.py:58: UserWarning: Warning: The /usr/local/Ascend/cann-8.5.1 owner does not match the current owner.
  warnings.warn(f"Warning: The {path} owner does not match the current owner.")
/home/lzg/venvs/vllm-omni-matrix-021-asc72643e/lib/python3.11/site-packages/torch_npu/utils/collect_env.py:58: UserWarning: Warning: The /usr/local/Ascend/cann-8.5.1/aarch64-linux/ascend_toolkit_install.info owner does not match the current owner.
  warnings.warn(f"Warning: The {path} owner does not match the current owner.")
/home/lzg/venvs/vllm-omni-matrix-021-asc72643e/lib/python3.11/site-packages/torch_npu/utils/collect_env.py:58: UserWarning: Warning: The /usr/local/Ascend/cann-8.5.1 owner does not match the current owner.
  warnings.warn(f"Warning: The {path} owner does not match the current owner.")
/home/lzg/venvs/vllm-omni-matrix-021-asc72643e/lib/python3.11/site-packages/torch_npu/utils/collect_env.py:58: UserWarning: Warning: The /usr/local/Ascend/cann-8.5.1 owner does not match the current owner.
  warnings.warn(f"Warning: The {path} owner does not match the current owner.")
/home/lzg/venvs/vllm-omni-matrix-021-asc72643e/lib/python3.11/site-packages/torch_npu/utils/collect_env.py:58: UserWarning: Warning: The /usr/local/Ascend/cann-8.5.1/aarch64-linux/ascend_toolkit_install.info owner does not match the current owner.
  warnings.warn(f"Warning: The {path} owner does not match the current owner.")
/home/lzg/venvs/vllm-omni-matrix-021-asc72643e/lib/python3.11/site-packages/torch_npu/utils/collect_env.py:58: UserWarning: Warning: The /usr/local/Ascend/cann-8.5.1/aarch64-linux/ascend_toolkit_install.info owner does not match the current owner.
  warnings.warn(f"Warning: The {path} owner does not match the current owner.")
/home/lzg/vllm-omni/vllm_omni/version.py:55: RuntimeWarning: vLLM and vLLM-Omni appear to have mismatched major/minor versions:
 --> vLLM-Omni version 0.20.1.dev158+ge949ccf08.d20260522.npu
 --> vLLM version 0.21.0
This will likely cause compatibility issues.
  warn_if_misaligned_vllm_version()
/home/lzg/vllm-omni/vllm_omni/version.py:55: RuntimeWarning: vLLM and vLLM-Omni appear to have mismatched major/minor versions:
 --> vLLM-Omni version 0.20.1.dev158+ge949ccf08.d20260522.npu
 --> vLLM version 0.21.0
This will likely cause compatibility issues.
  warn_if_misaligned_vllm_version()
[32mINFO[0m [90m05-23 10:44:45[0m [90m[__init__.py:44][0m Available plugins for group vllm.platform_plugins:
[32mINFO[0m [90m05-23 10:44:45[0m [90m[__init__.py:46][0m - ascend -> vllm_ascend:register
[32mINFO[0m [90m05-23 10:44:45[0m [90m[__init__.py:49][0m All plugins in this group will be loaded. Set `VLLM_PLUGINS` to control which plugins to load.
[32mINFO[0m [90m05-23 10:44:45[0m [90m[__init__.py:238][0m Platform plugin ascend is activated
[32mINFO[0m [90m05-23 10:44:45[0m [90m[__init__.py:44][0m Available plugins for group vllm.platform_plugins:
[32mINFO[0m [90m05-23 10:44:45[0m [90m[__init__.py:46][0m - ascend -> vllm_ascend:register
[32mINFO[0m [90m05-23 10:44:45[0m [90m[__init__.py:49][0m All plugins in this group will be loaded. Set `VLLM_PLUGINS` to control which plugins to load.
[32mINFO[0m [90m05-23 10:44:45[0m [90m[__init__.py:238][0m Platform plugin ascend is activated
[33mWARNING[0m [90m05-23 10:44:49[0m [90m[importing.py:54][0m Triton is installed, but `triton.backends` could not be imported. Disabling Triton.
[32mINFO[0m [90m05-23 10:44:49[0m [90m[importing.py:69][0m Triton not installed or not compatible; certain GPU-related functions will not be available.
[33mWARNING[0m [90m05-23 10:44:49[0m [90m[importing.py:54][0m Triton is installed, but `triton.backends` could not be imported. Disabling Triton.
[32mINFO[0m [90m05-23 10:44:49[0m [90m[importing.py:69][0m Triton not installed or not compatible; certain GPU-related functions will not be available.
/home/lzg/venvs/vllm-omni-matrix-021-asc72643e/lib/python3.11/site-packages/pydub/utils.py:170: RuntimeWarning: Couldn't find ffmpeg or avconv - defaulting to ffmpeg, but may not work
  warn("Couldn't find ffmpeg or avconv - defaulting to ffmpeg, but may not work", RuntimeWarning)
[31mERROR[0m [90m05-23 10:44:52[0m [90m[config.py:29][0m Failed to import Triton kernels. Please make sure your triton version is compatible. Error: cannot import name 'Language' from 'triton.backends.compiler' (/home/lzg/venvs/vllm-omni-matrix-021-asc72643e/lib/python3.11/site-packages/triton/backends/compiler.py)
/home/lzg/venvs/vllm-omni-matrix-021-asc72643e/lib/python3.11/site-packages/pydub/utils.py:170: RuntimeWarning: Couldn't find ffmpeg or avconv - defaulting to ffmpeg, but may not work
  warn("Couldn't find ffmpeg or avconv - defaulting to ffmpeg, but may not work", RuntimeWarning)
[31mERROR[0m [90m05-23 10:44:52[0m [90m[config.py:29][0m Failed to import Triton kernels. Please make sure your triton version is compatible. Error: cannot import name 'Language' from 'triton.backends.compiler' (/home/lzg/venvs/vllm-omni-matrix-021-asc72643e/lib/python3.11/site-packages/triton/backends/compiler.py)
[32mINFO[0m [90m05-23 10:45:03[0m [90m[stage_diffusion_proc.py:119][0m StageDiffusionProc initialized with model: Qwen/Qwen-Image
[0;36m(APIServer pid=1439463)[0;0m INFO 05-23 10:45:03 [async_omni_engine.py:1061] [AsyncOmniEngine] Stage 0 diffusion startup completed
[32mINFO[0m [90m05-23 10:45:03[0m [90m[stage_diffusion_proc.py:672][0m StageDiffusionProc registered with OmniCoordinator (stage_id=0 replica_id=2 coord=tcp://127.0.0.1:47627)
[0;36m(APIServer pid=1439463)[0;0m INFO 05-23 10:45:03 [stage_diffusion_client.py:158] [StageDiffusionClient] stage-0 [rep-2] initialized (owns_process=True, batch_size=1)
[0;36m(APIServer pid=1439463)[0;0m INFO 05-23 10:45:03 [async_omni_engine.py:1088] [AsyncOmniEngine] Stage 0 replica 2 initialized (diffusion, batch_size=1, devices=4,5)
[0;36m(APIServer pid=1439463)[0;0m INFO 05-23 10:45:03 [stage_utils.py:108] Stage 0 requested devices ['6', '7'] are already in the visible set ['0', '1', '2', '3', '4', '5', '6', '7']; using as-is (no remap).
[0;36m(APIServer pid=1439463)[0;0m INFO 05-23 10:45:03 [stage_init_utils.py:631] [stage_init] Stage-0 set runtime devices: 6,7
[0;36m(APIServer pid=1439463)[0;0m INFO 05-23 10:45:03 [stage_engine_startup.py:524] [OmniMasterServer] Stage 0 replica 3 cross-host bind (sockets bound on replica; replica_ip=127.0.0.1)
[0;36m(APIServer pid=1439463)[0;0m INFO 05-23 10:45:03 [stage_engine_startup.py:575] [OmniMasterServer] Stage 0 replica 3 registered (auto=False); handshake=tcp://127.0.0.1:56261
[0;36m(APIServer pid=1439463)[0;0m INFO 05-23 10:45:03 [stage_engine_startup.py:704] Stage 0 replica 3 registered; handshake_address=tcp://127.0.0.1:56261
[0;36m(APIServer pid=1439463)[0;0m INFO 05-23 10:45:03 [async_omni_engine.py:1041] [AsyncOmniEngine] Stage 0 diffusion registration completed
/home/lzg/venvs/vllm-omni-matrix-021-asc72643e/lib/python3.11/site-packages/torch_npu/utils/collect_env.py:58: UserWarning: Warning: The /usr/local/Ascend/cann-8.5.1 owner does not match the current owner.
  warnings.warn(f"Warning: The {path} owner does not match the current owner.")
/home/lzg/venvs/vllm-omni-matrix-021-asc72643e/lib/python3.11/site-packages/torch_npu/utils/collect_env.py:58: UserWarning: Warning: The /usr/local/Ascend/cann-8.5.1/aarch64-linux/ascend_toolkit_install.info owner does not match the current owner.
  warnings.warn(f"Warning: The {path} owner does not match the current owner.")
/home/lzg/venvs/vllm-omni-matrix-021-asc72643e/lib/python3.11/site-packages/torch_npu/utils/collect_env.py:58: UserWarning: Warning: The /usr/local/Ascend/cann-8.5.1 owner does not match the current owner.
  warnings.warn(f"Warning: The {path} owner does not match the current owner.")
/home/lzg/venvs/vllm-omni-matrix-021-asc72643e/lib/python3.11/site-packages/torch_npu/utils/collect_env.py:58: UserWarning: Warning: The /usr/local/Ascend/cann-8.5.1/aarch64-linux/ascend_toolkit_install.info owner does not match the current owner.
  warnings.warn(f"Warning: The {path} owner does not match the current owner.")
/home/lzg/vllm-omni/vllm_omni/version.py:55: RuntimeWarning: vLLM and vLLM-Omni appear to have mismatched major/minor versions:
 --> vLLM-Omni version 0.20.1.dev158+ge949ccf08.d20260522.npu
 --> vLLM version 0.21.0
This will likely cause compatibility issues.
  warn_if_misaligned_vllm_version()
[32mINFO[0m [90m05-23 10:45:09[0m [90m[__init__.py:44][0m Available plugins for group vllm.platform_plugins:
[32mINFO[0m [90m05-23 10:45:09[0m [90m[__init__.py:46][0m - ascend -> vllm_ascend:register
[32mINFO[0m [90m05-23 10:45:09[0m [90m[__init__.py:49][0m All plugins in this group will be loaded. Set `VLLM_PLUGINS` to control which plugins to load.
[32mINFO[0m [90m05-23 10:45:09[0m [90m[__init__.py:238][0m Platform plugin ascend is activated
[33mWARNING[0m [90m05-23 10:45:13[0m [90m[importing.py:54][0m Triton is installed, but `triton.backends` could not be imported. Disabling Triton.
[32mINFO[0m [90m05-23 10:45:13[0m [90m[importing.py:69][0m Triton not installed or not compatible; certain GPU-related functions will not be available.
/home/lzg/venvs/vllm-omni-matrix-021-asc72643e/lib/python3.11/site-packages/pydub/utils.py:170: RuntimeWarning: Couldn't find ffmpeg or avconv - defaulting to ffmpeg, but may not work
  warn("Couldn't find ffmpeg or avconv - defaulting to ffmpeg, but may not work", RuntimeWarning)
[31mERROR[0m [90m05-23 10:45:15[0m [90m[config.py:29][0m Failed to import Triton kernels. Please make sure your triton version is compatible. Error: cannot import name 'Language' from 'triton.backends.compiler' (/home/lzg/venvs/vllm-omni-matrix-021-asc72643e/lib/python3.11/site-packages/triton/backends/compiler.py)
[32mINFO[0m [90m05-23 10:45:18[0m [90m[weight_utils.py:50][0m Using model weights format ['*']
[32mINFO[0m [90m05-23 10:45:18[0m [90m[multiproc_executor.py:138][0m Starting server...
/home/lzg/venvs/vllm-omni-matrix-021-asc72643e/lib/python3.11/site-packages/torch_npu/utils/collect_env.py:58: UserWarning: Warning: The /usr/local/Ascend/cann-8.5.1 owner does not match the current owner.
  warnings.warn(f"Warning: The {path} owner does not match the current owner.")
/home/lzg/venvs/vllm-omni-matrix-021-asc72643e/lib/python3.11/site-packages/torch_npu/utils/collect_env.py:58: UserWarning: Warning: The /usr/local/Ascend/cann-8.5.1 owner does not match the current owner.
  warnings.warn(f"Warning: The {path} owner does not match the current owner.")
/home/lzg/venvs/vllm-omni-matrix-021-asc72643e/lib/python3.11/site-packages/torch_npu/utils/collect_env.py:58: UserWarning: Warning: The /usr/local/Ascend/cann-8.5.1/aarch64-linux/ascend_toolkit_install.info owner does not match the current owner.
  warnings.warn(f"Warning: The {path} owner does not match the current owner.")
/home/lzg/venvs/vllm-omni-matrix-021-asc72643e/lib/python3.11/site-packages/torch_npu/utils/collect_env.py:58: UserWarning: Warning: The /usr/local/Ascend/cann-8.5.1/aarch64-linux/ascend_toolkit_install.info owner does not match the current owner.
  warnings.warn(f"Warning: The {path} owner does not match the current owner.")
/home/lzg/venvs/vllm-omni-matrix-021-asc72643e/lib/python3.11/site-packages/torch_npu/utils/collect_env.py:58: UserWarning: Warning: The /usr/local/Ascend/cann-8.5.1 owner does not match the current owner.
  warnings.warn(f"Warning: The {path} owner does not match the current owner.")
/home/lzg/venvs/vllm-omni-matrix-021-asc72643e/lib/python3.11/site-packages/torch_npu/utils/collect_env.py:58: UserWarning: Warning: The /usr/local/Ascend/cann-8.5.1 owner does not match the current owner.
  warnings.warn(f"Warning: The {path} owner does not match the current owner.")
/home/lzg/venvs/vllm-omni-matrix-021-asc72643e/lib/python3.11/site-packages/torch_npu/utils/collect_env.py:58: UserWarning: Warning: The /usr/local/Ascend/cann-8.5.1/aarch64-linux/ascend_toolkit_install.info owner does not match the current owner.
  warnings.warn(f"Warning: The {path} owner does not match the current owner.")
/home/lzg/venvs/vllm-omni-matrix-021-asc72643e/lib/python3.11/site-packages/torch_npu/utils/collect_env.py:58: UserWarning: Warning: The /usr/local/Ascend/cann-8.5.1/aarch64-linux/ascend_toolkit_install.info owner does not match the current owner.
  warnings.warn(f"Warning: The {path} owner does not match the current owner.")
/home/lzg/vllm-omni/vllm_omni/version.py:55: RuntimeWarning: vLLM and vLLM-Omni appear to have mismatched major/minor versions:
 --> vLLM-Omni version 0.20.1.dev158+ge949ccf08.d20260522.npu
 --> vLLM version 0.21.0
This will likely cause compatibility issues.
  warn_if_misaligned_vllm_version()
/home/lzg/vllm-omni/vllm_omni/version.py:55: RuntimeWarning: vLLM and vLLM-Omni appear to have mismatched major/minor versions:
 --> vLLM-Omni version 0.20.1.dev158+ge949ccf08.d20260522.npu
 --> vLLM version 0.21.0
This will likely cause compatibility issues.
  warn_if_misaligned_vllm_version()
[32mINFO[0m [90m05-23 10:45:25[0m [90m[__init__.py:44][0m Available plugins for group vllm.platform_plugins:
[32mINFO[0m [90m05-23 10:45:25[0m [90m[__init__.py:46][0m - ascend -> vllm_ascend:register
[32mINFO[0m [90m05-23 10:45:25[0m [90m[__init__.py:49][0m All plugins in this group will be loaded. Set `VLLM_PLUGINS` to control which plugins to load.
[32mINFO[0m [90m05-23 10:45:25[0m [90m[__init__.py:238][0m Platform plugin ascend is activated
[32mINFO[0m [90m05-23 10:45:25[0m [90m[__init__.py:44][0m Available plugins for group vllm.platform_plugins:
[32mINFO[0m [90m05-23 10:45:25[0m [90m[__init__.py:46][0m - ascend -> vllm_ascend:register
[32mINFO[0m [90m05-23 10:45:25[0m [90m[__init__.py:49][0m All plugins in this group will be loaded. Set `VLLM_PLUGINS` to control which plugins to load.
[32mINFO[0m [90m05-23 10:45:25[0m [90m[__init__.py:238][0m Platform plugin ascend is activated
[33mWARNING[0m [90m05-23 10:45:29[0m [90m[importing.py:54][0m Triton is installed, but `triton.backends` could not be imported. Disabling Triton.
[32mINFO[0m [90m05-23 10:45:29[0m [90m[importing.py:69][0m Triton not installed or not compatible; certain GPU-related functions will not be available.
[33mWARNING[0m [90m05-23 10:45:29[0m [90m[importing.py:54][0m Triton is installed, but `triton.backends` could not be imported. Disabling Triton.
[32mINFO[0m [90m05-23 10:45:29[0m [90m[importing.py:69][0m Triton not installed or not compatible; certain GPU-related functions will not be available.
/home/lzg/venvs/vllm-omni-matrix-021-asc72643e/lib/python3.11/site-packages/pydub/utils.py:170: RuntimeWarning: Couldn't find ffmpeg or avconv - defaulting to ffmpeg, but may not work
  warn("Couldn't find ffmpeg or avconv - defaulting to ffmpeg, but may not work", RuntimeWarning)
[31mERROR[0m [90m05-23 10:45:31[0m [90m[config.py:29][0m Failed to import Triton kernels. Please make sure your triton version is compatible. Error: cannot import name 'Language' from 'triton.backends.compiler' (/home/lzg/venvs/vllm-omni-matrix-021-asc72643e/lib/python3.11/site-packages/triton/backends/compiler.py)
/home/lzg/venvs/vllm-omni-matrix-021-asc72643e/lib/python3.11/site-packages/pydub/utils.py:170: RuntimeWarning: Couldn't find ffmpeg or avconv - defaulting to ffmpeg, but may not work
  warn("Couldn't find ffmpeg or avconv - defaulting to ffmpeg, but may not work", RuntimeWarning)
[31mERROR[0m [90m05-23 10:45:31[0m [90m[config.py:29][0m Failed to import Triton kernels. Please make sure your triton version is compatible. Error: cannot import name 'Language' from 'triton.backends.compiler' (/home/lzg/venvs/vllm-omni-matrix-021-asc72643e/lib/python3.11/site-packages/triton/backends/compiler.py)
[32mINFO[0m [90m05-23 10:45:34[0m [90m[diffusion_worker.py:680][0m Worker 0 created result MessageQueue
[32mINFO[0m [90m05-23 10:45:35[0m [90m[scheduler.py:239][0m Chunked prefill is enabled with max_num_batched_tokens=2048.
[32mINFO[0m [90m05-23 10:45:35[0m [90m[vllm.py:886][0m Asynchronous scheduling is enabled.
[32mINFO[0m [90m05-23 10:45:35[0m [90m[kernel.py:212][0m Final IR op priority after setting platform defaults: IrOpPriorityConfig(rms_norm=['native'], fused_add_rms_norm=['native'])
[32mINFO[0m [90m05-23 10:45:35[0m [90m[ascend_config.py:564][0m Dynamic EPLB is False
[32mINFO[0m [90m05-23 10:45:35[0m [90m[ascend_config.py:565][0m The number of redundant experts is 0
[33mWARNING[0m [90m05-23 10:45:35[0m [90m[platform.py:318][0m Model config is missing. This may indicate that we are running a test case
[32mINFO[0m [90m05-23 10:45:35[0m [90m[platform.py:393][0m PIECEWISE compilation enabled on NPU. use_inductor not supported - using only ACL Graph mode
[33mWARNING[0m [90m05-23 10:45:35[0m [90m[utils.py:533][0m Got empty model config. This typically occurs when an empty vllm_config is initialized (e.g., in unit tests), where config updates are intentionally skipped.
[32mINFO[0m [90m05-23 10:45:35[0m [90m[compilation.py:303][0m Enabled custom fusions: norm_quant, act_quant
[32mINFO[0m [90m05-23 10:45:35[0m [90m[diffusion_worker.py:236][0m Final IR op priority after setting vLLM-Omni overrides: IrOpPriorityConfig(rms_norm=['native'], fused_add_rms_norm=['native'])
[32mINFO[0m [90m05-23 10:45:36[0m [90m[scheduler.py:239][0m Chunked prefill is enabled with max_num_batched_tokens=2048.
[32mINFO[0m [90m05-23 10:45:36[0m [90m[vllm.py:886][0m Asynchronous scheduling is enabled.
[32mINFO[0m [90m05-23 10:45:36[0m [90m[kernel.py:212][0m Final IR op priority after setting platform defaults: IrOpPriorityConfig(rms_norm=['native'], fused_add_rms_norm=['native'])
[32mINFO[0m [90m05-23 10:45:36[0m [90m[ascend_config.py:564][0m Dynamic EPLB is False
[32mINFO[0m [90m05-23 10:45:36[0m [90m[ascend_config.py:565][0m The number of redundant experts is 0
[33mWARNING[0m [90m05-23 10:45:36[0m [90m[platform.py:318][0m Model config is missing. This may indicate that we are running a test case
[32mINFO[0m [90m05-23 10:45:36[0m [90m[platform.py:393][0m PIECEWISE compilation enabled on NPU. use_inductor not supported - using only ACL Graph mode
[33mWARNING[0m [90m05-23 10:45:36[0m [90m[utils.py:533][0m Got empty model config. This typically occurs when an empty vllm_config is initialized (e.g., in unit tests), where config updates are intentionally skipped.
[32mINFO[0m [90m05-23 10:45:36[0m [90m[compilation.py:303][0m Enabled custom fusions: norm_quant, act_quant
[32mINFO[0m [90m05-23 10:45:36[0m [90m[diffusion_worker.py:236][0m Final IR op priority after setting vLLM-Omni overrides: IrOpPriorityConfig(rms_norm=['native'], fused_add_rms_norm=['native'])
[Gloo] Rank 1 is connected to 1 peer ranks. Expected number of connected peer ranks is : 1
[Gloo] Rank 0 is connected to 1 peer ranks. Expected number of connected peer ranks is : 1
[32mINFO[0m [90m05-23 10:45:36[0m [90m[diffusion_worker.py:247][0m Worker 0: Initialized device and distributed environment.
[32mINFO[0m [90m05-23 10:45:36[0m [90m[diffusion_worker.py:247][0m Worker 1: Initialized device and distributed environment.
[Gloo] Rank 0 is connected to 0 peer ranks. Expected number of connected peer ranks is : 0
[Gloo] Rank 0 is connected to 0 peer ranks. Expected number of connected peer ranks is : 0
[Gloo] Rank 0 is connected to 0 peer ranks. Expected number of connected peer ranks is : 0
[Gloo] Rank 0 is connected to 0 peer ranks. Expected number of connected peer ranks is : 0
[Gloo] Rank 0 is connected to 0 peer ranks. Expected number of connected peer ranks is : 0
[32mINFO[0m [90m05-23 10:45:36[0m [90m[parallel_state.py:588][0m Building SP subgroups from explicit sp_group_ranks (sp_size=1, ulysses=1, ring=1, use_ulysses_low=True).
[32mINFO[0m [90m05-23 10:45:36[0m [90m[parallel_state.py:630][0m SP group details for rank 1: sp_group=[1], ulysses_group=[1], ring_group=[1]
[Gloo] Rank 0 is connected to 0 peer ranks. Expected number of connected peer ranks is : 0
[32mINFO[0m [90m05-23 10:45:36[0m [90m[parallel_state.py:588][0m Building SP subgroups from explicit sp_group_ranks (sp_size=1, ulysses=1, ring=1, use_ulysses_low=True).
[32mINFO[0m [90m05-23 10:45:36[0m [90m[parallel_state.py:630][0m SP group details for rank 0: sp_group=[0], ulysses_group=[0], ring_group=[0]
[Gloo] Rank 0 is connected to 0 peer ranks. Expected number of connected peer ranks is : 0
[Gloo] Rank 0 is connected to 0 peer ranks. Expected number of connected peer ranks is : 0
[Gloo] Rank 0 is connected to 1 peer ranks. Expected number of connected peer ranks is : 1
[Gloo] Rank 1 is connected to 1 peer ranks. Expected number of connected peer ranks is : 1
[Gloo] Rank 0 is connected to 0 peer ranks. Expected number of connected peer ranks is : 0
[Gloo] Rank 0 is connected to 0 peer ranks. Expected number of connected peer ranks is : 0
[32mINFO[0m [90m05-23 10:45:36[0m [90m[step_cost_profiler.py:55][0m [DiffusionStepCostProfiler] Writing step profile records to /home/lzg/vllm-omni/benchmark_outputs/e2e_slo_first/current/step_cost_raw.replica3.jsonl
/home/lzg/venvs/vllm-omni-matrix-021-asc72643e/lib/python3.11/site-packages/huggingface_hub/utils/_validators.py:205: UserWarning: The `local_dir_use_symlinks` argument is deprecated and ignored in `hf_hub_download`. Downloading to a local directory does not use symlinks anymore.
  warnings.warn(
/home/lzg/venvs/vllm-omni-matrix-021-asc72643e/lib/python3.11/site-packages/huggingface_hub/utils/_validators.py:205: UserWarning: The `local_dir_use_symlinks` argument is deprecated and ignored in `hf_hub_download`. Downloading to a local directory does not use symlinks anymore.
  warnings.warn(

Loading weights:   0%|          | 0/729 [00:00<?, ?it/s]
Loading weights:   0%|          | 0/729 [00:00<?, ?it/s]
Loading weights:   4%|▍         | 28/729 [00:00<00:02, 276.35it/s]
Loading weights:   4%|▎         | 27/729 [00:00<00:02, 269.72it/s]
Loading weights:  11%|█         | 77/729 [00:00<00:01, 391.55it/s]
Loading weights:  10%|█         | 76/729 [00:00<00:01, 391.67it/s]
Loading weights:  19%|█▊        | 136/729 [00:00<00:01, 468.94it/s]
Loading weights:  19%|█▊        | 136/729 [00:00<00:01, 479.37it/s]
Loading weights:  25%|██▌       | 184/729 [00:00<00:01, 465.53it/s]
Loading weights:  25%|██▌       | 185/729 [00:00<00:01, 479.82it/s]
Loading weights:  32%|███▏      | 231/729 [00:00<00:01, 458.86it/s]
Loading weights:  32%|███▏      | 233/729 [00:00<00:01, 453.41it/s]
Loading weights:  38%|███▊      | 279/729 [00:00<00:01, 442.70it/s]
Loading weights:  38%|███▊      | 277/729 [00:00<00:01, 420.87it/s]
Loading weights:  44%|████▍     | 320/729 [00:00<00:01, 341.76it/s]
Loading weights:  44%|████▍     | 324/729 [00:00<00:01, 349.46it/s]
Loading weights:  62%|██████▏   | 451/729 [00:00<00:00, 589.61it/s]
Loading weights:  70%|███████   | 513/729 [00:00<00:00, 747.21it/s]
Loading weights: 100%|██████████| 729/729 [00:01<00:00, 720.55it/s]

Loading weights:  99%|█████████▊| 719/729 [00:01<00:00, 1150.86it/s]
Loading weights: 100%|██████████| 729/729 [00:01<00:00, 701.05it/s]
[32mINFO[0m [90m05-23 10:45:39[0m [90m[selector.py:87][0m Resolved diffusion attention backend 'SDPA' for role='self' via platform default
[32mINFO[0m [90m05-23 10:45:40[0m [90m[selector.py:87][0m Resolved diffusion attention backend 'SDPA' for role='self' via platform default

Multi-thread loading shards:   0% Completed | 0/9 [00:00<?, ?it/s]

Multi-thread loading shards:  11% Completed | 1/9 [00:00<00:05,  1.38it/s]

Multi-thread loading shards:  22% Completed | 2/9 [00:01<00:05,  1.18it/s]

Multi-thread loading shards:  33% Completed | 3/9 [00:02<00:05,  1.16it/s]

Multi-thread loading shards:  44% Completed | 4/9 [00:03<00:04,  1.14it/s]

Multi-thread loading shards:  56% Completed | 5/9 [00:04<00:03,  1.18it/s]

Multi-thread loading shards:  67% Completed | 6/9 [00:05<00:02,  1.17it/s]

Multi-thread loading shards:  78% Completed | 7/9 [00:06<00:01,  1.13it/s]

Multi-thread loading shards:  89% Completed | 8/9 [00:06<00:00,  1.35it/s]

Multi-thread loading shards: 100% Completed | 9/9 [00:07<00:00,  1.40it/s]

Multi-thread loading shards: 100% Completed | 9/9 [00:07<00:00,  1.26it/s]

[32mINFO[0m [90m05-23 10:45:48[0m [90m[diffusers_loader.py:375][0m Loading weights took 7.47 seconds
[32mINFO[0m [90m05-23 10:45:49[0m [90m[diffusion_model_runner.py:146][0m Model loading took 39.9617 GiB and 13.293248 seconds
[32mINFO[0m [90m05-23 10:45:49[0m [90m[diffusion_model_runner.py:151][0m Model runner: Model loaded successfully.
[33mWARNING[0m [90m05-23 10:45:49[0m [90m[diffusion_model_runner.py:172][0m Model runner: Platform npu does not support torch inductor, skipping torch.compile.
[32mINFO[0m [90m05-23 10:45:49[0m [90m[diffusion_model_runner.py:192][0m Model runner: Initialization complete.
[33mWARNING[0m [90m05-23 10:45:50[0m [90m[gpu_memory_utils.py:88][0m NVML init failed, will use profiling fallback: NVML Shared Library Not Found
[32mINFO[0m [90m05-23 10:45:50[0m [90m[manager.py:96][0m Initializing DiffusionLoRAManager: device=npu:1, dtype=torch.bfloat16, max_cached_adapters=1, static_lora_path=None
[32mINFO[0m [90m05-23 10:45:50[0m [90m[diffusion_worker.py:206][0m Worker 1: Initialization complete.
[32mINFO[0m [90m05-23 10:45:50[0m [90m[diffusion_worker.py:851][0m Worker 1: Scheduler loop started.
[32mINFO[0m [90m05-23 10:45:50[0m [90m[diffusion_worker.py:753][0m Worker 1 ready to receive requests via shared memory
[32mINFO[0m [90m05-23 10:45:50[0m [90m[diffusion_model_runner.py:146][0m Model loading took 39.9617 GiB and 14.174984 seconds
[32mINFO[0m [90m05-23 10:45:50[0m [90m[diffusion_model_runner.py:151][0m Model runner: Model loaded successfully.
[33mWARNING[0m [90m05-23 10:45:50[0m [90m[diffusion_model_runner.py:172][0m Model runner: Platform npu does not support torch inductor, skipping torch.compile.
[32mINFO[0m [90m05-23 10:45:50[0m [90m[diffusion_model_runner.py:192][0m Model runner: Initialization complete.
[33mWARNING[0m [90m05-23 10:45:51[0m [90m[gpu_memory_utils.py:88][0m NVML init failed, will use profiling fallback: NVML Shared Library Not Found
[32mINFO[0m [90m05-23 10:45:51[0m [90m[manager.py:96][0m Initializing DiffusionLoRAManager: device=npu:0, dtype=torch.bfloat16, max_cached_adapters=1, static_lora_path=None
[32mINFO[0m [90m05-23 10:45:51[0m [90m[diffusion_worker.py:206][0m Worker 0: Initialization complete.
[32mINFO[0m [90m05-23 10:45:51[0m [90m[diffusion_worker.py:851][0m Worker 0: Scheduler loop started.
[32mINFO[0m [90m05-23 10:45:51[0m [90m[diffusion_worker.py:753][0m Worker 0 ready to receive requests via shared memory
[32mINFO[0m [90m05-23 10:45:51[0m [90m[diffusion_engine.py:723][0m dummy run to warm up the model
/home/lzg/venvs/vllm-omni-matrix-021-asc72643e/lib/python3.11/site-packages/diffusers/schedulers/scheduling_flow_match_euler_discrete.py:279: RuntimeWarning: invalid value encountered in divide
  stretched_t = 1 - (one_minus_z / scale_factor)
[rank1]:[W523 10:45:51.091485790 compiler_depend.ts:18796] Warning: torch_npu.npu_layer_norm_eval is deprecated and will be removed in future version. Use torch.nn.functional.layer_norm or torch.optim.adam instead. (function operator())
/home/lzg/venvs/vllm-omni-matrix-021-asc72643e/lib/python3.11/site-packages/diffusers/schedulers/scheduling_flow_match_euler_discrete.py:279: RuntimeWarning: invalid value encountered in divide
  stretched_t = 1 - (one_minus_z / scale_factor)
/home/lzg/venvs/vllm-omni-matrix-021-asc72643e/lib/python3.11/site-packages/torch_npu/utils/storage.py:43: UserWarning: TypedStorage is deprecated. It will be removed in the future and UntypedStorage will be the only storage class. This should only matter to you if you are using storages directly.  To access UntypedStorage directly, use tensor.untyped_storage() instead of tensor.storage()
  if self.device.type != 'cpu':
[rank0]:[W523 10:45:51.190052381 compiler_depend.ts:18796] Warning: torch_npu.npu_layer_norm_eval is deprecated and will be removed in future version. Use torch.nn.functional.layer_norm or torch.optim.adam instead. (function operator())
/home/lzg/venvs/vllm-omni-matrix-021-asc72643e/lib/python3.11/site-packages/torch_npu/utils/collect_env.py:58: UserWarning: Warning: The /usr/local/Ascend/cann-8.5.1 owner does not match the current owner.
  warnings.warn(f"Warning: The {path} owner does not match the current owner.")
/home/lzg/venvs/vllm-omni-matrix-021-asc72643e/lib/python3.11/site-packages/torch_npu/utils/collect_env.py:58: UserWarning: Warning: The /usr/local/Ascend/cann-8.5.1/aarch64-linux/ascend_toolkit_install.info owner does not match the current owner.
  warnings.warn(f"Warning: The {path} owner does not match the current owner.")
/home/lzg/venvs/vllm-omni-matrix-021-asc72643e/lib/python3.11/site-packages/torch_npu/utils/collect_env.py:58: UserWarning: Warning: The /usr/local/Ascend/cann-8.5.1 owner does not match the current owner.
  warnings.warn(f"Warning: The {path} owner does not match the current owner.")
/home/lzg/venvs/vllm-omni-matrix-021-asc72643e/lib/python3.11/site-packages/torch_npu/utils/collect_env.py:58: UserWarning: Warning: The /usr/local/Ascend/cann-8.5.1/aarch64-linux/ascend_toolkit_install.info owner does not match the current owner.
  warnings.warn(f"Warning: The {path} owner does not match the current owner.")
/home/lzg/venvs/vllm-omni-matrix-021-asc72643e/lib/python3.11/site-packages/torch_npu/utils/collect_env.py:58: UserWarning: Warning: The /usr/local/Ascend/cann-8.5.1 owner does not match the current owner.
  warnings.warn(f"Warning: The {path} owner does not match the current owner.")
/home/lzg/venvs/vllm-omni-matrix-021-asc72643e/lib/python3.11/site-packages/torch_npu/utils/collect_env.py:58: UserWarning: Warning: The /usr/local/Ascend/cann-8.5.1/aarch64-linux/ascend_toolkit_install.info owner does not match the current owner.
  warnings.warn(f"Warning: The {path} owner does not match the current owner.")
/home/lzg/venvs/vllm-omni-matrix-021-asc72643e/lib/python3.11/site-packages/torch_npu/utils/collect_env.py:58: UserWarning: Warning: The /usr/local/Ascend/cann-8.5.1 owner does not match the current owner.
  warnings.warn(f"Warning: The {path} owner does not match the current owner.")
/home/lzg/venvs/vllm-omni-matrix-021-asc72643e/lib/python3.11/site-packages/torch_npu/utils/collect_env.py:58: UserWarning: Warning: The /usr/local/Ascend/cann-8.5.1/aarch64-linux/ascend_toolkit_install.info owner does not match the current owner.
  warnings.warn(f"Warning: The {path} owner does not match the current owner.")
/home/lzg/vllm-omni/vllm_omni/version.py:55: RuntimeWarning: vLLM and vLLM-Omni appear to have mismatched major/minor versions:
 --> vLLM-Omni version 0.20.1.dev158+ge949ccf08.d20260522.npu
 --> vLLM version 0.21.0
This will likely cause compatibility issues.
  warn_if_misaligned_vllm_version()
[32mINFO[0m [90m05-23 10:45:59[0m [90m[__init__.py:44][0m Available plugins for group vllm.platform_plugins:
[32mINFO[0m [90m05-23 10:45:59[0m [90m[__init__.py:46][0m - ascend -> vllm_ascend:register
[32mINFO[0m [90m05-23 10:45:59[0m [90m[__init__.py:49][0m All plugins in this group will be loaded. Set `VLLM_PLUGINS` to control which plugins to load.
/home/lzg/vllm-omni/vllm_omni/version.py:55: RuntimeWarning: vLLM and vLLM-Omni appear to have mismatched major/minor versions:
 --> vLLM-Omni version 0.20.1.dev158+ge949ccf08.d20260522.npu
 --> vLLM version 0.21.0
This will likely cause compatibility issues.
  warn_if_misaligned_vllm_version()
[32mINFO[0m [90m05-23 10:45:59[0m [90m[__init__.py:238][0m Platform plugin ascend is activated
[32mINFO[0m [90m05-23 10:45:59[0m [90m[__init__.py:44][0m Available plugins for group vllm.platform_plugins:
[32mINFO[0m [90m05-23 10:45:59[0m [90m[__init__.py:46][0m - ascend -> vllm_ascend:register
[32mINFO[0m [90m05-23 10:45:59[0m [90m[__init__.py:49][0m All plugins in this group will be loaded. Set `VLLM_PLUGINS` to control which plugins to load.
[32mINFO[0m [90m05-23 10:45:59[0m [90m[__init__.py:238][0m Platform plugin ascend is activated
[33mWARNING[0m [90m05-23 10:46:04[0m [90m[importing.py:54][0m Triton is installed, but `triton.backends` could not be imported. Disabling Triton.
[32mINFO[0m [90m05-23 10:46:04[0m [90m[importing.py:69][0m Triton not installed or not compatible; certain GPU-related functions will not be available.
[33mWARNING[0m [90m05-23 10:46:04[0m [90m[importing.py:54][0m Triton is installed, but `triton.backends` could not be imported. Disabling Triton.
[32mINFO[0m [90m05-23 10:46:04[0m [90m[importing.py:69][0m Triton not installed or not compatible; certain GPU-related functions will not be available.
/home/lzg/venvs/vllm-omni-matrix-021-asc72643e/lib/python3.11/site-packages/pydub/utils.py:170: RuntimeWarning: Couldn't find ffmpeg or avconv - defaulting to ffmpeg, but may not work
  warn("Couldn't find ffmpeg or avconv - defaulting to ffmpeg, but may not work", RuntimeWarning)
[31mERROR[0m [90m05-23 10:46:06[0m [90m[config.py:29][0m Failed to import Triton kernels. Please make sure your triton version is compatible. Error: cannot import name 'Language' from 'triton.backends.compiler' (/home/lzg/venvs/vllm-omni-matrix-021-asc72643e/lib/python3.11/site-packages/triton/backends/compiler.py)
/home/lzg/venvs/vllm-omni-matrix-021-asc72643e/lib/python3.11/site-packages/pydub/utils.py:170: RuntimeWarning: Couldn't find ffmpeg or avconv - defaulting to ffmpeg, but may not work
  warn("Couldn't find ffmpeg or avconv - defaulting to ffmpeg, but may not work", RuntimeWarning)
[31mERROR[0m [90m05-23 10:46:06[0m [90m[config.py:29][0m Failed to import Triton kernels. Please make sure your triton version is compatible. Error: cannot import name 'Language' from 'triton.backends.compiler' (/home/lzg/venvs/vllm-omni-matrix-021-asc72643e/lib/python3.11/site-packages/triton/backends/compiler.py)
[32mINFO[0m [90m05-23 10:46:17[0m [90m[stage_diffusion_proc.py:119][0m StageDiffusionProc initialized with model: Qwen/Qwen-Image
[0;36m(APIServer pid=1439463)[0;0m INFO 05-23 10:46:17 [async_omni_engine.py:1061] [AsyncOmniEngine] Stage 0 diffusion startup completed
[32mINFO[0m [90m05-23 10:46:17[0m [90m[stage_diffusion_proc.py:672][0m StageDiffusionProc registered with OmniCoordinator (stage_id=0 replica_id=3 coord=tcp://127.0.0.1:47627)
[0;36m(APIServer pid=1439463)[0;0m INFO 05-23 10:46:17 [stage_diffusion_client.py:158] [StageDiffusionClient] stage-0 [rep-3] initialized (owns_process=True, batch_size=1)
[0;36m(APIServer pid=1439463)[0;0m INFO 05-23 10:46:17 [async_omni_engine.py:1088] [AsyncOmniEngine] Stage 0 replica 3 initialized (diffusion, batch_size=1, devices=6,7)
[0;36m(APIServer pid=1439463)[0;0m INFO 05-23 10:46:17 [orchestrator.py:220] [Orchestrator] Starting event loop
[0;36m(APIServer pid=1439463)[0;0m INFO 05-23 10:46:17 [async_omni_engine.py:387] [AsyncOmniEngine] Orchestrator ready with 1 stages
[0;36m(APIServer pid=1439463)[0;0m INFO 05-23 10:46:17 [omni_base.py:185] [AsyncOmni] AsyncOmniEngine initialized in 300.17 seconds
[0;36m(APIServer pid=1439463)[0;0m INFO 05-23 10:46:17 [omni_base.py:202] [AsyncOmni] Initialized with 1 stages for model Qwen/Qwen-Image
[0;36m(APIServer pid=1439463)[0;0m INFO 05-23 10:46:17 [api_server.py:573] Detected pure diffusion mode (single diffusion stage)
[0;36m(APIServer pid=1439463)[0;0m INFO 05-23 10:46:17 [speaker_cache.py:45] Speaker cache ready (max_bytes=536870912)
[0;36m(APIServer pid=1439463)[0;0m INFO 05-23 10:46:17 [serving_speech.py:209] Speaker storage: dir=/home/lzg/.cache/vllm-omni/speakers, max_speakers=1000, restored=0
[0;36m(APIServer pid=1439463)[0;0m INFO 05-23 10:46:17 [api_server.py:635] Pure diffusion API server initialized for model: Qwen/Qwen-Image
[0;36m(APIServer pid=1439463)[0;0m INFO 05-23 10:46:17 [api_server.py:419] Starting vLLM API server (pure diffusion mode) on http://127.0.0.1:18220
[0;36m(APIServer pid=1439463)[0;0m INFO 05-23 10:46:17 [launcher.py:37] Available routes are:
[0;36m(APIServer pid=1439463)[0;0m INFO 05-23 10:46:17 [launcher.py:46] Route: /openapi.json, Methods: HEAD, GET
[0;36m(APIServer pid=1439463)[0;0m INFO 05-23 10:46:17 [launcher.py:46] Route: /docs, Methods: HEAD, GET
[0;36m(APIServer pid=1439463)[0;0m INFO 05-23 10:46:17 [launcher.py:46] Route: /docs/oauth2-redirect, Methods: HEAD, GET
[0;36m(APIServer pid=1439463)[0;0m INFO 05-23 10:46:17 [launcher.py:46] Route: /redoc, Methods: HEAD, GET
[0;36m(APIServer pid=1439463)[0;0m INFO 05-23 10:46:17 [launcher.py:46] Route: /tokenize, Methods: POST
[0;36m(APIServer pid=1439463)[0;0m INFO 05-23 10:46:17 [launcher.py:46] Route: /detokenize, Methods: POST
[0;36m(APIServer pid=1439463)[0;0m INFO 05-23 10:46:17 [launcher.py:46] Route: /load, Methods: GET
[0;36m(APIServer pid=1439463)[0;0m INFO 05-23 10:46:17 [launcher.py:46] Route: /version, Methods: GET
[0;36m(APIServer pid=1439463)[0;0m INFO 05-23 10:46:17 [launcher.py:46] Route: /health, Methods: GET
[0;36m(APIServer pid=1439463)[0;0m INFO 05-23 10:46:17 [launcher.py:46] Route: /metrics, Methods: GET
[0;36m(APIServer pid=1439463)[0;0m INFO 05-23 10:46:17 [launcher.py:46] Route: /ping, Methods: GET
[0;36m(APIServer pid=1439463)[0;0m INFO 05-23 10:46:17 [launcher.py:46] Route: /ping, Methods: POST
[0;36m(APIServer pid=1439463)[0;0m INFO 05-23 10:46:17 [launcher.py:46] Route: /invocations, Methods: POST
[0;36m(APIServer pid=1439463)[0;0m INFO 05-23 10:46:17 [launcher.py:46] Route: /v1/chat/completions/batch, Methods: POST
[0;36m(APIServer pid=1439463)[0;0m INFO 05-23 10:46:17 [launcher.py:46] Route: /v1/responses, Methods: POST
[0;36m(APIServer pid=1439463)[0;0m INFO 05-23 10:46:17 [launcher.py:46] Route: /v1/responses/{response_id}, Methods: GET
[0;36m(APIServer pid=1439463)[0;0m INFO 05-23 10:46:17 [launcher.py:46] Route: /v1/responses/{response_id}/cancel, Methods: POST
[0;36m(APIServer pid=1439463)[0;0m INFO 05-23 10:46:17 [launcher.py:46] Route: /v1/completions, Methods: POST
[0;36m(APIServer pid=1439463)[0;0m INFO 05-23 10:46:17 [launcher.py:46] Route: /v1/messages, Methods: POST
[0;36m(APIServer pid=1439463)[0;0m INFO 05-23 10:46:17 [launcher.py:46] Route: /v1/messages/count_tokens, Methods: POST
[0;36m(APIServer pid=1439463)[0;0m INFO 05-23 10:46:17 [launcher.py:46] Route: /inference/v1/generate, Methods: POST
[0;36m(APIServer pid=1439463)[0;0m INFO 05-23 10:46:17 [launcher.py:46] Route: /scale_elastic_ep, Methods: POST
[0;36m(APIServer pid=1439463)[0;0m INFO 05-23 10:46:17 [launcher.py:46] Route: /is_scaling_elastic_ep, Methods: POST
[0;36m(APIServer pid=1439463)[0;0m INFO 05-23 10:46:17 [launcher.py:46] Route: /generative_scoring, Methods: POST
[0;36m(APIServer pid=1439463)[0;0m INFO 05-23 10:46:17 [launcher.py:46] Route: /v1/chat/completions/render, Methods: POST
[0;36m(APIServer pid=1439463)[0;0m INFO 05-23 10:46:17 [launcher.py:46] Route: /v1/completions/render, Methods: POST
[0;36m(APIServer pid=1439463)[0;0m INFO 05-23 10:46:17 [launcher.py:46] Route: /v1/chat/completions, Methods: POST
[0;36m(APIServer pid=1439463)[0;0m INFO 05-23 10:46:17 [launcher.py:46] Route: /v1/audio/speech, Methods: POST
[0;36m(APIServer pid=1439463)[0;0m INFO 05-23 10:46:17 [launcher.py:46] Route: /v1/audio/speech/batch, Methods: POST
[0;36m(APIServer pid=1439463)[0;0m INFO 05-23 10:46:17 [launcher.py:46] Route: /v1/audio/generate, Methods: POST
[0;36m(APIServer pid=1439463)[0;0m INFO 05-23 10:46:17 [launcher.py:46] Route: /v1/audio/voices, Methods: GET
[0;36m(APIServer pid=1439463)[0;0m INFO 05-23 10:46:17 [launcher.py:46] Route: /v1/audio/voices, Methods: POST
[0;36m(APIServer pid=1439463)[0;0m INFO 05-23 10:46:17 [launcher.py:46] Route: /v1/audio/voices/{name}, Methods: DELETE
[0;36m(APIServer pid=1439463)[0;0m INFO 05-23 10:46:17 [launcher.py:46] Route: /health, Methods: GET
[0;36m(APIServer pid=1439463)[0;0m INFO 05-23 10:46:17 [launcher.py:46] Route: /v1/models, Methods: GET
[0;36m(APIServer pid=1439463)[0;0m INFO 05-23 10:46:17 [launcher.py:46] Route: /v1/images/generations, Methods: POST
[0;36m(APIServer pid=1439463)[0;0m INFO 05-23 10:46:17 [launcher.py:46] Route: /v1/images/edits, Methods: POST
[0;36m(APIServer pid=1439463)[0;0m INFO 05-23 10:46:17 [launcher.py:46] Route: /v1/videos, Methods: POST
[0;36m(APIServer pid=1439463)[0;0m INFO 05-23 10:46:17 [launcher.py:46] Route: /v1/videos/sync, Methods: POST
[0;36m(APIServer pid=1439463)[0;0m INFO 05-23 10:46:17 [launcher.py:46] Route: /v1/videos, Methods: GET
[0;36m(APIServer pid=1439463)[0;0m INFO 05-23 10:46:17 [launcher.py:46] Route: /v1/videos/{video_id}, Methods: GET
[0;36m(APIServer pid=1439463)[0;0m INFO 05-23 10:46:17 [launcher.py:46] Route: /v1/videos/{video_id}, Methods: DELETE
[0;36m(APIServer pid=1439463)[0;0m INFO 05-23 10:46:17 [launcher.py:46] Route: /v1/videos/{video_id}/content, Methods: GET
[0;36m(APIServer pid=1439463)[0;0m INFO 05-23 10:46:17 [launcher.py:46] Route: /v1/omni/sleep, Methods: POST
[0;36m(APIServer pid=1439463)[0;0m INFO 05-23 10:46:17 [launcher.py:46] Route: /v1/omni/wakeup, Methods: POST
[0;36m(APIServer pid=1439463)[0;0m INFO 05-23 10:46:17 [launcher.py:57] Route: /v1/audio/speech/stream, Endpoint: streaming_speech
[0;36m(APIServer pid=1439463)[0;0m INFO 05-23 10:46:17 [launcher.py:57] Route: /v1/video/chat/stream, Endpoint: streaming_video_chat
[0;36m(APIServer pid=1439463)[0;0m INFO 05-23 10:46:17 [launcher.py:57] Route: /v1/realtime, Endpoint: realtime_websocket
[0;36m(APIServer pid=1439463)[0;0m INFO:     Started server process [1439463]
[0;36m(APIServer pid=1439463)[0;0m INFO:     Waiting for application startup.
[0;36m(APIServer pid=1439463)[0;0m INFO:     Application startup complete.
[0;36m(APIServer pid=1439463)[0;0m INFO:     127.0.0.1:53598 - "GET /health HTTP/1.1" 200 OK
[0;36m(APIServer pid=1439463)[0;0m INFO 05-23 10:46:49 [serving_chat.py:2650] Diffusion chat request chatcmpl-635effc1571843da: prompt='a high quality photo of a tench, detailed, natural...', ref_images=0, params={'extra_args': {'profile_mode': 'e2e_slo_first', 'profile_policy': 'current', 'profile_scale': 2.5, 'profile_trace_id': 'current_scale_2.5', 'profile_shape': '512x512'}, 'height': 512, 'width': 512, 'num_inference_steps': 50, 'seed': 1234, 'reference_cost_ms': 16651.144148781896, 'slo_ms': 41627.86037195474, 'arrival_time_s': 1779504409.576873, 'deadline_time_s': 1779504451.2047334, 'client_request_id': 'current_scale_2.5-0000'}
[0;36m(APIServer pid=1439463)[0;0m INFO 05-23 10:46:49 [stage_diffusion_client.py:313] [StageDiffusionClient] stage-0 [rep-2] add request: chatcmpl-635effc1571843da
[0;36m(APIServer pid=1439463)[0;0m INFO 05-23 10:46:53 [serving_chat.py:2650] Diffusion chat request chatcmpl-4534688cc10e4ef7: prompt='a realistic documentary photograph showing a goldf...', ref_images=0, params={'extra_args': {'profile_mode': 'e2e_slo_first', 'profile_policy': 'current', 'profile_scale': 2.5, 'profile_trace_id': 'current_scale_2.5', 'profile_shape': '768x768'}, 'height': 768, 'width': 768, 'num_inference_steps': 50, 'seed': 1235, 'reference_cost_ms': 16463.377065956593, 'slo_ms': 41158.44266489148, 'arrival_time_s': 1779504413.826873, 'deadline_time_s': 1779504454.9853158, 'client_request_id': 'current_scale_2.5-0001'}
[0;36m(APIServer pid=1439463)[0;0m INFO 05-23 10:46:53 [stage_diffusion_client.py:313] [StageDiffusionClient] stage-0 [rep-1] add request: chatcmpl-4534688cc10e4ef7
[0;36m(APIServer pid=1439463)[0;0m INFO 05-23 10:46:58 [serving_chat.py:2650] Diffusion chat request chatcmpl-85491e908164451e: prompt='a sharp studio image of a great white shark, clear...', ref_images=0, params={'extra_args': {'profile_mode': 'e2e_slo_first', 'profile_policy': 'current', 'profile_scale': 2.5, 'profile_trace_id': 'current_scale_2.5', 'profile_shape': '512x512'}, 'height': 512, 'width': 512, 'num_inference_steps': 50, 'seed': 1236, 'reference_cost_ms': 16651.144148781896, 'slo_ms': 41627.86037195474, 'arrival_time_s': 1779504418.076873, 'deadline_time_s': 1779504459.7047334, 'client_request_id': 'current_scale_2.5-0002'}
[0;36m(APIServer pid=1439463)[0;0m INFO 05-23 10:46:58 [stage_diffusion_client.py:313] [StageDiffusionClient] stage-0 [rep-0] add request: chatcmpl-85491e908164451e
[0;36m(APIServer pid=1439463)[0;0m INFO 05-23 10:47:02 [serving_chat.py:2650] Diffusion chat request chatcmpl-8f4091801dfa4bf2: prompt='a photo-realistic scene centered on a tiger shark,...', ref_images=0, params={'extra_args': {'profile_mode': 'e2e_slo_first', 'profile_policy': 'current', 'profile_scale': 2.5, 'profile_trace_id': 'current_scale_2.5', 'profile_shape': '768x768'}, 'height': 768, 'width': 768, 'num_inference_steps': 50, 'seed': 1237, 'reference_cost_ms': 16463.377065956593, 'slo_ms': 41158.44266489148, 'arrival_time_s': 1779504422.326873, 'deadline_time_s': 1779504463.4853158, 'client_request_id': 'current_scale_2.5-0003'}
[0;36m(APIServer pid=1439463)[0;0m INFO 05-23 10:47:02 [stage_diffusion_client.py:313] [StageDiffusionClient] stage-0 [rep-3] add request: chatcmpl-8f4091801dfa4bf2
[0;36m(APIServer pid=1439463)[0;0m INFO 05-23 10:47:06 [serving_chat.py:2650] Diffusion chat request chatcmpl-9ed55e4ed0144df3: prompt='a high quality photo of a hammerhead, detailed, na...', ref_images=0, params={'extra_args': {'profile_mode': 'e2e_slo_first', 'profile_policy': 'current', 'profile_scale': 2.5, 'profile_trace_id': 'current_scale_2.5', 'profile_shape': '1024x1024'}, 'height': 1024, 'width': 1024, 'num_inference_steps': 50, 'seed': 1238, 'reference_cost_ms': 23089.30584229529, 'slo_ms': 57723.26460573822, 'arrival_time_s': 1779504426.576873, 'deadline_time_s': 1779504484.3001378, 'client_request_id': 'current_scale_2.5-0004'}
[0;36m(APIServer pid=1439463)[0;0m INFO 05-23 10:47:06 [stage_diffusion_client.py:313] [StageDiffusionClient] stage-0 [rep-0] add request: chatcmpl-9ed55e4ed0144df3
[0;36m(APIServer pid=1439463)[0;0m INFO 05-23 10:47:06 [serving_chat.py:2938] Diffusion chat completed for request chatcmpl-635effc1571843da: output_type=image, image_count=1
[0;36m(APIServer pid=1439463)[0;0m INFO:     127.0.0.1:51806 - "POST /v1/chat/completions HTTP/1.1" 200 OK
[0;36m(APIServer pid=1439463)[0;0m INFO 05-23 10:47:10 [serving_chat.py:2650] Diffusion chat request chatcmpl-0f2579207c5a48bb: prompt='a realistic documentary photograph showing a elect...', ref_images=0, params={'extra_args': {'profile_mode': 'e2e_slo_first', 'profile_policy': 'current', 'profile_scale': 2.5, 'profile_trace_id': 'current_scale_2.5', 'profile_shape': '512x512'}, 'height': 512, 'width': 512, 'num_inference_steps': 50, 'seed': 1239, 'reference_cost_ms': 16651.144148781896, 'slo_ms': 41627.86037195474, 'arrival_time_s': 1779504430.826873, 'deadline_time_s': 1779504472.4547334, 'client_request_id': 'current_scale_2.5-0005'}
[0;36m(APIServer pid=1439463)[0;0m INFO 05-23 10:47:10 [stage_diffusion_client.py:313] [StageDiffusionClient] stage-0 [rep-2] add request: chatcmpl-0f2579207c5a48bb
[0;36m(APIServer pid=1439463)[0;0m INFO 05-23 10:47:14 [serving_chat.py:2938] Diffusion chat completed for request chatcmpl-4534688cc10e4ef7: output_type=image, image_count=1
[0;36m(APIServer pid=1439463)[0;0m INFO:     127.0.0.1:40776 - "POST /v1/chat/completions HTTP/1.1" 200 OK
[0;36m(APIServer pid=1439463)[0;0m INFO 05-23 10:47:15 [serving_chat.py:2650] Diffusion chat request chatcmpl-1432912f188f47de: prompt='a sharp studio image of a stingray, clear composit...', ref_images=0, params={'extra_args': {'profile_mode': 'e2e_slo_first', 'profile_policy': 'current', 'profile_scale': 2.5, 'profile_trace_id': 'current_scale_2.5', 'profile_shape': '768x768'}, 'height': 768, 'width': 768, 'num_inference_steps': 50, 'seed': 1240, 'reference_cost_ms': 16463.377065956593, 'slo_ms': 41158.44266489148, 'arrival_time_s': 1779504435.076873, 'deadline_time_s': 1779504476.2353158, 'client_request_id': 'current_scale_2.5-0006'}
[0;36m(APIServer pid=1439463)[0;0m INFO 05-23 10:47:15 [stage_diffusion_client.py:313] [StageDiffusionClient] stage-0 [rep-1] add request: chatcmpl-1432912f188f47de
[0;36m(APIServer pid=1439463)[0;0m INFO 05-23 10:47:16 [serving_chat.py:2938] Diffusion chat completed for request chatcmpl-85491e908164451e: output_type=image, image_count=1
[0;36m(APIServer pid=1439463)[0;0m INFO:     127.0.0.1:40782 - "POST /v1/chat/completions HTTP/1.1" 200 OK
[0;36m(APIServer pid=1439463)[0;0m INFO 05-23 10:47:19 [serving_chat.py:2650] Diffusion chat request chatcmpl-ebe9d631cd3f454f: prompt='a photo-realistic scene centered on a cock, balanc...', ref_images=0, params={'extra_args': {'profile_mode': 'e2e_slo_first', 'profile_policy': 'current', 'profile_scale': 2.5, 'profile_trace_id': 'current_scale_2.5', 'profile_shape': '512x512'}, 'height': 512, 'width': 512, 'num_inference_steps': 50, 'seed': 1241, 'reference_cost_ms': 16651.144148781896, 'slo_ms': 41627.86037195474, 'arrival_time_s': 1779504439.326873, 'deadline_time_s': 1779504480.9547334, 'client_request_id': 'current_scale_2.5-0007'}
[0;36m(APIServer pid=1439463)[0;0m INFO 05-23 10:47:19 [stage_diffusion_client.py:313] [StageDiffusionClient] stage-0 [rep-1] add request: chatcmpl-ebe9d631cd3f454f
[0;36m(APIServer pid=1439463)[0;0m INFO 05-23 10:47:22 [serving_chat.py:2938] Diffusion chat completed for request chatcmpl-8f4091801dfa4bf2: output_type=image, image_count=1
[0;36m(APIServer pid=1439463)[0;0m INFO:     127.0.0.1:40796 - "POST /v1/chat/completions HTTP/1.1" 200 OK
[0;36m(APIServer pid=1439463)[0;0m INFO 05-23 10:47:23 [serving_chat.py:2650] Diffusion chat request chatcmpl-d9673845e15548fc: prompt='a high quality photo of a hen, detailed, natural l...', ref_images=0, params={'extra_args': {'profile_mode': 'e2e_slo_first', 'profile_policy': 'current', 'profile_scale': 2.5, 'profile_trace_id': 'current_scale_2.5', 'profile_shape': '768x768'}, 'height': 768, 'width': 768, 'num_inference_steps': 50, 'seed': 1242, 'reference_cost_ms': 16463.377065956593, 'slo_ms': 41158.44266489148, 'arrival_time_s': 1779504443.576873, 'deadline_time_s': 1779504484.7353158, 'client_request_id': 'current_scale_2.5-0008'}
[0;36m(APIServer pid=1439463)[0;0m INFO 05-23 10:47:23 [stage_diffusion_client.py:313] [StageDiffusionClient] stage-0 [rep-0] add request: chatcmpl-d9673845e15548fc
[0;36m(APIServer pid=1439463)[0;0m INFO 05-23 10:47:27 [serving_chat.py:2650] Diffusion chat request chatcmpl-76b109dfdf66443f: prompt='a realistic documentary photograph showing a ostri...', ref_images=0, params={'extra_args': {'profile_mode': 'e2e_slo_first', 'profile_policy': 'current', 'profile_scale': 2.5, 'profile_trace_id': 'current_scale_2.5', 'profile_shape': '1024x1024'}, 'height': 1024, 'width': 1024, 'num_inference_steps': 50, 'seed': 1243, 'reference_cost_ms': 23089.30584229529, 'slo_ms': 57723.26460573822, 'arrival_time_s': 1779504447.826873, 'deadline_time_s': 1779504505.5501378, 'client_request_id': 'current_scale_2.5-0009'}
[0;36m(APIServer pid=1439463)[0;0m INFO 05-23 10:47:27 [stage_diffusion_client.py:313] [StageDiffusionClient] stage-0 [rep-2] add request: chatcmpl-76b109dfdf66443f
[0;36m(APIServer pid=1439463)[0;0m INFO 05-23 10:47:29 [serving_chat.py:2938] Diffusion chat completed for request chatcmpl-0f2579207c5a48bb: output_type=image, image_count=1
[0;36m(APIServer pid=1439463)[0;0m INFO:     127.0.0.1:51806 - "POST /v1/chat/completions HTTP/1.1" 200 OK
[0;36m(APIServer pid=1439463)[0;0m INFO 05-23 10:47:32 [serving_chat.py:2650] Diffusion chat request chatcmpl-97c102787df8486a: prompt='a sharp studio image of a brambling, clear composi...', ref_images=0, params={'extra_args': {'profile_mode': 'e2e_slo_first', 'profile_policy': 'current', 'profile_scale': 2.5, 'profile_trace_id': 'current_scale_2.5', 'profile_shape': '512x512'}, 'height': 512, 'width': 512, 'num_inference_steps': 50, 'seed': 1244, 'reference_cost_ms': 16651.144148781896, 'slo_ms': 41627.86037195474, 'arrival_time_s': 1779504452.076873, 'deadline_time_s': 1779504493.7047334, 'client_request_id': 'current_scale_2.5-0010'}
[0;36m(APIServer pid=1439463)[0;0m INFO 05-23 10:47:32 [stage_diffusion_client.py:313] [StageDiffusionClient] stage-0 [rep-2] add request: chatcmpl-97c102787df8486a
[0;36m(APIServer pid=1439463)[0;0m INFO 05-23 10:47:33 [serving_chat.py:2938] Diffusion chat completed for request chatcmpl-1432912f188f47de: output_type=image, image_count=1
[0;36m(APIServer pid=1439463)[0;0m INFO:     127.0.0.1:40776 - "POST /v1/chat/completions HTTP/1.1" 200 OK
[0;36m(APIServer pid=1439463)[0;0m INFO 05-23 10:47:36 [serving_chat.py:2650] Diffusion chat request chatcmpl-7d9a151b56ff48ce: prompt='a photo-realistic scene centered on a goldfinch, b...', ref_images=0, params={'extra_args': {'profile_mode': 'e2e_slo_first', 'profile_policy': 'current', 'profile_scale': 2.5, 'profile_trace_id': 'current_scale_2.5', 'profile_shape': '768x768'}, 'height': 768, 'width': 768, 'num_inference_steps': 50, 'seed': 1245, 'reference_cost_ms': 16463.377065956593, 'slo_ms': 41158.44266489148, 'arrival_time_s': 1779504456.326873, 'deadline_time_s': 1779504497.4853158, 'client_request_id': 'current_scale_2.5-0011'}
[0;36m(APIServer pid=1439463)[0;0m INFO 05-23 10:47:36 [stage_diffusion_client.py:313] [StageDiffusionClient] stage-0 [rep-0] add request: chatcmpl-7d9a151b56ff48ce
..[0;36m(APIServer pid=1439463)[0;0m INFO 05-23 10:47:40 [serving_chat.py:2938] Diffusion chat completed for request chatcmpl-9ed55e4ed0144df3: output_type=image, image_count=1
[0;36m(APIServer pid=1439463)[0;0m INFO:     127.0.0.1:45738 - "POST /v1/chat/completions HTTP/1.1" 200 OK
[0;36m(APIServer pid=1439463)[0;0m INFO 05-23 10:47:40 [serving_chat.py:2650] Diffusion chat request chatcmpl-e5b0e4c0e7f54c73: prompt='a high quality photo of a house finch, detailed, n...', ref_images=0, params={'extra_args': {'profile_mode': 'e2e_slo_first', 'profile_policy': 'current', 'profile_scale': 2.5, 'profile_trace_id': 'current_scale_2.5', 'profile_shape': '512x512'}, 'height': 512, 'width': 512, 'num_inference_steps': 50, 'seed': 1246, 'reference_cost_ms': 16651.144148781896, 'slo_ms': 41627.86037195474, 'arrival_time_s': 1779504460.576873, 'deadline_time_s': 1779504502.2047334, 'client_request_id': 'current_scale_2.5-0012'}
[0;36m(APIServer pid=1439463)[0;0m INFO 05-23 10:47:40 [stage_diffusion_client.py:313] [StageDiffusionClient] stage-0 [rep-3] add request: chatcmpl-e5b0e4c0e7f54c73
[0;36m(APIServer pid=1439463)[0;0m INFO 05-23 10:47:44 [serving_chat.py:2650] Diffusion chat request chatcmpl-7439ac08b7a8481b: prompt='a realistic documentary photograph showing a junco...', ref_images=0, params={'extra_args': {'profile_mode': 'e2e_slo_first', 'profile_policy': 'current', 'profile_scale': 2.5, 'profile_trace_id': 'current_scale_2.5', 'profile_shape': '768x768'}, 'height': 768, 'width': 768, 'num_inference_steps': 50, 'seed': 1247, 'reference_cost_ms': 16463.377065956593, 'slo_ms': 41158.44266489148, 'arrival_time_s': 1779504464.826873, 'deadline_time_s': 1779504505.9853158, 'client_request_id': 'current_scale_2.5-0013'}
[0;36m(APIServer pid=1439463)[0;0m INFO 05-23 10:47:44 [stage_diffusion_client.py:313] [StageDiffusionClient] stage-0 [rep-1] add request: chatcmpl-7439ac08b7a8481b
[0;36m(APIServer pid=1439463)[0;0m INFO 05-23 10:47:49 [serving_chat.py:2650] Diffusion chat request chatcmpl-b093702287444a30: prompt='a sharp studio image of a indigo bunting, clear co...', ref_images=0, params={'extra_args': {'profile_mode': 'e2e_slo_first', 'profile_policy': 'current', 'profile_scale': 2.5, 'profile_trace_id': 'current_scale_2.5', 'profile_shape': '1024x1024'}, 'height': 1024, 'width': 1024, 'num_inference_steps': 50, 'seed': 1248, 'reference_cost_ms': 23089.30584229529, 'slo_ms': 57723.26460573822, 'arrival_time_s': 1779504469.076873, 'deadline_time_s': 1779504526.8001378, 'client_request_id': 'current_scale_2.5-0014'}
[0;36m(APIServer pid=1439463)[0;0m INFO 05-23 10:47:49 [stage_diffusion_client.py:313] [StageDiffusionClient] stage-0 [rep-1] add request: chatcmpl-b093702287444a30
[0;36m(APIServer pid=1439463)[0;0m INFO 05-23 10:47:51 [serving_chat.py:2938] Diffusion chat completed for request chatcmpl-ebe9d631cd3f454f: output_type=image, image_count=1
[0;36m(APIServer pid=1439463)[0;0m INFO:     127.0.0.1:40782 - "POST /v1/chat/completions HTTP/1.1" 200 OK
[0;36m(APIServer pid=1439463)[0;0m INFO 05-23 10:47:53 [serving_chat.py:2938] Diffusion chat completed for request chatcmpl-76b109dfdf66443f: output_type=image, image_count=1
[0;36m(APIServer pid=1439463)[0;0m INFO:     127.0.0.1:57954 - "POST /v1/chat/completions HTTP/1.1" 200 OK
[0;36m(APIServer pid=1439463)[0;0m INFO 05-23 10:47:53 [serving_chat.py:2650] Diffusion chat request chatcmpl-c7142863d46943f7: prompt='a photo-realistic scene centered on a robin, balan...', ref_images=0, params={'extra_args': {'profile_mode': 'e2e_slo_first', 'profile_policy': 'current', 'profile_scale': 2.5, 'profile_trace_id': 'current_scale_2.5', 'profile_shape': '512x512'}, 'height': 512, 'width': 512, 'num_inference_steps': 50, 'seed': 1249, 'reference_cost_ms': 16651.144148781896, 'slo_ms': 41627.86037195474, 'arrival_time_s': 1779504473.326873, 'deadline_time_s': 1779504514.9547334, 'client_request_id': 'current_scale_2.5-0015'}
[0;36m(APIServer pid=1439463)[0;0m INFO 05-23 10:47:53 [stage_diffusion_client.py:313] [StageDiffusionClient] stage-0 [rep-1] add request: chatcmpl-c7142863d46943f7
[0;36m(APIServer pid=1439463)[0;0m INFO 05-23 10:47:57 [serving_chat.py:2650] Diffusion chat request chatcmpl-e5556db8da944d2f: prompt='a high quality photo of a bulbul, detailed, natura...', ref_images=0, params={'extra_args': {'profile_mode': 'e2e_slo_first', 'profile_policy': 'current', 'profile_scale': 2.5, 'profile_trace_id': 'current_scale_2.5', 'profile_shape': '768x768'}, 'height': 768, 'width': 768, 'num_inference_steps': 50, 'seed': 1250, 'reference_cost_ms': 16463.377065956593, 'slo_ms': 41158.44266489148, 'arrival_time_s': 1779504477.576873, 'deadline_time_s': 1779504518.7353158, 'client_request_id': 'current_scale_2.5-0016'}
[0;36m(APIServer pid=1439463)[0;0m INFO 05-23 10:47:57 [stage_diffusion_client.py:313] [StageDiffusionClient] stage-0 [rep-0] add request: chatcmpl-e5556db8da944d2f
[0;36m(APIServer pid=1439463)[0;0m INFO 05-23 10:47:59 [serving_chat.py:2938] Diffusion chat completed for request chatcmpl-e5b0e4c0e7f54c73: output_type=image, image_count=1
[0;36m(APIServer pid=1439463)[0;0m INFO:     127.0.0.1:36188 - "POST /v1/chat/completions HTTP/1.1" 200 OK
[0;36m(APIServer pid=1439463)[0;0m INFO 05-23 10:48:01 [serving_chat.py:2650] Diffusion chat request chatcmpl-ff462182685941af: prompt='a realistic documentary photograph showing a jay i...', ref_images=0, params={'extra_args': {'profile_mode': 'e2e_slo_first', 'profile_policy': 'current', 'profile_scale': 2.5, 'profile_trace_id': 'current_scale_2.5', 'profile_shape': '512x512'}, 'height': 512, 'width': 512, 'num_inference_steps': 50, 'seed': 1251, 'reference_cost_ms': 16651.144148781896, 'slo_ms': 41627.86037195474, 'arrival_time_s': 1779504481.826873, 'deadline_time_s': 1779504523.4547334, 'client_request_id': 'current_scale_2.5-0017'}
[0;36m(APIServer pid=1439463)[0;0m INFO 05-23 10:48:01 [stage_diffusion_client.py:313] [StageDiffusionClient] stage-0 [rep-0] add request: chatcmpl-ff462182685941af
[0;36m(APIServer pid=1439463)[0;0m INFO 05-23 10:48:06 [serving_chat.py:2650] Diffusion chat request chatcmpl-b7322bc0dd1f4cf9: prompt='a sharp studio image of a magpie, clear compositio...', ref_images=0, params={'extra_args': {'profile_mode': 'e2e_slo_first', 'profile_policy': 'current', 'profile_scale': 2.5, 'profile_trace_id': 'current_scale_2.5', 'profile_shape': '768x768'}, 'height': 768, 'width': 768, 'num_inference_steps': 50, 'seed': 1252, 'reference_cost_ms': 16463.377065956593, 'slo_ms': 41158.44266489148, 'arrival_time_s': 1779504486.076873, 'deadline_time_s': 1779504527.2353158, 'client_request_id': 'current_scale_2.5-0018'}
[0;36m(APIServer pid=1439463)[0;0m INFO 05-23 10:48:06 [stage_diffusion_client.py:313] [StageDiffusionClient] stage-0 [rep-1] add request: chatcmpl-b7322bc0dd1f4cf9
[0;36m(APIServer pid=1439463)[0;0m INFO 05-23 10:48:09 [serving_chat.py:2938] Diffusion chat completed for request chatcmpl-7439ac08b7a8481b: output_type=image, image_count=1
[0;36m(APIServer pid=1439463)[0;0m INFO:     127.0.0.1:45738 - "POST /v1/chat/completions HTTP/1.1" 200 OK
[0;36m(APIServer pid=1439463)[0;0m INFO 05-23 10:48:10 [serving_chat.py:2938] Diffusion chat completed for request chatcmpl-97c102787df8486a: output_type=image, image_count=1
[0;36m(APIServer pid=1439463)[0;0m INFO:     127.0.0.1:51806 - "POST /v1/chat/completions HTTP/1.1" 200 OK
[0;36m(APIServer pid=1439463)[0;0m INFO 05-23 10:48:10 [serving_chat.py:2650] Diffusion chat request chatcmpl-88ac5dc0b6cf400e: prompt='a photo-realistic scene centered on a chickadee, b...', ref_images=0, params={'extra_args': {'profile_mode': 'e2e_slo_first', 'profile_policy': 'current', 'profile_scale': 2.5, 'profile_trace_id': 'current_scale_2.5', 'profile_shape': '1024x1024'}, 'height': 1024, 'width': 1024, 'num_inference_steps': 50, 'seed': 1253, 'reference_cost_ms': 23089.30584229529, 'slo_ms': 57723.26460573822, 'arrival_time_s': 1779504490.326873, 'deadline_time_s': 1779504548.0501378, 'client_request_id': 'current_scale_2.5-0019'}
[0;36m(APIServer pid=1439463)[0;0m INFO 05-23 10:48:10 [stage_diffusion_client.py:313] [StageDiffusionClient] stage-0 [rep-2] add request: chatcmpl-88ac5dc0b6cf400e
[0;36m(APIServer pid=1439463)[0;0m INFO 05-23 10:48:10 [serving_chat.py:2938] Diffusion chat completed for request chatcmpl-7d9a151b56ff48ce: output_type=image, image_count=1
[0;36m(APIServer pid=1439463)[0;0m INFO:     127.0.0.1:40776 - "POST /v1/chat/completions HTTP/1.1" 200 OK
[0;36m(APIServer pid=1439463)[0;0m INFO 05-23 10:48:10 [serving_chat.py:2938] Diffusion chat completed for request chatcmpl-d9673845e15548fc: output_type=image, image_count=1
[0;36m(APIServer pid=1439463)[0;0m INFO:     127.0.0.1:40796 - "POST /v1/chat/completions HTTP/1.1" 200 OK
[0;36m(APIServer pid=1439463)[0;0m INFO 05-23 10:48:14 [serving_chat.py:2650] Diffusion chat request chatcmpl-4f849d90687d4760: prompt='a high quality photo of a water ouzel, detailed, n...', ref_images=0, params={'extra_args': {'profile_mode': 'e2e_slo_first', 'profile_policy': 'current', 'profile_scale': 2.5, 'profile_trace_id': 'current_scale_2.5', 'profile_shape': '512x512'}, 'height': 512, 'width': 512, 'num_inference_steps': 50, 'seed': 1254, 'reference_cost_ms': 16651.144148781896, 'slo_ms': 41627.86037195474, 'arrival_time_s': 1779504494.576873, 'deadline_time_s': 1779504536.2047334, 'client_request_id': 'current_scale_2.5-0020'}
[0;36m(APIServer pid=1439463)[0;0m INFO 05-23 10:48:14 [stage_diffusion_client.py:313] [StageDiffusionClient] stage-0 [rep-0] add request: chatcmpl-4f849d90687d4760
[0;36m(APIServer pid=1439463)[0;0m INFO 05-23 10:48:18 [serving_chat.py:2650] Diffusion chat request chatcmpl-c75a0ea7e53044ac: prompt='a realistic documentary photograph showing a kite ...', ref_images=0, params={'extra_args': {'profile_mode': 'e2e_slo_first', 'profile_policy': 'current', 'profile_scale': 2.5, 'profile_trace_id': 'current_scale_2.5', 'profile_shape': '768x768'}, 'height': 768, 'width': 768, 'num_inference_steps': 50, 'seed': 1255, 'reference_cost_ms': 16463.377065956593, 'slo_ms': 41158.44266489148, 'arrival_time_s': 1779504498.826873, 'deadline_time_s': 1779504539.9853158, 'client_request_id': 'current_scale_2.5-0021'}
[0;36m(APIServer pid=1439463)[0;0m INFO 05-23 10:48:18 [stage_diffusion_client.py:313] [StageDiffusionClient] stage-0 [rep-1] add request: chatcmpl-c75a0ea7e53044ac
[0;36m(APIServer pid=1439463)[0;0m INFO 05-23 10:48:21 [serving_chat.py:2938] Diffusion chat completed for request chatcmpl-e5556db8da944d2f: output_type=image, image_count=1
[0;36m(APIServer pid=1439463)[0;0m INFO:     127.0.0.1:57954 - "POST /v1/chat/completions HTTP/1.1" 200 OK
[0;36m(APIServer pid=1439463)[0;0m INFO 05-23 10:48:23 [serving_chat.py:2650] Diffusion chat request chatcmpl-0bcc0fbab2c44f08: prompt='a sharp studio image of a bald eagle, clear compos...', ref_images=0, params={'extra_args': {'profile_mode': 'e2e_slo_first', 'profile_policy': 'current', 'profile_scale': 2.5, 'profile_trace_id': 'current_scale_2.5', 'profile_shape': '512x512'}, 'height': 512, 'width': 512, 'num_inference_steps': 50, 'seed': 1256, 'reference_cost_ms': 16651.144148781896, 'slo_ms': 41627.86037195474, 'arrival_time_s': 1779504503.076873, 'deadline_time_s': 1779504544.7047334, 'client_request_id': 'current_scale_2.5-0022'}
[0;36m(APIServer pid=1439463)[0;0m INFO 05-23 10:48:23 [stage_diffusion_client.py:313] [StageDiffusionClient] stage-0 [rep-1] add request: chatcmpl-0bcc0fbab2c44f08
[0;36m(APIServer pid=1439463)[0;0m INFO 05-23 10:48:27 [serving_chat.py:2650] Diffusion chat request chatcmpl-a953e2d9b46a400a: prompt='a photo-realistic scene centered on a vulture, bal...', ref_images=0, params={'extra_args': {'profile_mode': 'e2e_slo_first', 'profile_policy': 'current', 'profile_scale': 2.5, 'profile_trace_id': 'current_scale_2.5', 'profile_shape': '768x768'}, 'height': 768, 'width': 768, 'num_inference_steps': 50, 'seed': 1257, 'reference_cost_ms': 16463.377065956593, 'slo_ms': 41158.44266489148, 'arrival_time_s': 1779504507.326873, 'deadline_time_s': 1779504548.4853158, 'client_request_id': 'current_scale_2.5-0023'}
[0;36m(APIServer pid=1439463)[0;0m INFO 05-23 10:48:27 [stage_diffusion_client.py:313] [StageDiffusionClient] stage-0 [rep-3] add request: chatcmpl-a953e2d9b46a400a
[0;36m(APIServer pid=1439463)[0;0m INFO 05-23 10:48:31 [serving_chat.py:2650] Diffusion chat request chatcmpl-ffc9cb1b015741e4: prompt='a high quality photo of a great grey owl, detailed...', ref_images=0, params={'extra_args': {'profile_mode': 'e2e_slo_first', 'profile_policy': 'current', 'profile_scale': 2.5, 'profile_trace_id': 'current_scale_2.5', 'profile_shape': '1024x1024'}, 'height': 1024, 'width': 1024, 'num_inference_steps': 50, 'seed': 1258, 'reference_cost_ms': 23089.30584229529, 'slo_ms': 57723.26460573822, 'arrival_time_s': 1779504511.576873, 'deadline_time_s': 1779504569.3001378, 'client_request_id': 'current_scale_2.5-0024'}
[0;36m(APIServer pid=1439463)[0;0m INFO 05-23 10:48:31 [stage_diffusion_client.py:313] [StageDiffusionClient] stage-0 [rep-0] add request: chatcmpl-ffc9cb1b015741e4
[0;36m(APIServer pid=1439463)[0;0m INFO 05-23 10:48:33 [serving_chat.py:2938] Diffusion chat completed for request chatcmpl-b093702287444a30: output_type=image, image_count=1
[0;36m(APIServer pid=1439463)[0;0m INFO:     127.0.0.1:58578 - "POST /v1/chat/completions HTTP/1.1" 200 OK
[0;36m(APIServer pid=1439463)[0;0m INFO 05-23 10:48:34 [serving_chat.py:2938] Diffusion chat completed for request chatcmpl-88ac5dc0b6cf400e: output_type=image, image_count=1
[0;36m(APIServer pid=1439463)[0;0m INFO:     127.0.0.1:45738 - "POST /v1/chat/completions HTTP/1.1" 200 OK
[0;36m(APIServer pid=1439463)[0;0m INFO 05-23 10:48:35 [serving_chat.py:2650] Diffusion chat request chatcmpl-fadaaf3e215146a8: prompt='a realistic documentary photograph showing a Europ...', ref_images=0, params={'extra_args': {'profile_mode': 'e2e_slo_first', 'profile_policy': 'current', 'profile_scale': 2.5, 'profile_trace_id': 'current_scale_2.5', 'profile_shape': '512x512'}, 'height': 512, 'width': 512, 'num_inference_steps': 50, 'seed': 1259, 'reference_cost_ms': 16651.144148781896, 'slo_ms': 41627.86037195474, 'arrival_time_s': 1779504515.826873, 'deadline_time_s': 1779504557.4547334, 'client_request_id': 'current_scale_2.5-0025'}
[0;36m(APIServer pid=1439463)[0;0m INFO 05-23 10:48:35 [stage_diffusion_client.py:313] [StageDiffusionClient] stage-0 [rep-1] add request: chatcmpl-fadaaf3e215146a8
[0;36m(APIServer pid=1439463)[0;0m INFO 05-23 10:48:39 [serving_chat.py:2938] Diffusion chat completed for request chatcmpl-ff462182685941af: output_type=image, image_count=1
[0;36m(APIServer pid=1439463)[0;0m INFO:     127.0.0.1:36188 - "POST /v1/chat/completions HTTP/1.1" 200 OK
[0;36m(APIServer pid=1439463)[0;0m INFO 05-23 10:48:39 [serving_chat.py:2938] Diffusion chat completed for request chatcmpl-4f849d90687d4760: output_type=image, image_count=1
[0;36m(APIServer pid=1439463)[0;0m INFO:     127.0.0.1:51806 - "POST /v1/chat/completions HTTP/1.1" 200 OK
[0;36m(APIServer pid=1439463)[0;0m INFO 05-23 10:48:40 [serving_chat.py:2650] Diffusion chat request chatcmpl-4af65c953d5341a1: prompt='a sharp studio image of a common newt, clear compo...', ref_images=0, params={'extra_args': {'profile_mode': 'e2e_slo_first', 'profile_policy': 'current', 'profile_scale': 2.5, 'profile_trace_id': 'current_scale_2.5', 'profile_shape': '768x768'}, 'height': 768, 'width': 768, 'num_inference_steps': 50, 'seed': 1260, 'reference_cost_ms': 16463.377065956593, 'slo_ms': 41158.44266489148, 'arrival_time_s': 1779504520.076873, 'deadline_time_s': 1779504561.2353158, 'client_request_id': 'current_scale_2.5-0026'}
[0;36m(APIServer pid=1439463)[0;0m INFO 05-23 10:48:40 [stage_diffusion_client.py:313] [StageDiffusionClient] stage-0 [rep-1] add request: chatcmpl-4af65c953d5341a1
[0;36m(APIServer pid=1439463)[0;0m INFO 05-23 10:48:44 [serving_chat.py:2650] Diffusion chat request chatcmpl-2ea6ab6e5a064865: prompt='a photo-realistic scene centered on a eft, balance...', ref_images=0, params={'extra_args': {'profile_mode': 'e2e_slo_first', 'profile_policy': 'current', 'profile_scale': 2.5, 'profile_trace_id': 'current_scale_2.5', 'profile_shape': '512x512'}, 'height': 512, 'width': 512, 'num_inference_steps': 50, 'seed': 1261, 'reference_cost_ms': 16651.144148781896, 'slo_ms': 41627.86037195474, 'arrival_time_s': 1779504524.326873, 'deadline_time_s': 1779504565.9547334, 'client_request_id': 'current_scale_2.5-0027'}
[0;36m(APIServer pid=1439463)[0;0m INFO 05-23 10:48:44 [stage_diffusion_client.py:313] [StageDiffusionClient] stage-0 [rep-1] add request: chatcmpl-2ea6ab6e5a064865
[0;36m(APIServer pid=1439463)[0;0m INFO 05-23 10:48:46 [serving_chat.py:2938] Diffusion chat completed for request chatcmpl-a953e2d9b46a400a: output_type=image, image_count=1
[0;36m(APIServer pid=1439463)[0;0m INFO:     127.0.0.1:50040 - "POST /v1/chat/completions HTTP/1.1" 200 OK
[0;36m(APIServer pid=1439463)[0;0m INFO 05-23 10:48:48 [serving_chat.py:2650] Diffusion chat request chatcmpl-3bdc274dee4b48ed: prompt='a high quality photo of a spotted salamander, deta...', ref_images=0, params={'extra_args': {'profile_mode': 'e2e_slo_first', 'profile_policy': 'current', 'profile_scale': 2.5, 'profile_trace_id': 'current_scale_2.5', 'profile_shape': '768x768'}, 'height': 768, 'width': 768, 'num_inference_steps': 50, 'seed': 1262, 'reference_cost_ms': 16463.377065956593, 'slo_ms': 41158.44266489148, 'arrival_time_s': 1779504528.576873, 'deadline_time_s': 1779504569.7353158, 'client_request_id': 'current_scale_2.5-0028'}
[0;36m(APIServer pid=1439463)[0;0m INFO 05-23 10:48:48 [stage_diffusion_client.py:313] [StageDiffusionClient] stage-0 [rep-2] add request: chatcmpl-3bdc274dee4b48ed
[0;36m(APIServer pid=1439463)[0;0m INFO 05-23 10:48:50 [serving_chat.py:2938] Diffusion chat completed for request chatcmpl-c7142863d46943f7: output_type=image, image_count=1
[0;36m(APIServer pid=1439463)[0;0m INFO:     127.0.0.1:40782 - "POST /v1/chat/completions HTTP/1.1" 200 OK
..[0;36m(APIServer pid=1439463)[0;0m INFO 05-23 10:48:52 [serving_chat.py:2650] Diffusion chat request chatcmpl-f1665cca455d48c1: prompt='a realistic documentary photograph showing a axolo...', ref_images=0, params={'extra_args': {'profile_mode': 'e2e_slo_first', 'profile_policy': 'current', 'profile_scale': 2.5, 'profile_trace_id': 'current_scale_2.5', 'profile_shape': '1024x1024'}, 'height': 1024, 'width': 1024, 'num_inference_steps': 50, 'seed': 1263, 'reference_cost_ms': 23089.30584229529, 'slo_ms': 57723.26460573822, 'arrival_time_s': 1779504532.826873, 'deadline_time_s': 1779504590.5501378, 'client_request_id': 'current_scale_2.5-0029'}
[0;36m(APIServer pid=1439463)[0;0m INFO 05-23 10:48:52 [stage_diffusion_client.py:313] [StageDiffusionClient] stage-0 [rep-3] add request: chatcmpl-f1665cca455d48c1
[0;36m(APIServer pid=1439463)[0;0m INFO 05-23 10:48:57 [serving_chat.py:2650] Diffusion chat request chatcmpl-89ff7eff434741d8: prompt='a sharp studio image of a bullfrog, clear composit...', ref_images=0, params={'extra_args': {'profile_mode': 'e2e_slo_first', 'profile_policy': 'current', 'profile_scale': 2.5, 'profile_trace_id': 'current_scale_2.5', 'profile_shape': '512x512'}, 'height': 512, 'width': 512, 'num_inference_steps': 50, 'seed': 1264, 'reference_cost_ms': 16651.144148781896, 'slo_ms': 41627.86037195474, 'arrival_time_s': 1779504537.076873, 'deadline_time_s': 1779504578.7047334, 'client_request_id': 'current_scale_2.5-0030'}
[0;36m(APIServer pid=1439463)[0;0m INFO 05-23 10:48:57 [stage_diffusion_client.py:313] [StageDiffusionClient] stage-0 [rep-3] add request: chatcmpl-89ff7eff434741d8
[0;36m(APIServer pid=1439463)[0;0m INFO 05-23 10:49:01 [serving_chat.py:2650] Diffusion chat request chatcmpl-9dd15d98ee59409e: prompt='a photo-realistic scene centered on a tree frog, b...', ref_images=0, params={'extra_args': {'profile_mode': 'e2e_slo_first', 'profile_policy': 'current', 'profile_scale': 2.5, 'profile_trace_id': 'current_scale_2.5', 'profile_shape': '768x768'}, 'height': 768, 'width': 768, 'num_inference_steps': 50, 'seed': 1265, 'reference_cost_ms': 16463.377065956593, 'slo_ms': 41158.44266489148, 'arrival_time_s': 1779504541.326873, 'deadline_time_s': 1779504582.4853158, 'client_request_id': 'current_scale_2.5-0031'}
[0;36m(APIServer pid=1439463)[0;0m INFO 05-23 10:49:01 [stage_diffusion_client.py:313] [StageDiffusionClient] stage-0 [rep-0] add request: chatcmpl-9dd15d98ee59409e
[0;36m(APIServer pid=1439463)[0;0m INFO 05-23 10:49:02 [serving_chat.py:2938] Diffusion chat completed for request chatcmpl-ffc9cb1b015741e4: output_type=image, image_count=1
[0;36m(APIServer pid=1439463)[0;0m INFO:     127.0.0.1:50044 - "POST /v1/chat/completions HTTP/1.1" 200 OK
[0;36m(APIServer pid=1439463)[0;0m INFO 05-23 10:49:05 [serving_chat.py:2650] Diffusion chat request chatcmpl-f0aa169c6b044481: prompt='a high quality photo of a tailed frog, detailed, n...', ref_images=0, params={'extra_args': {'profile_mode': 'e2e_slo_first', 'profile_policy': 'current', 'profile_scale': 2.5, 'profile_trace_id': 'current_scale_2.5', 'profile_shape': '512x512'}, 'height': 512, 'width': 512, 'num_inference_steps': 50, 'seed': 1266, 'reference_cost_ms': 16651.144148781896, 'slo_ms': 41627.86037195474, 'arrival_time_s': 1779504545.576873, 'deadline_time_s': 1779504587.2047334, 'client_request_id': 'current_scale_2.5-0032'}
[0;36m(APIServer pid=1439463)[0;0m INFO 05-23 10:49:05 [stage_diffusion_client.py:313] [StageDiffusionClient] stage-0 [rep-0] add request: chatcmpl-f0aa169c6b044481
[0;36m(APIServer pid=1439463)[0;0m INFO 05-23 10:49:08 [serving_chat.py:2938] Diffusion chat completed for request chatcmpl-3bdc274dee4b48ed: output_type=image, image_count=1
[0;36m(APIServer pid=1439463)[0;0m INFO:     127.0.0.1:50040 - "POST /v1/chat/completions HTTP/1.1" 200 OK
[0;36m(APIServer pid=1439463)[0;0m INFO 05-23 10:49:09 [serving_chat.py:2650] Diffusion chat request chatcmpl-a94700dab80c4b1d: prompt='a realistic documentary photograph showing a logge...', ref_images=0, params={'extra_args': {'profile_mode': 'e2e_slo_first', 'profile_policy': 'current', 'profile_scale': 2.5, 'profile_trace_id': 'current_scale_2.5', 'profile_shape': '768x768'}, 'height': 768, 'width': 768, 'num_inference_steps': 50, 'seed': 1267, 'reference_cost_ms': 16463.377065956593, 'slo_ms': 41158.44266489148, 'arrival_time_s': 1779504549.826873, 'deadline_time_s': 1779504590.9853158, 'client_request_id': 'current_scale_2.5-0033'}
[0;36m(APIServer pid=1439463)[0;0m INFO 05-23 10:49:09 [stage_diffusion_client.py:313] [StageDiffusionClient] stage-0 [rep-0] add request: chatcmpl-a94700dab80c4b1d
[0;36m(APIServer pid=1439463)[0;0m INFO 05-23 10:49:14 [serving_chat.py:2650] Diffusion chat request chatcmpl-707d8772d1c5481e: prompt='a sharp studio image of a leatherback turtle, clea...', ref_images=0, params={'extra_args': {'profile_mode': 'e2e_slo_first', 'profile_policy': 'current', 'profile_scale': 2.5, 'profile_trace_id': 'current_scale_2.5', 'profile_shape': '1024x1024'}, 'height': 1024, 'width': 1024, 'num_inference_steps': 50, 'seed': 1268, 'reference_cost_ms': 23089.30584229529, 'slo_ms': 57723.26460573822, 'arrival_time_s': 1779504554.076873, 'deadline_time_s': 1779504611.8001378, 'client_request_id': 'current_scale_2.5-0034'}
[0;36m(APIServer pid=1439463)[0;0m INFO 05-23 10:49:14 [stage_diffusion_client.py:313] [StageDiffusionClient] stage-0 [rep-3] add request: chatcmpl-707d8772d1c5481e
[0;36m(APIServer pid=1439463)[0;0m INFO 05-23 10:49:17 [serving_chat.py:2938] Diffusion chat completed for request chatcmpl-f1665cca455d48c1: output_type=image, image_count=1
[0;36m(APIServer pid=1439463)[0;0m INFO:     127.0.0.1:40782 - "POST /v1/chat/completions HTTP/1.1" 200 OK
[0;36m(APIServer pid=1439463)[0;0m INFO 05-23 10:49:18 [serving_chat.py:2938] Diffusion chat completed for request chatcmpl-c75a0ea7e53044ac: output_type=image, image_count=1
[0;36m(APIServer pid=1439463)[0;0m INFO:     127.0.0.1:37840 - "POST /v1/chat/completions HTTP/1.1" 200 OK
[0;36m(APIServer pid=1439463)[0;0m INFO 05-23 10:49:18 [serving_chat.py:2650] Diffusion chat request chatcmpl-78ca5890424b4014: prompt='a photo-realistic scene centered on a mud turtle, ...', ref_images=0, params={'extra_args': {'profile_mode': 'e2e_slo_first', 'profile_policy': 'current', 'profile_scale': 2.5, 'profile_trace_id': 'current_scale_2.5', 'profile_shape': '512x512'}, 'height': 512, 'width': 512, 'num_inference_steps': 50, 'seed': 1269, 'reference_cost_ms': 16651.144148781896, 'slo_ms': 41627.86037195474, 'arrival_time_s': 1779504558.326873, 'deadline_time_s': 1779504599.9547334, 'client_request_id': 'current_scale_2.5-0035'}
[0;36m(APIServer pid=1439463)[0;0m INFO 05-23 10:49:18 [stage_diffusion_client.py:313] [StageDiffusionClient] stage-0 [rep-0] add request: chatcmpl-78ca5890424b4014
[0;36m(APIServer pid=1439463)[0;0m INFO 05-23 10:49:18 [serving_chat.py:2938] Diffusion chat completed for request chatcmpl-b7322bc0dd1f4cf9: output_type=image, image_count=1
[0;36m(APIServer pid=1439463)[0;0m INFO:     127.0.0.1:42276 - "POST /v1/chat/completions HTTP/1.1" 200 OK
[0;36m(APIServer pid=1439463)[0;0m INFO 05-23 10:49:19 [serving_chat.py:2938] Diffusion chat completed for request chatcmpl-9dd15d98ee59409e: output_type=image, image_count=1
[0;36m(APIServer pid=1439463)[0;0m INFO:     127.0.0.1:41442 - "POST /v1/chat/completions HTTP/1.1" 200 OK
[0;36m(APIServer pid=1439463)[0;0m INFO 05-23 10:49:22 [serving_chat.py:2650] Diffusion chat request chatcmpl-ad8c04af55944d45: prompt='a high quality photo of a terrapin, detailed, natu...', ref_images=0, params={'extra_args': {'profile_mode': 'e2e_slo_first', 'profile_policy': 'current', 'profile_scale': 2.5, 'profile_trace_id': 'current_scale_2.5', 'profile_shape': '768x768'}, 'height': 768, 'width': 768, 'num_inference_steps': 50, 'seed': 1270, 'reference_cost_ms': 16463.377065956593, 'slo_ms': 41158.44266489148, 'arrival_time_s': 1779504562.576873, 'deadline_time_s': 1779504603.7353158, 'client_request_id': 'current_scale_2.5-0036'}
[0;36m(APIServer pid=1439463)[0;0m INFO 05-23 10:49:22 [stage_diffusion_client.py:313] [StageDiffusionClient] stage-0 [rep-1] add request: chatcmpl-ad8c04af55944d45
[0;36m(APIServer pid=1439463)[0;0m INFO 05-23 10:49:26 [serving_chat.py:2650] Diffusion chat request chatcmpl-debce3e755524c2d: prompt='a realistic documentary photograph showing a box t...', ref_images=0, params={'extra_args': {'profile_mode': 'e2e_slo_first', 'profile_policy': 'current', 'profile_scale': 2.5, 'profile_trace_id': 'current_scale_2.5', 'profile_shape': '512x512'}, 'height': 512, 'width': 512, 'num_inference_steps': 50, 'seed': 1271, 'reference_cost_ms': 16651.144148781896, 'slo_ms': 41627.86037195474, 'arrival_time_s': 1779504566.826873, 'deadline_time_s': 1779504608.4547334, 'client_request_id': 'current_scale_2.5-0037'}
[0;36m(APIServer pid=1439463)[0;0m INFO 05-23 10:49:26 [stage_diffusion_client.py:313] [StageDiffusionClient] stage-0 [rep-0] add request: chatcmpl-debce3e755524c2d
[0;36m(APIServer pid=1439463)[0;0m INFO 05-23 10:49:31 [serving_chat.py:2650] Diffusion chat request chatcmpl-2120b415f9444ca2: prompt='a sharp studio image of a banded gecko, clear comp...', ref_images=0, params={'extra_args': {'profile_mode': 'e2e_slo_first', 'profile_policy': 'current', 'profile_scale': 2.5, 'profile_trace_id': 'current_scale_2.5', 'profile_shape': '768x768'}, 'height': 768, 'width': 768, 'num_inference_steps': 50, 'seed': 1272, 'reference_cost_ms': 16463.377065956593, 'slo_ms': 41158.44266489148, 'arrival_time_s': 1779504571.076873, 'deadline_time_s': 1779504612.2353158, 'client_request_id': 'current_scale_2.5-0038'}
[0;36m(APIServer pid=1439463)[0;0m INFO 05-23 10:49:31 [stage_diffusion_client.py:313] [StageDiffusionClient] stage-0 [rep-0] add request: chatcmpl-2120b415f9444ca2
[0;36m(APIServer pid=1439463)[0;0m INFO 05-23 10:49:34 [serving_chat.py:2938] Diffusion chat completed for request chatcmpl-89ff7eff434741d8: output_type=image, image_count=1
[0;36m(APIServer pid=1439463)[0;0m INFO:     127.0.0.1:41428 - "POST /v1/chat/completions HTTP/1.1" 200 OK
[0;36m(APIServer pid=1439463)[0;0m INFO 05-23 10:49:35 [serving_chat.py:2650] Diffusion chat request chatcmpl-84a5b89feec04c09: prompt='a photo-realistic scene centered on a common iguan...', ref_images=0, params={'extra_args': {'profile_mode': 'e2e_slo_first', 'profile_policy': 'current', 'profile_scale': 2.5, 'profile_trace_id': 'current_scale_2.5', 'profile_shape': '1024x1024'}, 'height': 1024, 'width': 1024, 'num_inference_steps': 50, 'seed': 1273, 'reference_cost_ms': 23089.30584229529, 'slo_ms': 57723.26460573822, 'arrival_time_s': 1779504575.326873, 'deadline_time_s': 1779504633.0501378, 'client_request_id': 'current_scale_2.5-0039'}
[0;36m(APIServer pid=1439463)[0;0m INFO 05-23 10:49:35 [stage_diffusion_client.py:313] [StageDiffusionClient] stage-0 [rep-2] add request: chatcmpl-84a5b89feec04c09
[0;36m(APIServer pid=1439463)[0;0m INFO 05-23 10:49:36 [serving_chat.py:2938] Diffusion chat completed for request chatcmpl-f0aa169c6b044481: output_type=image, image_count=1
[0;36m(APIServer pid=1439463)[0;0m INFO:     127.0.0.1:50044 - "POST /v1/chat/completions HTTP/1.1" 200 OK
[0;36m(APIServer pid=1439463)[0;0m INFO 05-23 10:49:37 [serving_chat.py:2938] Diffusion chat completed for request chatcmpl-fadaaf3e215146a8: output_type=image, image_count=1
[0;36m(APIServer pid=1439463)[0;0m INFO:     127.0.0.1:58578 - "POST /v1/chat/completions HTTP/1.1" 200 OK
[0;36m(APIServer pid=1439463)[0;0m INFO 05-23 10:49:37 [serving_chat.py:2938] Diffusion chat completed for request chatcmpl-0bcc0fbab2c44f08: output_type=image, image_count=1
[0;36m(APIServer pid=1439463)[0;0m INFO:     127.0.0.1:57954 - "POST /v1/chat/completions HTTP/1.1" 200 OK
[0;36m(APIServer pid=1439463)[0;0m INFO 05-23 10:49:39 [serving_chat.py:2650] Diffusion chat request chatcmpl-41a3c3eb2d964feb: prompt='a high quality photo of a American chameleon, deta...', ref_images=0, params={'extra_args': {'profile_mode': 'e2e_slo_first', 'profile_policy': 'current', 'profile_scale': 2.5, 'profile_trace_id': 'current_scale_2.5', 'profile_shape': '512x512'}, 'height': 512, 'width': 512, 'num_inference_steps': 50, 'seed': 1274, 'reference_cost_ms': 16651.144148781896, 'slo_ms': 41627.86037195474, 'arrival_time_s': 1779504579.576873, 'deadline_time_s': 1779504621.2047334, 'client_request_id': 'current_scale_2.5-0040'}
[0;36m(APIServer pid=1439463)[0;0m INFO 05-23 10:49:39 [stage_diffusion_client.py:313] [StageDiffusionClient] stage-0 [rep-0] add request: chatcmpl-41a3c3eb2d964feb
[0;36m(APIServer pid=1439463)[0;0m INFO 05-23 10:49:43 [serving_chat.py:2650] Diffusion chat request chatcmpl-af382128fe4346db: prompt='a realistic documentary photograph showing a whipt...', ref_images=0, params={'extra_args': {'profile_mode': 'e2e_slo_first', 'profile_policy': 'current', 'profile_scale': 2.5, 'profile_trace_id': 'current_scale_2.5', 'profile_shape': '768x768'}, 'height': 768, 'width': 768, 'num_inference_steps': 50, 'seed': 1275, 'reference_cost_ms': 16463.377065956593, 'slo_ms': 41158.44266489148, 'arrival_time_s': 1779504583.826873, 'deadline_time_s': 1779504624.9853158, 'client_request_id': 'current_scale_2.5-0041'}
[0;36m(APIServer pid=1439463)[0;0m INFO 05-23 10:49:43 [stage_diffusion_client.py:313] [StageDiffusionClient] stage-0 [rep-2] add request: chatcmpl-af382128fe4346db
[0;36m(APIServer pid=1439463)[0;0m INFO 05-23 10:49:48 [serving_chat.py:2650] Diffusion chat request chatcmpl-f1744e28c530465e: prompt='a sharp studio image of a agama, clear composition...', ref_images=0, params={'extra_args': {'profile_mode': 'e2e_slo_first', 'profile_policy': 'current', 'profile_scale': 2.5, 'profile_trace_id': 'current_scale_2.5', 'profile_shape': '512x512'}, 'height': 512, 'width': 512, 'num_inference_steps': 50, 'seed': 1276, 'reference_cost_ms': 16651.144148781896, 'slo_ms': 41627.86037195474, 'arrival_time_s': 1779504588.076873, 'deadline_time_s': 1779504629.7047334, 'client_request_id': 'current_scale_2.5-0042'}
[0;36m(APIServer pid=1439463)[0;0m INFO 05-23 10:49:48 [stage_diffusion_client.py:313] [StageDiffusionClient] stage-0 [rep-3] add request: chatcmpl-f1744e28c530465e
[0;36m(APIServer pid=1439463)[0;0m INFO 05-23 10:49:52 [serving_chat.py:2650] Diffusion chat request chatcmpl-9d36dbfbc2134022: prompt='a photo-realistic scene centered on a frilled liza...', ref_images=0, params={'extra_args': {'profile_mode': 'e2e_slo_first', 'profile_policy': 'current', 'profile_scale': 2.5, 'profile_trace_id': 'current_scale_2.5', 'profile_shape': '768x768'}, 'height': 768, 'width': 768, 'num_inference_steps': 50, 'seed': 1277, 'reference_cost_ms': 16463.377065956593, 'slo_ms': 41158.44266489148, 'arrival_time_s': 1779504592.326873, 'deadline_time_s': 1779504633.4853158, 'client_request_id': 'current_scale_2.5-0043'}
[0;36m(APIServer pid=1439463)[0;0m INFO 05-23 10:49:52 [stage_diffusion_client.py:313] [StageDiffusionClient] stage-0 [rep-2] add request: chatcmpl-9d36dbfbc2134022
[0;36m(APIServer pid=1439463)[0;0m INFO 05-23 10:49:54 [serving_chat.py:2938] Diffusion chat completed for request chatcmpl-a94700dab80c4b1d: output_type=image, image_count=1
[0;36m(APIServer pid=1439463)[0;0m INFO:     127.0.0.1:50040 - "POST /v1/chat/completions HTTP/1.1" 200 OK
[0;36m(APIServer pid=1439463)[0;0m INFO 05-23 10:49:55 [serving_chat.py:2938] Diffusion chat completed for request chatcmpl-4af65c953d5341a1: output_type=image, image_count=1
[0;36m(APIServer pid=1439463)[0;0m INFO:     127.0.0.1:36188 - "POST /v1/chat/completions HTTP/1.1" 200 OK
[0;36m(APIServer pid=1439463)[0;0m INFO 05-23 10:49:56 [serving_chat.py:2650] Diffusion chat request chatcmpl-c8d3e4559d6c4824: prompt='a high quality photo of a alligator lizard, detail...', ref_images=0, params={'extra_args': {'profile_mode': 'e2e_slo_first', 'profile_policy': 'current', 'profile_scale': 2.5, 'profile_trace_id': 'current_scale_2.5', 'profile_shape': '1024x1024'}, 'height': 1024, 'width': 1024, 'num_inference_steps': 50, 'seed': 1278, 'reference_cost_ms': 23089.30584229529, 'slo_ms': 57723.26460573822, 'arrival_time_s': 1779504596.576873, 'deadline_time_s': 1779504654.3001378, 'client_request_id': 'current_scale_2.5-0044'}
[0;36m(APIServer pid=1439463)[0;0m INFO 05-23 10:49:56 [stage_diffusion_client.py:313] [StageDiffusionClient] stage-0 [rep-2] add request: chatcmpl-c8d3e4559d6c4824
[0;36m(APIServer pid=1439463)[0;0m INFO 05-23 10:49:58 [serving_chat.py:2938] Diffusion chat completed for request chatcmpl-707d8772d1c5481e: output_type=image, image_count=1
[0;36m(APIServer pid=1439463)[0;0m INFO:     127.0.0.1:57448 - "POST /v1/chat/completions HTTP/1.1" 200 OK
..[0;36m(APIServer pid=1439463)[0;0m INFO 05-23 10:49:59 [serving_chat.py:2938] Diffusion chat completed for request chatcmpl-84a5b89feec04c09: output_type=image, image_count=1
[0;36m(APIServer pid=1439463)[0;0m INFO:     127.0.0.1:41428 - "POST /v1/chat/completions HTTP/1.1" 200 OK
[0;36m(APIServer pid=1439463)[0;0m INFO 05-23 10:50:00 [serving_chat.py:2650] Diffusion chat request chatcmpl-288e45b1d03043d4: prompt='a realistic documentary photograph showing a Gila ...', ref_images=0, params={'extra_args': {'profile_mode': 'e2e_slo_first', 'profile_policy': 'current', 'profile_scale': 2.5, 'profile_trace_id': 'current_scale_2.5', 'profile_shape': '512x512'}, 'height': 512, 'width': 512, 'num_inference_steps': 50, 'seed': 1279, 'reference_cost_ms': 16651.144148781896, 'slo_ms': 41627.86037195474, 'arrival_time_s': 1779504600.826873, 'deadline_time_s': 1779504642.4547334, 'client_request_id': 'current_scale_2.5-0045'}
[0;36m(APIServer pid=1439463)[0;0m INFO 05-23 10:50:00 [stage_diffusion_client.py:313] [StageDiffusionClient] stage-0 [rep-0] add request: chatcmpl-288e45b1d03043d4
[0;36m(APIServer pid=1439463)[0;0m INFO 05-23 10:50:05 [serving_chat.py:2650] Diffusion chat request chatcmpl-56ed627710534912: prompt='a sharp studio image of a green lizard, clear comp...', ref_images=0, params={'extra_args': {'profile_mode': 'e2e_slo_first', 'profile_policy': 'current', 'profile_scale': 2.5, 'profile_trace_id': 'current_scale_2.5', 'profile_shape': '768x768'}, 'height': 768, 'width': 768, 'num_inference_steps': 50, 'seed': 1280, 'reference_cost_ms': 16463.377065956593, 'slo_ms': 41158.44266489148, 'arrival_time_s': 1779504605.076873, 'deadline_time_s': 1779504646.2353158, 'client_request_id': 'current_scale_2.5-0046'}
[0;36m(APIServer pid=1439463)[0;0m INFO 05-23 10:50:05 [stage_diffusion_client.py:313] [StageDiffusionClient] stage-0 [rep-3] add request: chatcmpl-56ed627710534912
[0;36m(APIServer pid=1439463)[0;0m INFO 05-23 10:50:09 [serving_chat.py:2650] Diffusion chat request chatcmpl-1a8b51bcb6b74707: prompt='a photo-realistic scene centered on a African cham...', ref_images=0, params={'extra_args': {'profile_mode': 'e2e_slo_first', 'profile_policy': 'current', 'profile_scale': 2.5, 'profile_trace_id': 'current_scale_2.5', 'profile_shape': '512x512'}, 'height': 512, 'width': 512, 'num_inference_steps': 50, 'seed': 1281, 'reference_cost_ms': 16651.144148781896, 'slo_ms': 41627.86037195474, 'arrival_time_s': 1779504609.326873, 'deadline_time_s': 1779504650.9547334, 'client_request_id': 'current_scale_2.5-0047'}
[0;36m(APIServer pid=1439463)[0;0m INFO 05-23 10:50:09 [stage_diffusion_client.py:313] [StageDiffusionClient] stage-0 [rep-1] add request: chatcmpl-1a8b51bcb6b74707
[0;36m(APIServer pid=1439463)[0;0m INFO 05-23 10:50:11 [serving_chat.py:2938] Diffusion chat completed for request chatcmpl-78ca5890424b4014: output_type=image, image_count=1
[0;36m(APIServer pid=1439463)[0;0m INFO:     127.0.0.1:40782 - "POST /v1/chat/completions HTTP/1.1" 200 OK
[0;36m(APIServer pid=1439463)[0;0m INFO 05-23 10:50:12 [serving_chat.py:2938] Diffusion chat completed for request chatcmpl-debce3e755524c2d: output_type=image, image_count=1
[0;36m(APIServer pid=1439463)[0;0m INFO:     127.0.0.1:35384 - "POST /v1/chat/completions HTTP/1.1" 200 OK
[0;36m(APIServer pid=1439463)[0;0m INFO 05-23 10:50:12 [serving_chat.py:2938] Diffusion chat completed for request chatcmpl-2ea6ab6e5a064865: output_type=image, image_count=1
[0;36m(APIServer pid=1439463)[0;0m INFO:     127.0.0.1:40730 - "POST /v1/chat/completions HTTP/1.1" 200 OK
[0;36m(APIServer pid=1439463)[0;0m INFO 05-23 10:50:13 [serving_chat.py:2650] Diffusion chat request chatcmpl-21e4faf20cdd496e: prompt='a high quality photo of a Komodo dragon, detailed,...', ref_images=0, params={'extra_args': {'profile_mode': 'e2e_slo_first', 'profile_policy': 'current', 'profile_scale': 2.5, 'profile_trace_id': 'current_scale_2.5', 'profile_shape': '768x768'}, 'height': 768, 'width': 768, 'num_inference_steps': 50, 'seed': 1282, 'reference_cost_ms': 16463.377065956593, 'slo_ms': 41158.44266489148, 'arrival_time_s': 1779504613.576873, 'deadline_time_s': 1779504654.7353158, 'client_request_id': 'current_scale_2.5-0048'}
[0;36m(APIServer pid=1439463)[0;0m INFO 05-23 10:50:13 [stage_diffusion_client.py:313] [StageDiffusionClient] stage-0 [rep-3] add request: chatcmpl-21e4faf20cdd496e
[0;36m(APIServer pid=1439463)[0;0m INFO 05-23 10:50:15 [serving_chat.py:2938] Diffusion chat completed for request chatcmpl-f1744e28c530465e: output_type=image, image_count=1
[0;36m(APIServer pid=1439463)[0;0m INFO:     127.0.0.1:41664 - "POST /v1/chat/completions HTTP/1.1" 200 OK
..[0;36m(APIServer pid=1439463)[0;0m INFO 05-23 10:50:17 [serving_chat.py:2650] Diffusion chat request chatcmpl-5b4b01ad532748f7: prompt='a realistic documentary photograph showing a Afric...', ref_images=0, params={'extra_args': {'profile_mode': 'e2e_slo_first', 'profile_policy': 'current', 'profile_scale': 2.5, 'profile_trace_id': 'current_scale_2.5', 'profile_shape': '1024x1024'}, 'height': 1024, 'width': 1024, 'num_inference_steps': 50, 'seed': 1283, 'reference_cost_ms': 23089.30584229529, 'slo_ms': 57723.26460573822, 'arrival_time_s': 1779504617.826873, 'deadline_time_s': 1779504675.5501378, 'client_request_id': 'current_scale_2.5-0049'}
[0;36m(APIServer pid=1439463)[0;0m INFO 05-23 10:50:17 [stage_diffusion_client.py:313] [StageDiffusionClient] stage-0 [rep-3] add request: chatcmpl-5b4b01ad532748f7
[0;36m(APIServer pid=1439463)[0;0m INFO 05-23 10:50:22 [serving_chat.py:2650] Diffusion chat request chatcmpl-46913e48dbc04c2f: prompt='a sharp studio image of a American alligator, clea...', ref_images=0, params={'extra_args': {'profile_mode': 'e2e_slo_first', 'profile_policy': 'current', 'profile_scale': 2.5, 'profile_trace_id': 'current_scale_2.5', 'profile_shape': '512x512'}, 'height': 512, 'width': 512, 'num_inference_steps': 50, 'seed': 1284, 'reference_cost_ms': 16651.144148781896, 'slo_ms': 41627.86037195474, 'arrival_time_s': 1779504622.076873, 'deadline_time_s': 1779504663.7047334, 'client_request_id': 'current_scale_2.5-0050'}
[0;36m(APIServer pid=1439463)[0;0m INFO 05-23 10:50:22 [stage_diffusion_client.py:313] [StageDiffusionClient] stage-0 [rep-0] add request: chatcmpl-46913e48dbc04c2f
[0;36m(APIServer pid=1439463)[0;0m INFO 05-23 10:50:26 [serving_chat.py:2938] Diffusion chat completed for request chatcmpl-9d36dbfbc2134022: output_type=image, image_count=1
[0;36m(APIServer pid=1439463)[0;0m INFO:     127.0.0.1:41666 - "POST /v1/chat/completions HTTP/1.1" 200 OK
[0;36m(APIServer pid=1439463)[0;0m INFO 05-23 10:50:26 [serving_chat.py:2938] Diffusion chat completed for request chatcmpl-af382128fe4346db: output_type=image, image_count=1
[0;36m(APIServer pid=1439463)[0;0m INFO 05-23 10:50:26 [serving_chat.py:2650] Diffusion chat request chatcmpl-3455fced4f4a4217: prompt='a photo-realistic scene centered on a triceratops,...', ref_images=0, params={'extra_args': {'profile_mode': 'e2e_slo_first', 'profile_policy': 'current', 'profile_scale': 2.5, 'profile_trace_id': 'current_scale_2.5', 'profile_shape': '768x768'}, 'height': 768, 'width': 768, 'num_inference_steps': 50, 'seed': 1285, 'reference_cost_ms': 16463.377065956593, 'slo_ms': 41158.44266489148, 'arrival_time_s': 1779504626.326873, 'deadline_time_s': 1779504667.4853158, 'client_request_id': 'current_scale_2.5-0051'}
[0;36m(APIServer pid=1439463)[0;0m INFO:     127.0.0.1:41652 - "POST /v1/chat/completions HTTP/1.1" 200 OK
[0;36m(APIServer pid=1439463)[0;0m INFO 05-23 10:50:27 [stage_diffusion_client.py:313] [StageDiffusionClient] stage-0 [rep-0] add request: chatcmpl-3455fced4f4a4217
[0;36m(APIServer pid=1439463)[0;0m INFO 05-23 10:50:28 [serving_chat.py:2938] Diffusion chat completed for request chatcmpl-2120b415f9444ca2: output_type=image, image_count=1
[0;36m(APIServer pid=1439463)[0;0m INFO:     127.0.0.1:35400 - "POST /v1/chat/completions HTTP/1.1" 200 OK
[0;36m(APIServer pid=1439463)[0;0m INFO 05-23 10:50:30 [serving_chat.py:2938] Diffusion chat completed for request chatcmpl-ad8c04af55944d45: output_type=image, image_count=1
[0;36m(APIServer pid=1439463)[0;0m INFO:     127.0.0.1:37840 - "POST /v1/chat/completions HTTP/1.1" 200 OK
[0;36m(APIServer pid=1439463)[0;0m INFO 05-23 10:50:30 [serving_chat.py:2650] Diffusion chat request chatcmpl-29a8351563dc4df7: prompt='a high quality photo of a thunder snake, detailed,...', ref_images=0, params={'extra_args': {'profile_mode': 'e2e_slo_first', 'profile_policy': 'current', 'profile_scale': 2.5, 'profile_trace_id': 'current_scale_2.5', 'profile_shape': '512x512'}, 'height': 512, 'width': 512, 'num_inference_steps': 50, 'seed': 1286, 'reference_cost_ms': 16651.144148781896, 'slo_ms': 41627.86037195474, 'arrival_time_s': 1779504630.576873, 'deadline_time_s': 1779504672.2047334, 'client_request_id': 'current_scale_2.5-0052'}
[0;36m(APIServer pid=1439463)[0;0m INFO 05-23 10:50:30 [stage_diffusion_client.py:313] [StageDiffusionClient] stage-0 [rep-3] add request: chatcmpl-29a8351563dc4df7
[0;36m(APIServer pid=1439463)[0;0m INFO 05-23 10:50:34 [serving_chat.py:2650] Diffusion chat request chatcmpl-77c3c273c6574b0f: prompt='a realistic documentary photograph showing a ringn...', ref_images=0, params={'extra_args': {'profile_mode': 'e2e_slo_first', 'profile_policy': 'current', 'profile_scale': 2.5, 'profile_trace_id': 'current_scale_2.5', 'profile_shape': '768x768'}, 'height': 768, 'width': 768, 'num_inference_steps': 50, 'seed': 1287, 'reference_cost_ms': 16463.377065956593, 'slo_ms': 41158.44266489148, 'arrival_time_s': 1779504634.826873, 'deadline_time_s': 1779504675.9853158, 'client_request_id': 'current_scale_2.5-0053'}
[0;36m(APIServer pid=1439463)[0;0m INFO 05-23 10:50:34 [stage_diffusion_client.py:313] [StageDiffusionClient] stage-0 [rep-2] add request: chatcmpl-77c3c273c6574b0f
[0;36m(APIServer pid=1439463)[0;0m INFO 05-23 10:50:39 [serving_chat.py:2650] Diffusion chat request chatcmpl-182a95d387a6426b: prompt='a sharp studio image of a hognose snake, clear com...', ref_images=0, params={'extra_args': {'profile_mode': 'e2e_slo_first', 'profile_policy': 'current', 'profile_scale': 2.5, 'profile_trace_id': 'current_scale_2.5', 'profile_shape': '1024x1024'}, 'height': 1024, 'width': 1024, 'num_inference_steps': 50, 'seed': 1288, 'reference_cost_ms': 23089.30584229529, 'slo_ms': 57723.26460573822, 'arrival_time_s': 1779504639.076873, 'deadline_time_s': 1779504696.8001378, 'client_request_id': 'current_scale_2.5-0054'}
[0;36m(APIServer pid=1439463)[0;0m INFO 05-23 10:50:39 [stage_diffusion_client.py:313] [StageDiffusionClient] stage-0 [rep-3] add request: chatcmpl-182a95d387a6426b
[0;36m(APIServer pid=1439463)[0;0m INFO 05-23 10:50:41 [serving_chat.py:2938] Diffusion chat completed for request chatcmpl-21e4faf20cdd496e: output_type=image, image_count=1
[0;36m(APIServer pid=1439463)[0;0m INFO:     127.0.0.1:40782 - "POST /v1/chat/completions HTTP/1.1" 200 OK
[0;36m(APIServer pid=1439463)[0;0m INFO 05-23 10:50:41 [serving_chat.py:2938] Diffusion chat completed for request chatcmpl-56ed627710534912: output_type=image, image_count=1
[0;36m(APIServer pid=1439463)[0;0m INFO:     127.0.0.1:37674 - "POST /v1/chat/completions HTTP/1.1" 200 OK
[0;36m(APIServer pid=1439463)[0;0m INFO 05-23 10:50:43 [serving_chat.py:2650] Diffusion chat request chatcmpl-32909be826804927: prompt='a photo-realistic scene centered on a green snake,...', ref_images=0, params={'extra_args': {'profile_mode': 'e2e_slo_first', 'profile_policy': 'current', 'profile_scale': 2.5, 'profile_trace_id': 'current_scale_2.5', 'profile_shape': '512x512'}, 'height': 512, 'width': 512, 'num_inference_steps': 50, 'seed': 1289, 'reference_cost_ms': 16651.144148781896, 'slo_ms': 41627.86037195474, 'arrival_time_s': 1779504643.326873, 'deadline_time_s': 1779504684.9547334, 'client_request_id': 'current_scale_2.5-0055'}
[0;36m(APIServer pid=1439463)[0;0m INFO 05-23 10:50:43 [stage_diffusion_client.py:313] [StageDiffusionClient] stage-0 [rep-1] add request: chatcmpl-32909be826804927
[0;36m(APIServer pid=1439463)[0;0m INFO 05-23 10:50:47 [serving_chat.py:2650] Diffusion chat request chatcmpl-0f2cb30171384935: prompt='a high quality photo of a king snake, detailed, na...', ref_images=0, params={'extra_args': {'profile_mode': 'e2e_slo_first', 'profile_policy': 'current', 'profile_scale': 2.5, 'profile_trace_id': 'current_scale_2.5', 'profile_shape': '768x768'}, 'height': 768, 'width': 768, 'num_inference_steps': 50, 'seed': 1290, 'reference_cost_ms': 16463.377065956593, 'slo_ms': 41158.44266489148, 'arrival_time_s': 1779504647.576873, 'deadline_time_s': 1779504688.7353158, 'client_request_id': 'current_scale_2.5-0056'}
[0;36m(APIServer pid=1439463)[0;0m INFO 05-23 10:50:47 [stage_diffusion_client.py:313] [StageDiffusionClient] stage-0 [rep-2] add request: chatcmpl-0f2cb30171384935
[0;36m(APIServer pid=1439463)[0;0m INFO 05-23 10:50:47 [serving_chat.py:2938] Diffusion chat completed for request chatcmpl-41a3c3eb2d964feb: output_type=image, image_count=1
[0;36m(APIServer pid=1439463)[0;0m INFO:     127.0.0.1:50044 - "POST /v1/chat/completions HTTP/1.1" 200 OK
[0;36m(APIServer pid=1439463)[0;0m INFO 05-23 10:50:47 [serving_chat.py:2938] Diffusion chat completed for request chatcmpl-288e45b1d03043d4: output_type=image, image_count=1
[0;36m(APIServer pid=1439463)[0;0m INFO 05-23 10:50:48 [serving_chat.py:2938] Diffusion chat completed for request chatcmpl-46913e48dbc04c2f: output_type=image, image_count=1
[0;36m(APIServer pid=1439463)[0;0m INFO:     127.0.0.1:57448 - "POST /v1/chat/completions HTTP/1.1" 200 OK
[0;36m(APIServer pid=1439463)[0;0m INFO:     127.0.0.1:52610 - "POST /v1/chat/completions HTTP/1.1" 200 OK
[0;36m(APIServer pid=1439463)[0;0m INFO 05-23 10:50:49 [serving_chat.py:2938] Diffusion chat completed for request chatcmpl-1a8b51bcb6b74707: output_type=image, image_count=1
[0;36m(APIServer pid=1439463)[0;0m INFO:     127.0.0.1:37688 - "POST /v1/chat/completions HTTP/1.1" 200 OK
[0;36m(APIServer pid=1439463)[0;0m INFO 05-23 10:50:50 [serving_chat.py:2938] Diffusion chat completed for request chatcmpl-c8d3e4559d6c4824: output_type=image, image_count=1
[0;36m(APIServer pid=1439463)[0;0m INFO:     127.0.0.1:50040 - "POST /v1/chat/completions HTTP/1.1" 200 OK
[0;36m(APIServer pid=1439463)[0;0m INFO 05-23 10:50:51 [serving_chat.py:2650] Diffusion chat request chatcmpl-7a4bcbdf8ee64858: prompt='a realistic documentary photograph showing a garte...', ref_images=0, params={'extra_args': {'profile_mode': 'e2e_slo_first', 'profile_policy': 'current', 'profile_scale': 2.5, 'profile_trace_id': 'current_scale_2.5', 'profile_shape': '512x512'}, 'height': 512, 'width': 512, 'num_inference_steps': 50, 'seed': 1291, 'reference_cost_ms': 16651.144148781896, 'slo_ms': 41627.86037195474, 'arrival_time_s': 1779504651.826873, 'deadline_time_s': 1779504693.4547334, 'client_request_id': 'current_scale_2.5-0057'}
[0;36m(APIServer pid=1439463)[0;0m INFO 05-23 10:50:51 [stage_diffusion_client.py:313] [StageDiffusionClient] stage-0 [rep-2] add request: chatcmpl-7a4bcbdf8ee64858
[0;36m(APIServer pid=1439463)[0;0m INFO 05-23 10:50:56 [serving_chat.py:2650] Diffusion chat request chatcmpl-d67cdf30393b485c: prompt='a sharp studio image of a water snake, clear compo...', ref_images=0, params={'extra_args': {'profile_mode': 'e2e_slo_first', 'profile_policy': 'current', 'profile_scale': 2.5, 'profile_trace_id': 'current_scale_2.5', 'profile_shape': '768x768'}, 'height': 768, 'width': 768, 'num_inference_steps': 50, 'seed': 1292, 'reference_cost_ms': 16463.377065956593, 'slo_ms': 41158.44266489148, 'arrival_time_s': 1779504656.076873, 'deadline_time_s': 1779504697.2353158, 'client_request_id': 'current_scale_2.5-0058'}
[0;36m(APIServer pid=1439463)[0;0m INFO 05-23 10:50:56 [stage_diffusion_client.py:313] [StageDiffusionClient] stage-0 [rep-1] add request: chatcmpl-d67cdf30393b485c
[0;36m(APIServer pid=1439463)[0;0m INFO 05-23 10:51:00 [serving_chat.py:2650] Diffusion chat request chatcmpl-7f289aa35b724f10: prompt='a photo-realistic scene centered on a vine snake, ...', ref_images=0, params={'extra_args': {'profile_mode': 'e2e_slo_first', 'profile_policy': 'current', 'profile_scale': 2.5, 'profile_trace_id': 'current_scale_2.5', 'profile_shape': '1024x1024'}, 'height': 1024, 'width': 1024, 'num_inference_steps': 50, 'seed': 1293, 'reference_cost_ms': 23089.30584229529, 'slo_ms': 57723.26460573822, 'arrival_time_s': 1779504660.326873, 'deadline_time_s': 1779504718.0501378, 'client_request_id': 'current_scale_2.5-0059'}
[0;36m(APIServer pid=1439463)[0;0m INFO 05-23 10:51:00 [stage_diffusion_client.py:313] [StageDiffusionClient] stage-0 [rep-0] add request: chatcmpl-7f289aa35b724f10
[0;36m(APIServer pid=1439463)[0;0m INFO 05-23 10:51:02 [serving_chat.py:2938] Diffusion chat completed for request chatcmpl-32909be826804927: output_type=image, image_count=1
[0;36m(APIServer pid=1439463)[0;0m INFO:     127.0.0.1:40782 - "POST /v1/chat/completions HTTP/1.1" 200 OK
[0;36m(APIServer pid=1439463)[0;0m INFO 05-23 10:51:04 [serving_chat.py:2938] Diffusion chat completed for request chatcmpl-3455fced4f4a4217: output_type=image, image_count=1
[0;36m(APIServer pid=1439463)[0;0m INFO:     127.0.0.1:43604 - "POST /v1/chat/completions HTTP/1.1" 200 OK
[0;36m(APIServer pid=1439463)[0;0m INFO 05-23 10:51:04 [serving_chat.py:2650] Diffusion chat request chatcmpl-d994616b67104331: prompt='a high quality photo of a night snake, detailed, n...', ref_images=0, params={'extra_args': {'profile_mode': 'e2e_slo_first', 'profile_policy': 'current', 'profile_scale': 2.5, 'profile_trace_id': 'current_scale_2.5', 'profile_shape': '512x512'}, 'height': 512, 'width': 512, 'num_inference_steps': 50, 'seed': 1294, 'reference_cost_ms': 16651.144148781896, 'slo_ms': 41627.86037195474, 'arrival_time_s': 1779504664.576873, 'deadline_time_s': 1779504706.2047334, 'client_request_id': 'current_scale_2.5-0060'}
[0;36m(APIServer pid=1439463)[0;0m INFO 05-23 10:51:04 [stage_diffusion_client.py:313] [StageDiffusionClient] stage-0 [rep-1] add request: chatcmpl-d994616b67104331
[0;36m(APIServer pid=1439463)[0;0m INFO 05-23 10:51:05 [serving_chat.py:2938] Diffusion chat completed for request chatcmpl-5b4b01ad532748f7: output_type=image, image_count=1
[0;36m(APIServer pid=1439463)[0;0m INFO:     127.0.0.1:40730 - "POST /v1/chat/completions HTTP/1.1" 200 OK
[0;36m(APIServer pid=1439463)[0;0m INFO 05-23 10:51:08 [serving_chat.py:2650] Diffusion chat request chatcmpl-3ddcc73a9a29437a: prompt='a realistic documentary photograph showing a boa c...', ref_images=0, params={'extra_args': {'profile_mode': 'e2e_slo_first', 'profile_policy': 'current', 'profile_scale': 2.5, 'profile_trace_id': 'current_scale_2.5', 'profile_shape': '768x768'}, 'height': 768, 'width': 768, 'num_inference_steps': 50, 'seed': 1295, 'reference_cost_ms': 16463.377065956593, 'slo_ms': 41158.44266489148, 'arrival_time_s': 1779504668.826873, 'deadline_time_s': 1779504709.9853158, 'client_request_id': 'current_scale_2.5-0061'}
[0;36m(APIServer pid=1439463)[0;0m INFO 05-23 10:51:08 [stage_diffusion_client.py:313] [StageDiffusionClient] stage-0 [rep-2] add request: chatcmpl-3ddcc73a9a29437a
[0;36m(APIServer pid=1439463)[0;0m INFO 05-23 10:51:13 [serving_chat.py:2650] Diffusion chat request chatcmpl-74f325c13d9e4242: prompt='a sharp studio image of a rock python, clear compo...', ref_images=0, params={'extra_args': {'profile_mode': 'e2e_slo_first', 'profile_policy': 'current', 'profile_scale': 2.5, 'profile_trace_id': 'current_scale_2.5', 'profile_shape': '512x512'}, 'height': 512, 'width': 512, 'num_inference_steps': 50, 'seed': 1296, 'reference_cost_ms': 16651.144148781896, 'slo_ms': 41627.86037195474, 'arrival_time_s': 1779504673.076873, 'deadline_time_s': 1779504714.7047334, 'client_request_id': 'current_scale_2.5-0062'}
[0;36m(APIServer pid=1439463)[0;0m INFO 05-23 10:51:13 [stage_diffusion_client.py:313] [StageDiffusionClient] stage-0 [rep-3] add request: chatcmpl-74f325c13d9e4242
[0;36m(APIServer pid=1439463)[0;0m INFO 05-23 10:51:15 [serving_chat.py:2938] Diffusion chat completed for request chatcmpl-77c3c273c6574b0f: output_type=image, image_count=1
[0;36m(APIServer pid=1439463)[0;0m INFO:     127.0.0.1:37840 - "POST /v1/chat/completions HTTP/1.1" 200 OK
[0;36m(APIServer pid=1439463)[0;0m INFO 05-23 10:51:16 [serving_chat.py:2938] Diffusion chat completed for request chatcmpl-0f2cb30171384935: output_type=image, image_count=1
[0;36m(APIServer pid=1439463)[0;0m INFO:     127.0.0.1:38066 - "POST /v1/chat/completions HTTP/1.1" 200 OK
[0;36m(APIServer pid=1439463)[0;0m INFO 05-23 10:51:17 [serving_chat.py:2650] Diffusion chat request chatcmpl-fe702406fec04ce1: prompt='a photo-realistic scene centered on a Indian cobra...', ref_images=0, params={'extra_args': {'profile_mode': 'e2e_slo_first', 'profile_policy': 'current', 'profile_scale': 2.5, 'profile_trace_id': 'current_scale_2.5', 'profile_shape': '768x768'}, 'height': 768, 'width': 768, 'num_inference_steps': 50, 'seed': 1297, 'reference_cost_ms': 16463.377065956593, 'slo_ms': 41158.44266489148, 'arrival_time_s': 1779504677.326873, 'deadline_time_s': 1779504718.4853158, 'client_request_id': 'current_scale_2.5-0063'}
[0;36m(APIServer pid=1439463)[0;0m INFO 05-23 10:51:17 [stage_diffusion_client.py:313] [StageDiffusionClient] stage-0 [rep-3] add request: chatcmpl-fe702406fec04ce1
[0;36m(APIServer pid=1439463)[0;0m INFO 05-23 10:51:20 [serving_chat.py:2938] Diffusion chat completed for request chatcmpl-d67cdf30393b485c: output_type=image, image_count=1
[0;36m(APIServer pid=1439463)[0;0m INFO:     127.0.0.1:57856 - "POST /v1/chat/completions HTTP/1.1" 200 OK
[0;36m(APIServer pid=1439463)[0;0m INFO 05-23 10:51:21 [serving_chat.py:2650] Diffusion chat request chatcmpl-f3d1400a8cdf4339: prompt='a high quality photo of a green mamba, detailed, n...', ref_images=0, params={'extra_args': {'profile_mode': 'e2e_slo_first', 'profile_policy': 'current', 'profile_scale': 2.5, 'profile_trace_id': 'current_scale_2.5', 'profile_shape': '1024x1024'}, 'height': 1024, 'width': 1024, 'num_inference_steps': 50, 'seed': 1298, 'reference_cost_ms': 23089.30584229529, 'slo_ms': 57723.26460573822, 'arrival_time_s': 1779504681.576873, 'deadline_time_s': 1779504739.3001378, 'client_request_id': 'current_scale_2.5-0064'}
[0;36m(APIServer pid=1439463)[0;0m INFO 05-23 10:51:21 [stage_diffusion_client.py:313] [StageDiffusionClient] stage-0 [rep-2] add request: chatcmpl-f3d1400a8cdf4339
[0;36m(APIServer pid=1439463)[0;0m INFO 05-23 10:51:22 [serving_chat.py:2938] Diffusion chat completed for request chatcmpl-29a8351563dc4df7: output_type=image, image_count=1
[0;36m(APIServer pid=1439463)[0;0m INFO:     127.0.0.1:41666 - "POST /v1/chat/completions HTTP/1.1" 200 OK
[0;36m(APIServer pid=1439463)[0;0m INFO 05-23 10:51:25 [serving_chat.py:2650] Diffusion chat request chatcmpl-016833b79a7e4cc8: prompt='a realistic documentary photograph showing a sea s...', ref_images=0, params={'extra_args': {'profile_mode': 'e2e_slo_first', 'profile_policy': 'current', 'profile_scale': 2.5, 'profile_trace_id': 'current_scale_2.5', 'profile_shape': '512x512'}, 'height': 512, 'width': 512, 'num_inference_steps': 50, 'seed': 1299, 'reference_cost_ms': 16651.144148781896, 'slo_ms': 41627.86037195474, 'arrival_time_s': 1779504685.826873, 'deadline_time_s': 1779504727.4547334, 'client_request_id': 'current_scale_2.5-0065'}
[0;36m(APIServer pid=1439463)[0;0m INFO 05-23 10:51:25 [stage_diffusion_client.py:313] [StageDiffusionClient] stage-0 [rep-0] add request: chatcmpl-016833b79a7e4cc8
[0;36m(APIServer pid=1439463)[0;0m INFO 05-23 10:51:28 [serving_chat.py:2938] Diffusion chat completed for request chatcmpl-7f289aa35b724f10: output_type=image, image_count=1
[0;36m(APIServer pid=1439463)[0;0m INFO:     127.0.0.1:57870 - "POST /v1/chat/completions HTTP/1.1" 200 OK
[0;36m(APIServer pid=1439463)[0;0m INFO 05-23 10:51:30 [serving_chat.py:2650] Diffusion chat request chatcmpl-6ef8c71f307a4f84: prompt='a sharp studio image of a horned viper, clear comp...', ref_images=0, params={'extra_args': {'profile_mode': 'e2e_slo_first', 'profile_policy': 'current', 'profile_scale': 2.5, 'profile_trace_id': 'current_scale_2.5', 'profile_shape': '768x768'}, 'height': 768, 'width': 768, 'num_inference_steps': 50, 'seed': 1300, 'reference_cost_ms': 16463.377065956593, 'slo_ms': 41158.44266489148, 'arrival_time_s': 1779504690.076873, 'deadline_time_s': 1779504731.2353158, 'client_request_id': 'current_scale_2.5-0066'}
[0;36m(APIServer pid=1439463)[0;0m INFO 05-23 10:51:30 [stage_diffusion_client.py:313] [StageDiffusionClient] stage-0 [rep-2] add request: chatcmpl-6ef8c71f307a4f84
[0;36m(APIServer pid=1439463)[0;0m INFO 05-23 10:51:33 [serving_chat.py:2938] Diffusion chat completed for request chatcmpl-7a4bcbdf8ee64858: output_type=image, image_count=1
[0;36m(APIServer pid=1439463)[0;0m INFO:     127.0.0.1:50044 - "POST /v1/chat/completions HTTP/1.1" 200 OK
[0;36m(APIServer pid=1439463)[0;0m INFO 05-23 10:51:34 [serving_chat.py:2650] Diffusion chat request chatcmpl-2636aa07d5d94b0e: prompt='a photo-realistic scene centered on a diamondback,...', ref_images=0, params={'extra_args': {'profile_mode': 'e2e_slo_first', 'profile_policy': 'current', 'profile_scale': 2.5, 'profile_trace_id': 'current_scale_2.5', 'profile_shape': '512x512'}, 'height': 512, 'width': 512, 'num_inference_steps': 50, 'seed': 1301, 'reference_cost_ms': 16651.144148781896, 'slo_ms': 41627.86037195474, 'arrival_time_s': 1779504694.326873, 'deadline_time_s': 1779504735.9547334, 'client_request_id': 'current_scale_2.5-0067'}
[0;36m(APIServer pid=1439463)[0;0m INFO 05-23 10:51:34 [stage_diffusion_client.py:313] [StageDiffusionClient] stage-0 [rep-2] add request: chatcmpl-2636aa07d5d94b0e
[0;36m(APIServer pid=1439463)[0;0m INFO 05-23 10:51:38 [serving_chat.py:2650] Diffusion chat request chatcmpl-40cfc34b41744f75: prompt='a high quality photo of a sidewinder, detailed, na...', ref_images=0, params={'extra_args': {'profile_mode': 'e2e_slo_first', 'profile_policy': 'current', 'profile_scale': 2.5, 'profile_trace_id': 'current_scale_2.5', 'profile_shape': '768x768'}, 'height': 768, 'width': 768, 'num_inference_steps': 50, 'seed': 1302, 'reference_cost_ms': 16463.377065956593, 'slo_ms': 41158.44266489148, 'arrival_time_s': 1779504698.576873, 'deadline_time_s': 1779504739.7353158, 'client_request_id': 'current_scale_2.5-0068'}
[0;36m(APIServer pid=1439463)[0;0m INFO 05-23 10:51:38 [stage_diffusion_client.py:313] [StageDiffusionClient] stage-0 [rep-0] add request: chatcmpl-40cfc34b41744f75
[0;36m(APIServer pid=1439463)[0;0m INFO 05-23 10:51:40 [serving_chat.py:2938] Diffusion chat completed for request chatcmpl-d994616b67104331: output_type=image, image_count=1
[0;36m(APIServer pid=1439463)[0;0m INFO:     127.0.0.1:40782 - "POST /v1/chat/completions HTTP/1.1" 200 OK
[0;36m(APIServer pid=1439463)[0;0m INFO 05-23 10:51:42 [serving_chat.py:2650] Diffusion chat request chatcmpl-c9c31c145a3449d3: prompt='a realistic documentary photograph showing a trilo...', ref_images=0, params={'extra_args': {'profile_mode': 'e2e_slo_first', 'profile_policy': 'current', 'profile_scale': 2.5, 'profile_trace_id': 'current_scale_2.5', 'profile_shape': '1024x1024'}, 'height': 1024, 'width': 1024, 'num_inference_steps': 50, 'seed': 1303, 'reference_cost_ms': 23089.30584229529, 'slo_ms': 57723.26460573822, 'arrival_time_s': 1779504702.826873, 'deadline_time_s': 1779504760.5501378, 'client_request_id': 'current_scale_2.5-0069'}
[0;36m(APIServer pid=1439463)[0;0m INFO 05-23 10:51:42 [stage_diffusion_client.py:313] [StageDiffusionClient] stage-0 [rep-0] add request: chatcmpl-c9c31c145a3449d3
[0;36m(APIServer pid=1439463)[0;0m INFO 05-23 10:51:43 [serving_chat.py:2938] Diffusion chat completed for request chatcmpl-016833b79a7e4cc8: output_type=image, image_count=1
[0;36m(APIServer pid=1439463)[0;0m INFO:     127.0.0.1:41666 - "POST /v1/chat/completions HTTP/1.1" 200 OK
[0;36m(APIServer pid=1439463)[0;0m INFO 05-23 10:51:46 [serving_chat.py:2938] Diffusion chat completed for request chatcmpl-182a95d387a6426b: output_type=image, image_count=1
[0;36m(APIServer pid=1439463)[0;0m INFO:     127.0.0.1:38228 - "POST /v1/chat/completions HTTP/1.1" 200 OK
[0;36m(APIServer pid=1439463)[0;0m INFO 05-23 10:51:47 [serving_chat.py:2650] Diffusion chat request chatcmpl-ae33ab82853f4b46: prompt='a sharp studio image of a harvestman, clear compos...', ref_images=0, params={'extra_args': {'profile_mode': 'e2e_slo_first', 'profile_policy': 'current', 'profile_scale': 2.5, 'profile_trace_id': 'current_scale_2.5', 'profile_shape': '512x512'}, 'height': 512, 'width': 512, 'num_inference_steps': 50, 'seed': 1304, 'reference_cost_ms': 16651.144148781896, 'slo_ms': 41627.86037195474, 'arrival_time_s': 1779504707.076873, 'deadline_time_s': 1779504748.7047334, 'client_request_id': 'current_scale_2.5-0070'}
[0;36m(APIServer pid=1439463)[0;0m INFO 05-23 10:51:47 [stage_diffusion_client.py:313] [StageDiffusionClient] stage-0 [rep-3] add request: chatcmpl-ae33ab82853f4b46
[0;36m(APIServer pid=1439463)[0;0m INFO 05-23 10:51:51 [serving_chat.py:2938] Diffusion chat completed for request chatcmpl-3ddcc73a9a29437a: output_type=image, image_count=1
[0;36m(APIServer pid=1439463)[0;0m INFO:     127.0.0.1:43604 - "POST /v1/chat/completions HTTP/1.1" 200 OK
[0;36m(APIServer pid=1439463)[0;0m INFO 05-23 10:51:51 [serving_chat.py:2650] Diffusion chat request chatcmpl-cbc351dc4a3f44ea: prompt='a photo-realistic scene centered on a scorpion, ba...', ref_images=0, params={'extra_args': {'profile_mode': 'e2e_slo_first', 'profile_policy': 'current', 'profile_scale': 2.5, 'profile_trace_id': 'current_scale_2.5', 'profile_shape': '768x768'}, 'height': 768, 'width': 768, 'num_inference_steps': 50, 'seed': 1305, 'reference_cost_ms': 16463.377065956593, 'slo_ms': 41158.44266489148, 'arrival_time_s': 1779504711.326873, 'deadline_time_s': 1779504752.4853158, 'client_request_id': 'current_scale_2.5-0071'}
[0;36m(APIServer pid=1439463)[0;0m INFO 05-23 10:51:51 [stage_diffusion_client.py:313] [StageDiffusionClient] stage-0 [rep-3] add request: chatcmpl-cbc351dc4a3f44ea
[0;36m(APIServer pid=1439463)[0;0m INFO 05-23 10:51:55 [serving_chat.py:2650] Diffusion chat request chatcmpl-19914692ccb748fe: prompt='a high quality photo of a black and gold garden sp...', ref_images=0, params={'extra_args': {'profile_mode': 'e2e_slo_first', 'profile_policy': 'current', 'profile_scale': 2.5, 'profile_trace_id': 'current_scale_2.5', 'profile_shape': '512x512'}, 'height': 512, 'width': 512, 'num_inference_steps': 50, 'seed': 1306, 'reference_cost_ms': 16651.144148781896, 'slo_ms': 41627.86037195474, 'arrival_time_s': 1779504715.576873, 'deadline_time_s': 1779504757.2047334, 'client_request_id': 'current_scale_2.5-0072'}
[0;36m(APIServer pid=1439463)[0;0m INFO 05-23 10:51:55 [stage_diffusion_client.py:313] [StageDiffusionClient] stage-0 [rep-2] add request: chatcmpl-19914692ccb748fe
[0;36m(APIServer pid=1439463)[0;0m INFO 05-23 10:52:00 [serving_chat.py:2938] Diffusion chat completed for request chatcmpl-40cfc34b41744f75: output_type=image, image_count=1
[0;36m(APIServer pid=1439463)[0;0m INFO:     127.0.0.1:50652 - "POST /v1/chat/completions HTTP/1.1" 200 OK
[0;36m(APIServer pid=1439463)[0;0m INFO 05-23 10:52:00 [serving_chat.py:2650] Diffusion chat request chatcmpl-a0b06baa2f6f483a: prompt='a realistic documentary photograph showing a barn ...', ref_images=0, params={'extra_args': {'profile_mode': 'e2e_slo_first', 'profile_policy': 'current', 'profile_scale': 2.5, 'profile_trace_id': 'current_scale_2.5', 'profile_shape': '768x768'}, 'height': 768, 'width': 768, 'num_inference_steps': 50, 'seed': 1307, 'reference_cost_ms': 16463.377065956593, 'slo_ms': 41158.44266489148, 'arrival_time_s': 1779504719.826873, 'deadline_time_s': 1779504760.9853158, 'client_request_id': 'current_scale_2.5-0073'}
[0;36m(APIServer pid=1439463)[0;0m INFO 05-23 10:52:00 [stage_diffusion_client.py:313] [StageDiffusionClient] stage-0 [rep-1] add request: chatcmpl-a0b06baa2f6f483a
[0;36m(APIServer pid=1439463)[0;0m INFO 05-23 10:52:03 [serving_chat.py:2938] Diffusion chat completed for request chatcmpl-74f325c13d9e4242: output_type=image, image_count=1
[0;36m(APIServer pid=1439463)[0;0m INFO:     127.0.0.1:44190 - "POST /v1/chat/completions HTTP/1.1" 200 OK
[0;36m(APIServer pid=1439463)[0;0m INFO 05-23 10:52:04 [serving_chat.py:2650] Diffusion chat request chatcmpl-2342d98408184bdf: prompt='a sharp studio image of a garden spider, clear com...', ref_images=0, params={'extra_args': {'profile_mode': 'e2e_slo_first', 'profile_policy': 'current', 'profile_scale': 2.5, 'profile_trace_id': 'current_scale_2.5', 'profile_shape': '1024x1024'}, 'height': 1024, 'width': 1024, 'num_inference_steps': 50, 'seed': 1308, 'reference_cost_ms': 23089.30584229529, 'slo_ms': 57723.26460573822, 'arrival_time_s': 1779504724.076873, 'deadline_time_s': 1779504781.8001378, 'client_request_id': 'current_scale_2.5-0074'}
[0;36m(APIServer pid=1439463)[0;0m INFO 05-23 10:52:04 [stage_diffusion_client.py:313] [StageDiffusionClient] stage-0 [rep-2] add request: chatcmpl-2342d98408184bdf
[0;36m(APIServer pid=1439463)[0;0m INFO 05-23 10:52:08 [serving_chat.py:2650] Diffusion chat request chatcmpl-37c101ceae374e7a: prompt='a photo-realistic scene centered on a black widow,...', ref_images=0, params={'extra_args': {'profile_mode': 'e2e_slo_first', 'profile_policy': 'current', 'profile_scale': 2.5, 'profile_trace_id': 'current_scale_2.5', 'profile_shape': '512x512'}, 'height': 512, 'width': 512, 'num_inference_steps': 50, 'seed': 1309, 'reference_cost_ms': 16651.144148781896, 'slo_ms': 41627.86037195474, 'arrival_time_s': 1779504728.326873, 'deadline_time_s': 1779504769.9547334, 'client_request_id': 'current_scale_2.5-0075'}
[0;36m(APIServer pid=1439463)[0;0m INFO 05-23 10:52:08 [stage_diffusion_client.py:313] [StageDiffusionClient] stage-0 [rep-0] add request: chatcmpl-37c101ceae374e7a
[0;36m(APIServer pid=1439463)[0;0m INFO 05-23 10:52:12 [serving_chat.py:2650] Diffusion chat request chatcmpl-f0848c05753b415f: prompt='a high quality photo of a tarantula, detailed, nat...', ref_images=0, params={'extra_args': {'profile_mode': 'e2e_slo_first', 'profile_policy': 'current', 'profile_scale': 2.5, 'profile_trace_id': 'current_scale_2.5', 'profile_shape': '768x768'}, 'height': 768, 'width': 768, 'num_inference_steps': 50, 'seed': 1310, 'reference_cost_ms': 16463.377065956593, 'slo_ms': 41158.44266489148, 'arrival_time_s': 1779504732.576873, 'deadline_time_s': 1779504773.7353158, 'client_request_id': 'current_scale_2.5-0076'}
[0;36m(APIServer pid=1439463)[0;0m INFO 05-23 10:52:12 [stage_diffusion_client.py:313] [StageDiffusionClient] stage-0 [rep-1] add request: chatcmpl-f0848c05753b415f
[0;36m(APIServer pid=1439463)[0;0m INFO 05-23 10:52:15 [serving_chat.py:2938] Diffusion chat completed for request chatcmpl-f3d1400a8cdf4339: output_type=image, image_count=1
[0;36m(APIServer pid=1439463)[0;0m INFO:     127.0.0.1:57856 - "POST /v1/chat/completions HTTP/1.1" 200 OK
[0;36m(APIServer pid=1439463)[0;0m INFO 05-23 10:52:16 [serving_chat.py:2650] Diffusion chat request chatcmpl-d67449a555404c20: prompt='a realistic documentary photograph showing a wolf ...', ref_images=0, params={'extra_args': {'profile_mode': 'e2e_slo_first', 'profile_policy': 'current', 'profile_scale': 2.5, 'profile_trace_id': 'current_scale_2.5', 'profile_shape': '512x512'}, 'height': 512, 'width': 512, 'num_inference_steps': 50, 'seed': 1311, 'reference_cost_ms': 16651.144148781896, 'slo_ms': 41627.86037195474, 'arrival_time_s': 1779504736.826873, 'deadline_time_s': 1779504778.4547334, 'client_request_id': 'current_scale_2.5-0077'}
[0;36m(APIServer pid=1439463)[0;0m INFO 05-23 10:52:16 [stage_diffusion_client.py:313] [StageDiffusionClient] stage-0 [rep-0] add request: chatcmpl-d67449a555404c20
[0;36m(APIServer pid=1439463)[0;0m INFO 05-23 10:52:21 [serving_chat.py:2650] Diffusion chat request chatcmpl-d7707b8669ae4287: prompt='a sharp studio image of a tick, clear composition ...', ref_images=0, params={'extra_args': {'profile_mode': 'e2e_slo_first', 'profile_policy': 'current', 'profile_scale': 2.5, 'profile_trace_id': 'current_scale_2.5', 'profile_shape': '768x768'}, 'height': 768, 'width': 768, 'num_inference_steps': 50, 'seed': 1312, 'reference_cost_ms': 16463.377065956593, 'slo_ms': 41158.44266489148, 'arrival_time_s': 1779504741.076873, 'deadline_time_s': 1779504782.2353158, 'client_request_id': 'current_scale_2.5-0078'}
[0;36m(APIServer pid=1439463)[0;0m INFO 05-23 10:52:21 [stage_diffusion_client.py:313] [StageDiffusionClient] stage-0 [rep-3] add request: chatcmpl-d7707b8669ae4287
[0;36m(APIServer pid=1439463)[0;0m INFO 05-23 10:52:21 [serving_chat.py:2938] Diffusion chat completed for request chatcmpl-fe702406fec04ce1: output_type=image, image_count=1
[0;36m(APIServer pid=1439463)[0;0m INFO:     127.0.0.1:37840 - "POST /v1/chat/completions HTTP/1.1" 200 OK
[0;36m(APIServer pid=1439463)[0;0m INFO 05-23 10:52:22 [serving_chat.py:2938] Diffusion chat completed for request chatcmpl-a0b06baa2f6f483a: output_type=image, image_count=1
[0;36m(APIServer pid=1439463)[0;0m INFO:     127.0.0.1:45120 - "POST /v1/chat/completions HTTP/1.1" 200 OK
[0;36m(APIServer pid=1439463)[0;0m INFO 05-23 10:52:23 [serving_chat.py:2938] Diffusion chat completed for request chatcmpl-c9c31c145a3449d3: output_type=image, image_count=1
[0;36m(APIServer pid=1439463)[0;0m INFO:     127.0.0.1:40782 - "POST /v1/chat/completions HTTP/1.1" 200 OK
[0;36m(APIServer pid=1439463)[0;0m INFO 05-23 10:52:25 [serving_chat.py:2650] Diffusion chat request chatcmpl-ef2a7851f0dd4a1d: prompt='a photo-realistic scene centered on a centipede, b...', ref_images=0, params={'extra_args': {'profile_mode': 'e2e_slo_first', 'profile_policy': 'current', 'profile_scale': 2.5, 'profile_trace_id': 'current_scale_2.5', 'profile_shape': '1024x1024'}, 'height': 1024, 'width': 1024, 'num_inference_steps': 50, 'seed': 1313, 'reference_cost_ms': 23089.30584229529, 'slo_ms': 57723.26460573822, 'arrival_time_s': 1779504745.326873, 'deadline_time_s': 1779504803.0501378, 'client_request_id': 'current_scale_2.5-0079'}
[0;36m(APIServer pid=1439463)[0;0m INFO 05-23 10:52:25 [stage_diffusion_client.py:313] [StageDiffusionClient] stage-0 [rep-2] add request: chatcmpl-ef2a7851f0dd4a1d
[0;36m(APIServer pid=1439463)[0;0m INFO 05-23 10:52:33 [serving_chat.py:2938] Diffusion chat completed for request chatcmpl-6ef8c71f307a4f84: output_type=image, image_count=1
[0;36m(APIServer pid=1439463)[0;0m INFO:     127.0.0.1:57870 - "POST /v1/chat/completions HTTP/1.1" 200 OK
[0;36m(APIServer pid=1439463)[0;0m INFO 05-23 10:52:34 [serving_chat.py:2938] Diffusion chat completed for request chatcmpl-f0848c05753b415f: output_type=image, image_count=1
[0;36m(APIServer pid=1439463)[0;0m INFO:     127.0.0.1:33256 - "POST /v1/chat/completions HTTP/1.1" 200 OK
[0;36m(APIServer pid=1439463)[0;0m INFO 05-23 10:52:39 [serving_chat.py:2938] Diffusion chat completed for request chatcmpl-ae33ab82853f4b46: output_type=image, image_count=1
[0;36m(APIServer pid=1439463)[0;0m INFO:     127.0.0.1:41666 - "POST /v1/chat/completions HTTP/1.1" 200 OK
[0;36m(APIServer pid=1439463)[0;0m INFO 05-23 10:52:40 [serving_chat.py:2938] Diffusion chat completed for request chatcmpl-37c101ceae374e7a: output_type=image, image_count=1
[0;36m(APIServer pid=1439463)[0;0m INFO:     127.0.0.1:44190 - "POST /v1/chat/completions HTTP/1.1" 200 OK
[0;36m(APIServer pid=1439463)[0;0m INFO 05-23 10:52:40 [serving_chat.py:2938] Diffusion chat completed for request chatcmpl-d67449a555404c20: output_type=image, image_count=1
[0;36m(APIServer pid=1439463)[0;0m INFO:     127.0.0.1:57856 - "POST /v1/chat/completions HTTP/1.1" 200 OK
[0;36m(APIServer pid=1439463)[0;0m INFO 05-23 10:52:52 [serving_chat.py:2938] Diffusion chat completed for request chatcmpl-2636aa07d5d94b0e: output_type=image, image_count=1
[0;36m(APIServer pid=1439463)[0;0m INFO:     127.0.0.1:50044 - "POST /v1/chat/completions HTTP/1.1" 200 OK
[0;36m(APIServer pid=1439463)[0;0m INFO 05-23 10:52:52 [serving_chat.py:2938] Diffusion chat completed for request chatcmpl-19914692ccb748fe: output_type=image, image_count=1
[0;36m(APIServer pid=1439463)[0;0m INFO:     127.0.0.1:43604 - "POST /v1/chat/completions HTTP/1.1" 200 OK
[0;36m(APIServer pid=1439463)[0;0m INFO 05-23 10:53:05 [serving_chat.py:2938] Diffusion chat completed for request chatcmpl-d7707b8669ae4287: output_type=image, image_count=1
[0;36m(APIServer pid=1439463)[0;0m INFO:     127.0.0.1:35670 - "POST /v1/chat/completions HTTP/1.1" 200 OK
[0;36m(APIServer pid=1439463)[0;0m INFO 05-23 10:53:06 [serving_chat.py:2938] Diffusion chat completed for request chatcmpl-cbc351dc4a3f44ea: output_type=image, image_count=1
[0;36m(APIServer pid=1439463)[0;0m INFO:     127.0.0.1:38228 - "POST /v1/chat/completions HTTP/1.1" 200 OK
[0;36m(APIServer pid=1439463)[0;0m INFO 05-23 10:53:37 [serving_chat.py:2938] Diffusion chat completed for request chatcmpl-2342d98408184bdf: output_type=image, image_count=1
[0;36m(APIServer pid=1439463)[0;0m INFO:     127.0.0.1:50652 - "POST /v1/chat/completions HTTP/1.1" 200 OK
[0;36m(APIServer pid=1439463)[0;0m INFO 05-23 10:53:37 [serving_chat.py:2938] Diffusion chat completed for request chatcmpl-ef2a7851f0dd4a1d: output_type=image, image_count=1
[0;36m(APIServer pid=1439463)[0;0m INFO:     127.0.0.1:37840 - "POST /v1/chat/completions HTTP/1.1" 200 OK
[0;36m(APIServer pid=1439463)[0;0m INFO 05-23 10:54:11 [serving_chat.py:2650] Diffusion chat request chatcmpl-519dc0a7a8624e86: prompt='a high quality photo of a tench, detailed, natural...', ref_images=0, params={'extra_args': {'profile_mode': 'e2e_slo_first', 'profile_policy': 'current', 'profile_scale': 4.0, 'profile_trace_id': 'current_scale_4.0', 'profile_shape': '512x512'}, 'height': 512, 'width': 512, 'num_inference_steps': 50, 'seed': 1234, 'reference_cost_ms': 16651.144148781896, 'slo_ms': 66604.57659512758, 'arrival_time_s': 1779504851.4935744, 'deadline_time_s': 1779504918.098151, 'client_request_id': 'current_scale_4.0-0000'}
[0;36m(APIServer pid=1439463)[0;0m INFO 05-23 10:54:11 [stage_diffusion_client.py:313] [StageDiffusionClient] stage-0 [rep-1] add request: chatcmpl-519dc0a7a8624e86
[0;36m(APIServer pid=1439463)[0;0m INFO 05-23 10:54:15 [serving_chat.py:2650] Diffusion chat request chatcmpl-bbdfe0f29d394ce9: prompt='a realistic documentary photograph showing a goldf...', ref_images=0, params={'extra_args': {'profile_mode': 'e2e_slo_first', 'profile_policy': 'current', 'profile_scale': 4.0, 'profile_trace_id': 'current_scale_4.0', 'profile_shape': '768x768'}, 'height': 768, 'width': 768, 'num_inference_steps': 50, 'seed': 1235, 'reference_cost_ms': 16463.377065956593, 'slo_ms': 65853.50826382637, 'arrival_time_s': 1779504855.7435744, 'deadline_time_s': 1779504921.5970826, 'client_request_id': 'current_scale_4.0-0001'}
[0;36m(APIServer pid=1439463)[0;0m INFO 05-23 10:54:15 [stage_diffusion_client.py:313] [StageDiffusionClient] stage-0 [rep-3] add request: chatcmpl-bbdfe0f29d394ce9
[0;36m(APIServer pid=1439463)[0;0m INFO 05-23 10:54:19 [serving_chat.py:2650] Diffusion chat request chatcmpl-5e949e195d4d4362: prompt='a sharp studio image of a great white shark, clear...', ref_images=0, params={'extra_args': {'profile_mode': 'e2e_slo_first', 'profile_policy': 'current', 'profile_scale': 4.0, 'profile_trace_id': 'current_scale_4.0', 'profile_shape': '512x512'}, 'height': 512, 'width': 512, 'num_inference_steps': 50, 'seed': 1236, 'reference_cost_ms': 16651.144148781896, 'slo_ms': 66604.57659512758, 'arrival_time_s': 1779504859.9935744, 'deadline_time_s': 1779504926.598151, 'client_request_id': 'current_scale_4.0-0002'}
[0;36m(APIServer pid=1439463)[0;0m INFO 05-23 10:54:20 [stage_diffusion_client.py:313] [StageDiffusionClient] stage-0 [rep-1] add request: chatcmpl-5e949e195d4d4362
[0;36m(APIServer pid=1439463)[0;0m INFO 05-23 10:54:24 [serving_chat.py:2650] Diffusion chat request chatcmpl-5327f2e10d7442e8: prompt='a photo-realistic scene centered on a tiger shark,...', ref_images=0, params={'extra_args': {'profile_mode': 'e2e_slo_first', 'profile_policy': 'current', 'profile_scale': 4.0, 'profile_trace_id': 'current_scale_4.0', 'profile_shape': '768x768'}, 'height': 768, 'width': 768, 'num_inference_steps': 50, 'seed': 1237, 'reference_cost_ms': 16463.377065956593, 'slo_ms': 65853.50826382637, 'arrival_time_s': 1779504864.2435744, 'deadline_time_s': 1779504930.0970826, 'client_request_id': 'current_scale_4.0-0003'}
[0;36m(APIServer pid=1439463)[0;0m INFO 05-23 10:54:24 [stage_diffusion_client.py:313] [StageDiffusionClient] stage-0 [rep-0] add request: chatcmpl-5327f2e10d7442e8
[0;36m(APIServer pid=1439463)[0;0m INFO 05-23 10:54:28 [serving_chat.py:2650] Diffusion chat request chatcmpl-4b1a5edb27dc4d3c: prompt='a high quality photo of a hammerhead, detailed, na...', ref_images=0, params={'extra_args': {'profile_mode': 'e2e_slo_first', 'profile_policy': 'current', 'profile_scale': 4.0, 'profile_trace_id': 'current_scale_4.0', 'profile_shape': '1024x1024'}, 'height': 1024, 'width': 1024, 'num_inference_steps': 50, 'seed': 1238, 'reference_cost_ms': 23089.30584229529, 'slo_ms': 92357.22336918116, 'arrival_time_s': 1779504868.4935744, 'deadline_time_s': 1779504960.8507977, 'client_request_id': 'current_scale_4.0-0004'}
[0;36m(APIServer pid=1439463)[0;0m INFO 05-23 10:54:28 [stage_diffusion_client.py:313] [StageDiffusionClient] stage-0 [rep-3] add request: chatcmpl-4b1a5edb27dc4d3c
[0;36m(APIServer pid=1439463)[0;0m INFO 05-23 10:54:29 [serving_chat.py:2938] Diffusion chat completed for request chatcmpl-519dc0a7a8624e86: output_type=image, image_count=1
[0;36m(APIServer pid=1439463)[0;0m INFO:     127.0.0.1:48680 - "POST /v1/chat/completions HTTP/1.1" 200 OK
[0;36m(APIServer pid=1439463)[0;0m INFO 05-23 10:54:32 [serving_chat.py:2650] Diffusion chat request chatcmpl-40fcfdd63251400e: prompt='a realistic documentary photograph showing a elect...', ref_images=0, params={'extra_args': {'profile_mode': 'e2e_slo_first', 'profile_policy': 'current', 'profile_scale': 4.0, 'profile_trace_id': 'current_scale_4.0', 'profile_shape': '512x512'}, 'height': 512, 'width': 512, 'num_inference_steps': 50, 'seed': 1239, 'reference_cost_ms': 16651.144148781896, 'slo_ms': 66604.57659512758, 'arrival_time_s': 1779504872.7435744, 'deadline_time_s': 1779504939.348151, 'client_request_id': 'current_scale_4.0-0005'}
[0;36m(APIServer pid=1439463)[0;0m INFO 05-23 10:54:32 [stage_diffusion_client.py:313] [StageDiffusionClient] stage-0 [rep-2] add request: chatcmpl-40fcfdd63251400e
[0;36m(APIServer pid=1439463)[0;0m INFO 05-23 10:54:33 [serving_chat.py:2938] Diffusion chat completed for request chatcmpl-bbdfe0f29d394ce9: output_type=image, image_count=1
[0;36m(APIServer pid=1439463)[0;0m INFO:     127.0.0.1:32944 - "POST /v1/chat/completions HTTP/1.1" 200 OK
[0;36m(APIServer pid=1439463)[0;0m INFO 05-23 10:54:36 [serving_chat.py:2650] Diffusion chat request chatcmpl-39f73e8a73b4442d: prompt='a sharp studio image of a stingray, clear composit...', ref_images=0, params={'extra_args': {'profile_mode': 'e2e_slo_first', 'profile_policy': 'current', 'profile_scale': 4.0, 'profile_trace_id': 'current_scale_4.0', 'profile_shape': '768x768'}, 'height': 768, 'width': 768, 'num_inference_steps': 50, 'seed': 1240, 'reference_cost_ms': 16463.377065956593, 'slo_ms': 65853.50826382637, 'arrival_time_s': 1779504876.9935744, 'deadline_time_s': 1779504942.8470826, 'client_request_id': 'current_scale_4.0-0006'}
[0;36m(APIServer pid=1439463)[0;0m INFO 05-23 10:54:37 [stage_diffusion_client.py:313] [StageDiffusionClient] stage-0 [rep-2] add request: chatcmpl-39f73e8a73b4442d
[0;36m(APIServer pid=1439463)[0;0m INFO 05-23 10:54:38 [serving_chat.py:2938] Diffusion chat completed for request chatcmpl-5e949e195d4d4362: output_type=image, image_count=1
[0;36m(APIServer pid=1439463)[0;0m INFO:     127.0.0.1:32948 - "POST /v1/chat/completions HTTP/1.1" 200 OK
[0;36m(APIServer pid=1439463)[0;0m INFO 05-23 10:54:41 [serving_chat.py:2938] Diffusion chat completed for request chatcmpl-5327f2e10d7442e8: output_type=image, image_count=1
[0;36m(APIServer pid=1439463)[0;0m INFO:     127.0.0.1:35558 - "POST /v1/chat/completions HTTP/1.1" 200 OK
[0;36m(APIServer pid=1439463)[0;0m INFO 05-23 10:54:41 [serving_chat.py:2650] Diffusion chat request chatcmpl-8b72493a5dd64c3d: prompt='a photo-realistic scene centered on a cock, balanc...', ref_images=0, params={'extra_args': {'profile_mode': 'e2e_slo_first', 'profile_policy': 'current', 'profile_scale': 4.0, 'profile_trace_id': 'current_scale_4.0', 'profile_shape': '512x512'}, 'height': 512, 'width': 512, 'num_inference_steps': 50, 'seed': 1241, 'reference_cost_ms': 16651.144148781896, 'slo_ms': 66604.57659512758, 'arrival_time_s': 1779504881.2435744, 'deadline_time_s': 1779504947.848151, 'client_request_id': 'current_scale_4.0-0007'}
[0;36m(APIServer pid=1439463)[0;0m INFO 05-23 10:54:41 [stage_diffusion_client.py:313] [StageDiffusionClient] stage-0 [rep-1] add request: chatcmpl-8b72493a5dd64c3d
[0;36m(APIServer pid=1439463)[0;0m INFO 05-23 10:54:45 [serving_chat.py:2650] Diffusion chat request chatcmpl-04fc2486d86b4932: prompt='a high quality photo of a hen, detailed, natural l...', ref_images=0, params={'extra_args': {'profile_mode': 'e2e_slo_first', 'profile_policy': 'current', 'profile_scale': 4.0, 'profile_trace_id': 'current_scale_4.0', 'profile_shape': '768x768'}, 'height': 768, 'width': 768, 'num_inference_steps': 50, 'seed': 1242, 'reference_cost_ms': 16463.377065956593, 'slo_ms': 65853.50826382637, 'arrival_time_s': 1779504885.4935744, 'deadline_time_s': 1779504951.3470826, 'client_request_id': 'current_scale_4.0-0008'}
[0;36m(APIServer pid=1439463)[0;0m INFO 05-23 10:54:45 [stage_diffusion_client.py:313] [StageDiffusionClient] stage-0 [rep-2] add request: chatcmpl-04fc2486d86b4932
[0;36m(APIServer pid=1439463)[0;0m INFO 05-23 10:54:49 [serving_chat.py:2650] Diffusion chat request chatcmpl-bd6801bceca042c0: prompt='a realistic documentary photograph showing a ostri...', ref_images=0, params={'extra_args': {'profile_mode': 'e2e_slo_first', 'profile_policy': 'current', 'profile_scale': 4.0, 'profile_trace_id': 'current_scale_4.0', 'profile_shape': '1024x1024'}, 'height': 1024, 'width': 1024, 'num_inference_steps': 50, 'seed': 1243, 'reference_cost_ms': 23089.30584229529, 'slo_ms': 92357.22336918116, 'arrival_time_s': 1779504889.7435744, 'deadline_time_s': 1779504982.1007977, 'client_request_id': 'current_scale_4.0-0009'}
[0;36m(APIServer pid=1439463)[0;0m INFO 05-23 10:54:49 [stage_diffusion_client.py:313] [StageDiffusionClient] stage-0 [rep-2] add request: chatcmpl-bd6801bceca042c0
[0;36m(APIServer pid=1439463)[0;0m INFO 05-23 10:54:50 [serving_chat.py:2938] Diffusion chat completed for request chatcmpl-40fcfdd63251400e: output_type=image, image_count=1
[0;36m(APIServer pid=1439463)[0;0m INFO:     127.0.0.1:48680 - "POST /v1/chat/completions HTTP/1.1" 200 OK
[0;36m(APIServer pid=1439463)[0;0m INFO 05-23 10:54:53 [serving_chat.py:2650] Diffusion chat request chatcmpl-8105f86017da44cf: prompt='a sharp studio image of a brambling, clear composi...', ref_images=0, params={'extra_args': {'profile_mode': 'e2e_slo_first', 'profile_policy': 'current', 'profile_scale': 4.0, 'profile_trace_id': 'current_scale_4.0', 'profile_shape': '512x512'}, 'height': 512, 'width': 512, 'num_inference_steps': 50, 'seed': 1244, 'reference_cost_ms': 16651.144148781896, 'slo_ms': 66604.57659512758, 'arrival_time_s': 1779504893.9935744, 'deadline_time_s': 1779504960.598151, 'client_request_id': 'current_scale_4.0-0010'}
[0;36m(APIServer pid=1439463)[0;0m INFO 05-23 10:54:54 [stage_diffusion_client.py:313] [StageDiffusionClient] stage-0 [rep-1] add request: chatcmpl-8105f86017da44cf
[0;36m(APIServer pid=1439463)[0;0m INFO 05-23 10:54:56 [serving_chat.py:2938] Diffusion chat completed for request chatcmpl-4b1a5edb27dc4d3c: output_type=image, image_count=1
[0;36m(APIServer pid=1439463)[0;0m INFO:     127.0.0.1:35560 - "POST /v1/chat/completions HTTP/1.1" 200 OK
[0;36m(APIServer pid=1439463)[0;0m INFO 05-23 10:54:58 [serving_chat.py:2650] Diffusion chat request chatcmpl-5b6b85ba60424bf3: prompt='a photo-realistic scene centered on a goldfinch, b...', ref_images=0, params={'extra_args': {'profile_mode': 'e2e_slo_first', 'profile_policy': 'current', 'profile_scale': 4.0, 'profile_trace_id': 'current_scale_4.0', 'profile_shape': '768x768'}, 'height': 768, 'width': 768, 'num_inference_steps': 50, 'seed': 1245, 'reference_cost_ms': 16463.377065956593, 'slo_ms': 65853.50826382637, 'arrival_time_s': 1779504898.2435744, 'deadline_time_s': 1779504964.0970826, 'client_request_id': 'current_scale_4.0-0011'}
[0;36m(APIServer pid=1439463)[0;0m INFO 05-23 10:54:58 [stage_diffusion_client.py:313] [StageDiffusionClient] stage-0 [rep-0] add request: chatcmpl-5b6b85ba60424bf3
[0;36m(APIServer pid=1439463)[0;0m INFO 05-23 10:54:59 [serving_chat.py:2938] Diffusion chat completed for request chatcmpl-8b72493a5dd64c3d: output_type=image, image_count=1
[0;36m(APIServer pid=1439463)[0;0m INFO:     127.0.0.1:32948 - "POST /v1/chat/completions HTTP/1.1" 200 OK
[0;36m(APIServer pid=1439463)[0;0m INFO 05-23 10:55:02 [serving_chat.py:2650] Diffusion chat request chatcmpl-acce2b25eb094e4e: prompt='a high quality photo of a house finch, detailed, n...', ref_images=0, params={'extra_args': {'profile_mode': 'e2e_slo_first', 'profile_policy': 'current', 'profile_scale': 4.0, 'profile_trace_id': 'current_scale_4.0', 'profile_shape': '512x512'}, 'height': 512, 'width': 512, 'num_inference_steps': 50, 'seed': 1246, 'reference_cost_ms': 16651.144148781896, 'slo_ms': 66604.57659512758, 'arrival_time_s': 1779504902.4935744, 'deadline_time_s': 1779504969.098151, 'client_request_id': 'current_scale_4.0-0012'}
[0;36m(APIServer pid=1439463)[0;0m INFO 05-23 10:55:02 [stage_diffusion_client.py:313] [StageDiffusionClient] stage-0 [rep-3] add request: chatcmpl-acce2b25eb094e4e
[0;36m(APIServer pid=1439463)[0;0m INFO 05-23 10:55:06 [serving_chat.py:2650] Diffusion chat request chatcmpl-da78fe0df326473f: prompt='a realistic documentary photograph showing a junco...', ref_images=0, params={'extra_args': {'profile_mode': 'e2e_slo_first', 'profile_policy': 'current', 'profile_scale': 4.0, 'profile_trace_id': 'current_scale_4.0', 'profile_shape': '768x768'}, 'height': 768, 'width': 768, 'num_inference_steps': 50, 'seed': 1247, 'reference_cost_ms': 16463.377065956593, 'slo_ms': 65853.50826382637, 'arrival_time_s': 1779504906.7435744, 'deadline_time_s': 1779504972.5970826, 'client_request_id': 'current_scale_4.0-0013'}
[0;36m(APIServer pid=1439463)[0;0m INFO 05-23 10:55:06 [stage_diffusion_client.py:313] [StageDiffusionClient] stage-0 [rep-0] add request: chatcmpl-da78fe0df326473f
[0;36m(APIServer pid=1439463)[0;0m INFO 05-23 10:55:10 [serving_chat.py:2650] Diffusion chat request chatcmpl-e7877c0aba354234: prompt='a sharp studio image of a indigo bunting, clear co...', ref_images=0, params={'extra_args': {'profile_mode': 'e2e_slo_first', 'profile_policy': 'current', 'profile_scale': 4.0, 'profile_trace_id': 'current_scale_4.0', 'profile_shape': '1024x1024'}, 'height': 1024, 'width': 1024, 'num_inference_steps': 50, 'seed': 1248, 'reference_cost_ms': 23089.30584229529, 'slo_ms': 92357.22336918116, 'arrival_time_s': 1779504910.9935744, 'deadline_time_s': 1779505003.3507977, 'client_request_id': 'current_scale_4.0-0014'}
[0;36m(APIServer pid=1439463)[0;0m INFO 05-23 10:55:11 [stage_diffusion_client.py:313] [StageDiffusionClient] stage-0 [rep-1] add request: chatcmpl-e7877c0aba354234
[0;36m(APIServer pid=1439463)[0;0m INFO 05-23 10:55:12 [serving_chat.py:2938] Diffusion chat completed for request chatcmpl-8105f86017da44cf: output_type=image, image_count=1
[0;36m(APIServer pid=1439463)[0;0m INFO:     127.0.0.1:48680 - "POST /v1/chat/completions HTTP/1.1" 200 OK
[0;36m(APIServer pid=1439463)[0;0m INFO 05-23 10:55:15 [serving_chat.py:2650] Diffusion chat request chatcmpl-a40fdff2bbad4bc5: prompt='a photo-realistic scene centered on a robin, balan...', ref_images=0, params={'extra_args': {'profile_mode': 'e2e_slo_first', 'profile_policy': 'current', 'profile_scale': 4.0, 'profile_trace_id': 'current_scale_4.0', 'profile_shape': '512x512'}, 'height': 512, 'width': 512, 'num_inference_steps': 50, 'seed': 1249, 'reference_cost_ms': 16651.144148781896, 'slo_ms': 66604.57659512758, 'arrival_time_s': 1779504915.2435744, 'deadline_time_s': 1779504981.848151, 'client_request_id': 'current_scale_4.0-0015'}
[0;36m(APIServer pid=1439463)[0;0m INFO 05-23 10:55:15 [stage_diffusion_client.py:313] [StageDiffusionClient] stage-0 [rep-1] add request: chatcmpl-a40fdff2bbad4bc5
[0;36m(APIServer pid=1439463)[0;0m INFO 05-23 10:55:17 [serving_chat.py:2938] Diffusion chat completed for request chatcmpl-04fc2486d86b4932: output_type=image, image_count=1
[0;36m(APIServer pid=1439463)[0;0m INFO:     127.0.0.1:35558 - "POST /v1/chat/completions HTTP/1.1" 200 OK
[0;36m(APIServer pid=1439463)[0;0m INFO 05-23 10:55:17 [serving_chat.py:2938] Diffusion chat completed for request chatcmpl-39f73e8a73b4442d: output_type=image, image_count=1
[0;36m(APIServer pid=1439463)[0;0m INFO:     127.0.0.1:32944 - "POST /v1/chat/completions HTTP/1.1" 200 OK
[0;36m(APIServer pid=1439463)[0;0m INFO 05-23 10:55:19 [serving_chat.py:2650] Diffusion chat request chatcmpl-e400d78e431e4993: prompt='a high quality photo of a bulbul, detailed, natura...', ref_images=0, params={'extra_args': {'profile_mode': 'e2e_slo_first', 'profile_policy': 'current', 'profile_scale': 4.0, 'profile_trace_id': 'current_scale_4.0', 'profile_shape': '768x768'}, 'height': 768, 'width': 768, 'num_inference_steps': 50, 'seed': 1250, 'reference_cost_ms': 16463.377065956593, 'slo_ms': 65853.50826382637, 'arrival_time_s': 1779504919.4935744, 'deadline_time_s': 1779504985.3470826, 'client_request_id': 'current_scale_4.0-0016'}
[0;36m(APIServer pid=1439463)[0;0m INFO 05-23 10:55:19 [stage_diffusion_client.py:313] [StageDiffusionClient] stage-0 [rep-0] add request: chatcmpl-e400d78e431e4993
[0;36m(APIServer pid=1439463)[0;0m INFO 05-23 10:55:19 [serving_chat.py:2938] Diffusion chat completed for request chatcmpl-5b6b85ba60424bf3: output_type=image, image_count=1
[0;36m(APIServer pid=1439463)[0;0m INFO:     127.0.0.1:35560 - "POST /v1/chat/completions HTTP/1.1" 200 OK
[0;36m(APIServer pid=1439463)[0;0m INFO 05-23 10:55:20 [serving_chat.py:2938] Diffusion chat completed for request chatcmpl-acce2b25eb094e4e: output_type=image, image_count=1
[0;36m(APIServer pid=1439463)[0;0m INFO:     127.0.0.1:32948 - "POST /v1/chat/completions HTTP/1.1" 200 OK
[0;36m(APIServer pid=1439463)[0;0m INFO 05-23 10:55:23 [serving_chat.py:2650] Diffusion chat request chatcmpl-9c9775afa61744f2: prompt='a realistic documentary photograph showing a jay i...', ref_images=0, params={'extra_args': {'profile_mode': 'e2e_slo_first', 'profile_policy': 'current', 'profile_scale': 4.0, 'profile_trace_id': 'current_scale_4.0', 'profile_shape': '512x512'}, 'height': 512, 'width': 512, 'num_inference_steps': 50, 'seed': 1251, 'reference_cost_ms': 16651.144148781896, 'slo_ms': 66604.57659512758, 'arrival_time_s': 1779504923.7435744, 'deadline_time_s': 1779504990.348151, 'client_request_id': 'current_scale_4.0-0017'}
[0;36m(APIServer pid=1439463)[0;0m INFO 05-23 10:55:23 [stage_diffusion_client.py:313] [StageDiffusionClient] stage-0 [rep-1] add request: chatcmpl-9c9775afa61744f2
[0;36m(APIServer pid=1439463)[0;0m INFO 05-23 10:55:27 [serving_chat.py:2650] Diffusion chat request chatcmpl-5a621e7a8cf54b37: prompt='a sharp studio image of a magpie, clear compositio...', ref_images=0, params={'extra_args': {'profile_mode': 'e2e_slo_first', 'profile_policy': 'current', 'profile_scale': 4.0, 'profile_trace_id': 'current_scale_4.0', 'profile_shape': '768x768'}, 'height': 768, 'width': 768, 'num_inference_steps': 50, 'seed': 1252, 'reference_cost_ms': 16463.377065956593, 'slo_ms': 65853.50826382637, 'arrival_time_s': 1779504927.9935744, 'deadline_time_s': 1779504993.8470826, 'client_request_id': 'current_scale_4.0-0018'}
[0;36m(APIServer pid=1439463)[0;0m INFO 05-23 10:55:28 [stage_diffusion_client.py:313] [StageDiffusionClient] stage-0 [rep-1] add request: chatcmpl-5a621e7a8cf54b37
[0;36m(APIServer pid=1439463)[0;0m INFO 05-23 10:55:32 [serving_chat.py:2650] Diffusion chat request chatcmpl-4a2c9083f2fa4398: prompt='a photo-realistic scene centered on a chickadee, b...', ref_images=0, params={'extra_args': {'profile_mode': 'e2e_slo_first', 'profile_policy': 'current', 'profile_scale': 4.0, 'profile_trace_id': 'current_scale_4.0', 'profile_shape': '1024x1024'}, 'height': 1024, 'width': 1024, 'num_inference_steps': 50, 'seed': 1253, 'reference_cost_ms': 23089.30584229529, 'slo_ms': 92357.22336918116, 'arrival_time_s': 1779504932.2435744, 'deadline_time_s': 1779505024.6007977, 'client_request_id': 'current_scale_4.0-0019'}
[0;36m(APIServer pid=1439463)[0;0m INFO 05-23 10:55:32 [stage_diffusion_client.py:313] [StageDiffusionClient] stage-0 [rep-3] add request: chatcmpl-4a2c9083f2fa4398
[0;36m(APIServer pid=1439463)[0;0m INFO 05-23 10:55:33 [serving_chat.py:2938] Diffusion chat completed for request chatcmpl-da78fe0df326473f: output_type=image, image_count=1
[0;36m(APIServer pid=1439463)[0;0m INFO:     127.0.0.1:44888 - "POST /v1/chat/completions HTTP/1.1" 200 OK
[0;36m(APIServer pid=1439463)[0;0m INFO 05-23 10:55:36 [serving_chat.py:2938] Diffusion chat completed for request chatcmpl-e7877c0aba354234: output_type=image, image_count=1
[0;36m(APIServer pid=1439463)[0;0m INFO:     127.0.0.1:44892 - "POST /v1/chat/completions HTTP/1.1" 200 OK
[0;36m(APIServer pid=1439463)[0;0m INFO 05-23 10:55:36 [serving_chat.py:2650] Diffusion chat request chatcmpl-54d3f4f7091a4c98: prompt='a high quality photo of a water ouzel, detailed, n...', ref_images=0, params={'extra_args': {'profile_mode': 'e2e_slo_first', 'profile_policy': 'current', 'profile_scale': 4.0, 'profile_trace_id': 'current_scale_4.0', 'profile_shape': '512x512'}, 'height': 512, 'width': 512, 'num_inference_steps': 50, 'seed': 1254, 'reference_cost_ms': 16651.144148781896, 'slo_ms': 66604.57659512758, 'arrival_time_s': 1779504936.4935744, 'deadline_time_s': 1779505003.098151, 'client_request_id': 'current_scale_4.0-0020'}
[0;36m(APIServer pid=1439463)[0;0m INFO 05-23 10:55:36 [stage_diffusion_client.py:313] [StageDiffusionClient] stage-0 [rep-1] add request: chatcmpl-54d3f4f7091a4c98
[0;36m(APIServer pid=1439463)[0;0m INFO 05-23 10:55:40 [serving_chat.py:2650] Diffusion chat request chatcmpl-b1ca3e6ed1e14b84: prompt='a realistic documentary photograph showing a kite ...', ref_images=0, params={'extra_args': {'profile_mode': 'e2e_slo_first', 'profile_policy': 'current', 'profile_scale': 4.0, 'profile_trace_id': 'current_scale_4.0', 'profile_shape': '768x768'}, 'height': 768, 'width': 768, 'num_inference_steps': 50, 'seed': 1255, 'reference_cost_ms': 16463.377065956593, 'slo_ms': 65853.50826382637, 'arrival_time_s': 1779504940.7435744, 'deadline_time_s': 1779505006.5970826, 'client_request_id': 'current_scale_4.0-0021'}
[0;36m(APIServer pid=1439463)[0;0m INFO 05-23 10:55:40 [stage_diffusion_client.py:313] [StageDiffusionClient] stage-0 [rep-1] add request: chatcmpl-b1ca3e6ed1e14b84
[0;36m(APIServer pid=1439463)[0;0m INFO 05-23 10:55:41 [serving_chat.py:2938] Diffusion chat completed for request chatcmpl-e400d78e431e4993: output_type=image, image_count=1
[0;36m(APIServer pid=1439463)[0;0m INFO:     127.0.0.1:35558 - "POST /v1/chat/completions HTTP/1.1" 200 OK
[0;36m(APIServer pid=1439463)[0;0m INFO 05-23 10:55:42 [serving_chat.py:2938] Diffusion chat completed for request chatcmpl-bd6801bceca042c0: output_type=image, image_count=1
[0;36m(APIServer pid=1439463)[0;0m INFO:     127.0.0.1:54180 - "POST /v1/chat/completions HTTP/1.1" 200 OK
[0;36m(APIServer pid=1439463)[0;0m INFO 05-23 10:55:44 [serving_chat.py:2650] Diffusion chat request chatcmpl-9e7d94fe7d284b86: prompt='a sharp studio image of a bald eagle, clear compos...', ref_images=0, params={'extra_args': {'profile_mode': 'e2e_slo_first', 'profile_policy': 'current', 'profile_scale': 4.0, 'profile_trace_id': 'current_scale_4.0', 'profile_shape': '512x512'}, 'height': 512, 'width': 512, 'num_inference_steps': 50, 'seed': 1256, 'reference_cost_ms': 16651.144148781896, 'slo_ms': 66604.57659512758, 'arrival_time_s': 1779504944.9935744, 'deadline_time_s': 1779505011.598151, 'client_request_id': 'current_scale_4.0-0022'}
[0;36m(APIServer pid=1439463)[0;0m INFO 05-23 10:55:45 [stage_diffusion_client.py:313] [StageDiffusionClient] stage-0 [rep-1] add request: chatcmpl-9e7d94fe7d284b86
[0;36m(APIServer pid=1439463)[0;0m INFO 05-23 10:55:49 [serving_chat.py:2650] Diffusion chat request chatcmpl-3b159b8ac9c84517: prompt='a photo-realistic scene centered on a vulture, bal...', ref_images=0, params={'extra_args': {'profile_mode': 'e2e_slo_first', 'profile_policy': 'current', 'profile_scale': 4.0, 'profile_trace_id': 'current_scale_4.0', 'profile_shape': '768x768'}, 'height': 768, 'width': 768, 'num_inference_steps': 50, 'seed': 1257, 'reference_cost_ms': 16463.377065956593, 'slo_ms': 65853.50826382637, 'arrival_time_s': 1779504949.2435744, 'deadline_time_s': 1779505015.0970826, 'client_request_id': 'current_scale_4.0-0023'}
[0;36m(APIServer pid=1439463)[0;0m INFO 05-23 10:55:49 [stage_diffusion_client.py:313] [StageDiffusionClient] stage-0 [rep-2] add request: chatcmpl-3b159b8ac9c84517
[0;36m(APIServer pid=1439463)[0;0m INFO 05-23 10:55:53 [serving_chat.py:2650] Diffusion chat request chatcmpl-45994dc4447a4515: prompt='a high quality photo of a great grey owl, detailed...', ref_images=0, params={'extra_args': {'profile_mode': 'e2e_slo_first', 'profile_policy': 'current', 'profile_scale': 4.0, 'profile_trace_id': 'current_scale_4.0', 'profile_shape': '1024x1024'}, 'height': 1024, 'width': 1024, 'num_inference_steps': 50, 'seed': 1258, 'reference_cost_ms': 23089.30584229529, 'slo_ms': 92357.22336918116, 'arrival_time_s': 1779504953.4935744, 'deadline_time_s': 1779505045.8507977, 'client_request_id': 'current_scale_4.0-0024'}
[0;36m(APIServer pid=1439463)[0;0m INFO 05-23 10:55:53 [stage_diffusion_client.py:313] [StageDiffusionClient] stage-0 [rep-3] add request: chatcmpl-45994dc4447a4515
[0;36m(APIServer pid=1439463)[0;0m INFO 05-23 10:55:55 [serving_chat.py:2938] Diffusion chat completed for request chatcmpl-9c9775afa61744f2: output_type=image, image_count=1
[0;36m(APIServer pid=1439463)[0;0m INFO:     127.0.0.1:35560 - "POST /v1/chat/completions HTTP/1.1" 200 OK
[0;36m(APIServer pid=1439463)[0;0m INFO 05-23 10:55:55 [serving_chat.py:2938] Diffusion chat completed for request chatcmpl-a40fdff2bbad4bc5: output_type=image, image_count=1
[0;36m(APIServer pid=1439463)[0;0m INFO:     127.0.0.1:48680 - "POST /v1/chat/completions HTTP/1.1" 200 OK
[0;36m(APIServer pid=1439463)[0;0m INFO 05-23 10:55:57 [serving_chat.py:2650] Diffusion chat request chatcmpl-e2f7294b915f45e7: prompt='a realistic documentary photograph showing a Europ...', ref_images=0, params={'extra_args': {'profile_mode': 'e2e_slo_first', 'profile_policy': 'current', 'profile_scale': 4.0, 'profile_trace_id': 'current_scale_4.0', 'profile_shape': '512x512'}, 'height': 512, 'width': 512, 'num_inference_steps': 50, 'seed': 1259, 'reference_cost_ms': 16651.144148781896, 'slo_ms': 66604.57659512758, 'arrival_time_s': 1779504957.7435744, 'deadline_time_s': 1779505024.348151, 'client_request_id': 'current_scale_4.0-0025'}
[0;36m(APIServer pid=1439463)[0;0m INFO 05-23 10:55:57 [stage_diffusion_client.py:313] [StageDiffusionClient] stage-0 [rep-1] add request: chatcmpl-e2f7294b915f45e7
[0;36m(APIServer pid=1439463)[0;0m INFO 05-23 10:56:02 [serving_chat.py:2650] Diffusion chat request chatcmpl-8f06e46b149947a9: prompt='a sharp studio image of a common newt, clear compo...', ref_images=0, params={'extra_args': {'profile_mode': 'e2e_slo_first', 'profile_policy': 'current', 'profile_scale': 4.0, 'profile_trace_id': 'current_scale_4.0', 'profile_shape': '768x768'}, 'height': 768, 'width': 768, 'num_inference_steps': 50, 'seed': 1260, 'reference_cost_ms': 16463.377065956593, 'slo_ms': 65853.50826382637, 'arrival_time_s': 1779504961.9935744, 'deadline_time_s': 1779505027.8470826, 'client_request_id': 'current_scale_4.0-0026'}
[0;36m(APIServer pid=1439463)[0;0m INFO 05-23 10:56:02 [stage_diffusion_client.py:313] [StageDiffusionClient] stage-0 [rep-2] add request: chatcmpl-8f06e46b149947a9
[0;36m(APIServer pid=1439463)[0;0m INFO 05-23 10:56:05 [serving_chat.py:2938] Diffusion chat completed for request chatcmpl-4a2c9083f2fa4398: output_type=image, image_count=1
[0;36m(APIServer pid=1439463)[0;0m INFO:     127.0.0.1:59792 - "POST /v1/chat/completions HTTP/1.1" 200 OK
[0;36m(APIServer pid=1439463)[0;0m INFO 05-23 10:56:06 [serving_chat.py:2650] Diffusion chat request chatcmpl-52ecb3eaf7e94481: prompt='a photo-realistic scene centered on a eft, balance...', ref_images=0, params={'extra_args': {'profile_mode': 'e2e_slo_first', 'profile_policy': 'current', 'profile_scale': 4.0, 'profile_trace_id': 'current_scale_4.0', 'profile_shape': '512x512'}, 'height': 512, 'width': 512, 'num_inference_steps': 50, 'seed': 1261, 'reference_cost_ms': 16651.144148781896, 'slo_ms': 66604.57659512758, 'arrival_time_s': 1779504966.2435744, 'deadline_time_s': 1779505032.848151, 'client_request_id': 'current_scale_4.0-0027'}
[0;36m(APIServer pid=1439463)[0;0m INFO 05-23 10:56:06 [stage_diffusion_client.py:313] [StageDiffusionClient] stage-0 [rep-2] add request: chatcmpl-52ecb3eaf7e94481
[0;36m(APIServer pid=1439463)[0;0m INFO 05-23 10:56:08 [serving_chat.py:2938] Diffusion chat completed for request chatcmpl-3b159b8ac9c84517: output_type=image, image_count=1
[0;36m(APIServer pid=1439463)[0;0m INFO:     127.0.0.1:35938 - "POST /v1/chat/completions HTTP/1.1" 200 OK
[0;36m(APIServer pid=1439463)[0;0m INFO 05-23 10:56:10 [serving_chat.py:2650] Diffusion chat request chatcmpl-592e51ea4bac472e: prompt='a high quality photo of a spotted salamander, deta...', ref_images=0, params={'extra_args': {'profile_mode': 'e2e_slo_first', 'profile_policy': 'current', 'profile_scale': 4.0, 'profile_trace_id': 'current_scale_4.0', 'profile_shape': '768x768'}, 'height': 768, 'width': 768, 'num_inference_steps': 50, 'seed': 1262, 'reference_cost_ms': 16463.377065956593, 'slo_ms': 65853.50826382637, 'arrival_time_s': 1779504970.4935744, 'deadline_time_s': 1779505036.3470826, 'client_request_id': 'current_scale_4.0-0028'}
[0;36m(APIServer pid=1439463)[0;0m INFO 05-23 10:56:10 [stage_diffusion_client.py:313] [StageDiffusionClient] stage-0 [rep-1] add request: chatcmpl-592e51ea4bac472e
[0;36m(APIServer pid=1439463)[0;0m INFO 05-23 10:56:12 [serving_chat.py:2938] Diffusion chat completed for request chatcmpl-5a621e7a8cf54b37: output_type=image, image_count=1
[0;36m(APIServer pid=1439463)[0;0m INFO:     127.0.0.1:59778 - "POST /v1/chat/completions HTTP/1.1" 200 OK
[0;36m(APIServer pid=1439463)[0;0m INFO 05-23 10:56:14 [serving_chat.py:2650] Diffusion chat request chatcmpl-5e278d2bd93740cf: prompt='a realistic documentary photograph showing a axolo...', ref_images=0, params={'extra_args': {'profile_mode': 'e2e_slo_first', 'profile_policy': 'current', 'profile_scale': 4.0, 'profile_trace_id': 'current_scale_4.0', 'profile_shape': '1024x1024'}, 'height': 1024, 'width': 1024, 'num_inference_steps': 50, 'seed': 1263, 'reference_cost_ms': 23089.30584229529, 'slo_ms': 92357.22336918116, 'arrival_time_s': 1779504974.7435744, 'deadline_time_s': 1779505067.1007977, 'client_request_id': 'current_scale_4.0-0029'}
[0;36m(APIServer pid=1439463)[0;0m INFO 05-23 10:56:14 [stage_diffusion_client.py:313] [StageDiffusionClient] stage-0 [rep-0] add request: chatcmpl-5e278d2bd93740cf
[0;36m(APIServer pid=1439463)[0;0m INFO 05-23 10:56:18 [serving_chat.py:2650] Diffusion chat request chatcmpl-eea26bad3a3142c7: prompt='a sharp studio image of a bullfrog, clear composit...', ref_images=0, params={'extra_args': {'profile_mode': 'e2e_slo_first', 'profile_policy': 'current', 'profile_scale': 4.0, 'profile_trace_id': 'current_scale_4.0', 'profile_shape': '512x512'}, 'height': 512, 'width': 512, 'num_inference_steps': 50, 'seed': 1264, 'reference_cost_ms': 16651.144148781896, 'slo_ms': 66604.57659512758, 'arrival_time_s': 1779504978.9935744, 'deadline_time_s': 1779505045.598151, 'client_request_id': 'current_scale_4.0-0030'}
[0;36m(APIServer pid=1439463)[0;0m INFO 05-23 10:56:19 [stage_diffusion_client.py:313] [StageDiffusionClient] stage-0 [rep-0] add request: chatcmpl-eea26bad3a3142c7
[0;36m(APIServer pid=1439463)[0;0m INFO 05-23 10:56:22 [serving_chat.py:2938] Diffusion chat completed for request chatcmpl-8f06e46b149947a9: output_type=image, image_count=1
[0;36m(APIServer pid=1439463)[0;0m INFO:     127.0.0.1:43524 - "POST /v1/chat/completions HTTP/1.1" 200 OK
[0;36m(APIServer pid=1439463)[0;0m INFO 05-23 10:56:23 [serving_chat.py:2938] Diffusion chat completed for request chatcmpl-45994dc4447a4515: output_type=image, image_count=1
[0;36m(APIServer pid=1439463)[0;0m INFO:     127.0.0.1:43510 - "POST /v1/chat/completions HTTP/1.1" 200 OK
[0;36m(APIServer pid=1439463)[0;0m INFO 05-23 10:56:23 [serving_chat.py:2650] Diffusion chat request chatcmpl-27977bcbab174637: prompt='a photo-realistic scene centered on a tree frog, b...', ref_images=0, params={'extra_args': {'profile_mode': 'e2e_slo_first', 'profile_policy': 'current', 'profile_scale': 4.0, 'profile_trace_id': 'current_scale_4.0', 'profile_shape': '768x768'}, 'height': 768, 'width': 768, 'num_inference_steps': 50, 'seed': 1265, 'reference_cost_ms': 16463.377065956593, 'slo_ms': 65853.50826382637, 'arrival_time_s': 1779504983.2435744, 'deadline_time_s': 1779505049.0970826, 'client_request_id': 'current_scale_4.0-0031'}
[0;36m(APIServer pid=1439463)[0;0m INFO 05-23 10:56:23 [stage_diffusion_client.py:313] [StageDiffusionClient] stage-0 [rep-2] add request: chatcmpl-27977bcbab174637
[0;36m(APIServer pid=1439463)[0;0m INFO 05-23 10:56:27 [serving_chat.py:2650] Diffusion chat request chatcmpl-e0a45a0dea5a468a: prompt='a high quality photo of a tailed frog, detailed, n...', ref_images=0, params={'extra_args': {'profile_mode': 'e2e_slo_first', 'profile_policy': 'current', 'profile_scale': 4.0, 'profile_trace_id': 'current_scale_4.0', 'profile_shape': '512x512'}, 'height': 512, 'width': 512, 'num_inference_steps': 50, 'seed': 1266, 'reference_cost_ms': 16651.144148781896, 'slo_ms': 66604.57659512758, 'arrival_time_s': 1779504987.4935744, 'deadline_time_s': 1779505054.098151, 'client_request_id': 'current_scale_4.0-0032'}
[0;36m(APIServer pid=1439463)[0;0m INFO 05-23 10:56:27 [stage_diffusion_client.py:313] [StageDiffusionClient] stage-0 [rep-1] add request: chatcmpl-e0a45a0dea5a468a
[0;36m(APIServer pid=1439463)[0;0m INFO 05-23 10:56:31 [serving_chat.py:2938] Diffusion chat completed for request chatcmpl-54d3f4f7091a4c98: output_type=image, image_count=1
[0;36m(APIServer pid=1439463)[0;0m INFO:     127.0.0.1:44888 - "POST /v1/chat/completions HTTP/1.1" 200 OK
[0;36m(APIServer pid=1439463)[0;0m INFO 05-23 10:56:31 [serving_chat.py:2650] Diffusion chat request chatcmpl-215c2982183c4c36: prompt='a realistic documentary photograph showing a logge...', ref_images=0, params={'extra_args': {'profile_mode': 'e2e_slo_first', 'profile_policy': 'current', 'profile_scale': 4.0, 'profile_trace_id': 'current_scale_4.0', 'profile_shape': '768x768'}, 'height': 768, 'width': 768, 'num_inference_steps': 50, 'seed': 1267, 'reference_cost_ms': 16463.377065956593, 'slo_ms': 65853.50826382637, 'arrival_time_s': 1779504991.7435744, 'deadline_time_s': 1779505057.5970826, 'client_request_id': 'current_scale_4.0-0033'}
[0;36m(APIServer pid=1439463)[0;0m INFO 05-23 10:56:31 [stage_diffusion_client.py:313] [StageDiffusionClient] stage-0 [rep-2] add request: chatcmpl-215c2982183c4c36
[0;36m(APIServer pid=1439463)[0;0m INFO 05-23 10:56:36 [serving_chat.py:2650] Diffusion chat request chatcmpl-0711c62944124291: prompt='a sharp studio image of a leatherback turtle, clea...', ref_images=0, params={'extra_args': {'profile_mode': 'e2e_slo_first', 'profile_policy': 'current', 'profile_scale': 4.0, 'profile_trace_id': 'current_scale_4.0', 'profile_shape': '1024x1024'}, 'height': 1024, 'width': 1024, 'num_inference_steps': 50, 'seed': 1268, 'reference_cost_ms': 23089.30584229529, 'slo_ms': 92357.22336918116, 'arrival_time_s': 1779504995.9935744, 'deadline_time_s': 1779505088.3507977, 'client_request_id': 'current_scale_4.0-0034'}
[0;36m(APIServer pid=1439463)[0;0m INFO 05-23 10:56:36 [stage_diffusion_client.py:313] [StageDiffusionClient] stage-0 [rep-1] add request: chatcmpl-0711c62944124291
[0;36m(APIServer pid=1439463)[0;0m INFO 05-23 10:56:38 [serving_chat.py:2938] Diffusion chat completed for request chatcmpl-5e278d2bd93740cf: output_type=image, image_count=1
[0;36m(APIServer pid=1439463)[0;0m INFO:     127.0.0.1:59778 - "POST /v1/chat/completions HTTP/1.1" 200 OK
[0;36m(APIServer pid=1439463)[0;0m INFO 05-23 10:56:39 [serving_chat.py:2938] Diffusion chat completed for request chatcmpl-52ecb3eaf7e94481: output_type=image, image_count=1
[0;36m(APIServer pid=1439463)[0;0m INFO:     127.0.0.1:59792 - "POST /v1/chat/completions HTTP/1.1" 200 OK
[0;36m(APIServer pid=1439463)[0;0m INFO 05-23 10:56:40 [serving_chat.py:2650] Diffusion chat request chatcmpl-cdb5d791e6ce4d54: prompt='a photo-realistic scene centered on a mud turtle, ...', ref_images=0, params={'extra_args': {'profile_mode': 'e2e_slo_first', 'profile_policy': 'current', 'profile_scale': 4.0, 'profile_trace_id': 'current_scale_4.0', 'profile_shape': '512x512'}, 'height': 512, 'width': 512, 'num_inference_steps': 50, 'seed': 1269, 'reference_cost_ms': 16651.144148781896, 'slo_ms': 66604.57659512758, 'arrival_time_s': 1779505000.2435744, 'deadline_time_s': 1779505066.848151, 'client_request_id': 'current_scale_4.0-0035'}
[0;36m(APIServer pid=1439463)[0;0m INFO 05-23 10:56:40 [stage_diffusion_client.py:313] [StageDiffusionClient] stage-0 [rep-3] add request: chatcmpl-cdb5d791e6ce4d54
[0;36m(APIServer pid=1439463)[0;0m INFO 05-23 10:56:44 [serving_chat.py:2650] Diffusion chat request chatcmpl-91879b64f01f4e31: prompt='a high quality photo of a terrapin, detailed, natu...', ref_images=0, params={'extra_args': {'profile_mode': 'e2e_slo_first', 'profile_policy': 'current', 'profile_scale': 4.0, 'profile_trace_id': 'current_scale_4.0', 'profile_shape': '768x768'}, 'height': 768, 'width': 768, 'num_inference_steps': 50, 'seed': 1270, 'reference_cost_ms': 16463.377065956593, 'slo_ms': 65853.50826382637, 'arrival_time_s': 1779505004.4935744, 'deadline_time_s': 1779505070.3470826, 'client_request_id': 'current_scale_4.0-0036'}
[0;36m(APIServer pid=1439463)[0;0m INFO 05-23 10:56:44 [stage_diffusion_client.py:313] [StageDiffusionClient] stage-0 [rep-1] add request: chatcmpl-91879b64f01f4e31
[0;36m(APIServer pid=1439463)[0;0m INFO 05-23 10:56:49 [serving_chat.py:2938] Diffusion chat completed for request chatcmpl-b1ca3e6ed1e14b84: output_type=image, image_count=1
[0;36m(APIServer pid=1439463)[0;0m INFO:     127.0.0.1:44892 - "POST /v1/chat/completions HTTP/1.1" 200 OK
[0;36m(APIServer pid=1439463)[0;0m INFO 05-23 10:56:49 [serving_chat.py:2650] Diffusion chat request chatcmpl-22b5742d024d4ca2: prompt='a realistic documentary photograph showing a box t...', ref_images=0, params={'extra_args': {'profile_mode': 'e2e_slo_first', 'profile_policy': 'current', 'profile_scale': 4.0, 'profile_trace_id': 'current_scale_4.0', 'profile_shape': '512x512'}, 'height': 512, 'width': 512, 'num_inference_steps': 50, 'seed': 1271, 'reference_cost_ms': 16651.144148781896, 'slo_ms': 66604.57659512758, 'arrival_time_s': 1779505008.7435744, 'deadline_time_s': 1779505075.348151, 'client_request_id': 'current_scale_4.0-0037'}
[0;36m(APIServer pid=1439463)[0;0m INFO 05-23 10:56:49 [stage_diffusion_client.py:313] [StageDiffusionClient] stage-0 [rep-1] add request: chatcmpl-22b5742d024d4ca2
[0;36m(APIServer pid=1439463)[0;0m INFO 05-23 10:56:52 [serving_chat.py:2650] Diffusion chat request chatcmpl-34461182b10e4786: prompt='a sharp studio image of a banded gecko, clear comp...', ref_images=0, params={'extra_args': {'profile_mode': 'e2e_slo_first', 'profile_policy': 'current', 'profile_scale': 4.0, 'profile_trace_id': 'current_scale_4.0', 'profile_shape': '768x768'}, 'height': 768, 'width': 768, 'num_inference_steps': 50, 'seed': 1272, 'reference_cost_ms': 16463.377065956593, 'slo_ms': 65853.50826382637, 'arrival_time_s': 1779505012.9935744, 'deadline_time_s': 1779505078.8470826, 'client_request_id': 'current_scale_4.0-0038'}
[0;36m(APIServer pid=1439463)[0;0m INFO 05-23 10:56:53 [stage_diffusion_client.py:313] [StageDiffusionClient] stage-0 [rep-2] add request: chatcmpl-34461182b10e4786
[0;36m(APIServer pid=1439463)[0;0m INFO 05-23 10:56:54 [serving_chat.py:2938] Diffusion chat completed for request chatcmpl-eea26bad3a3142c7: output_type=image, image_count=1
[0;36m(APIServer pid=1439463)[0;0m INFO:     127.0.0.1:55956 - "POST /v1/chat/completions HTTP/1.1" 200 OK
[0;36m(APIServer pid=1439463)[0;0m INFO 05-23 10:56:57 [serving_chat.py:2650] Diffusion chat request chatcmpl-a0537560207840fe: prompt='a photo-realistic scene centered on a common iguan...', ref_images=0, params={'extra_args': {'profile_mode': 'e2e_slo_first', 'profile_policy': 'current', 'profile_scale': 4.0, 'profile_trace_id': 'current_scale_4.0', 'profile_shape': '1024x1024'}, 'height': 1024, 'width': 1024, 'num_inference_steps': 50, 'seed': 1273, 'reference_cost_ms': 23089.30584229529, 'slo_ms': 92357.22336918116, 'arrival_time_s': 1779505017.2435744, 'deadline_time_s': 1779505109.6007977, 'client_request_id': 'current_scale_4.0-0039'}
[0;36m(APIServer pid=1439463)[0;0m INFO 05-23 10:56:57 [stage_diffusion_client.py:313] [StageDiffusionClient] stage-0 [rep-1] add request: chatcmpl-a0537560207840fe
[0;36m(APIServer pid=1439463)[0;0m INFO 05-23 10:56:57 [serving_chat.py:2938] Diffusion chat completed for request chatcmpl-cdb5d791e6ce4d54: output_type=image, image_count=1
[0;36m(APIServer pid=1439463)[0;0m INFO:     127.0.0.1:59778 - "POST /v1/chat/completions HTTP/1.1" 200 OK
[0;36m(APIServer pid=1439463)[0;0m INFO 05-23 10:57:01 [serving_chat.py:2650] Diffusion chat request chatcmpl-7ba5aa3eaa6d43c6: prompt='a high quality photo of a American chameleon, deta...', ref_images=0, params={'extra_args': {'profile_mode': 'e2e_slo_first', 'profile_policy': 'current', 'profile_scale': 4.0, 'profile_trace_id': 'current_scale_4.0', 'profile_shape': '512x512'}, 'height': 512, 'width': 512, 'num_inference_steps': 50, 'seed': 1274, 'reference_cost_ms': 16651.144148781896, 'slo_ms': 66604.57659512758, 'arrival_time_s': 1779505021.4935744, 'deadline_time_s': 1779505088.098151, 'client_request_id': 'current_scale_4.0-0040'}
[0;36m(APIServer pid=1439463)[0;0m INFO 05-23 10:57:01 [stage_diffusion_client.py:313] [StageDiffusionClient] stage-0 [rep-2] add request: chatcmpl-7ba5aa3eaa6d43c6
[0;36m(APIServer pid=1439463)[0;0m INFO 05-23 10:57:05 [serving_chat.py:2650] Diffusion chat request chatcmpl-4e162f34247749da: prompt='a realistic documentary photograph showing a whipt...', ref_images=0, params={'extra_args': {'profile_mode': 'e2e_slo_first', 'profile_policy': 'current', 'profile_scale': 4.0, 'profile_trace_id': 'current_scale_4.0', 'profile_shape': '768x768'}, 'height': 768, 'width': 768, 'num_inference_steps': 50, 'seed': 1275, 'reference_cost_ms': 16463.377065956593, 'slo_ms': 65853.50826382637, 'arrival_time_s': 1779505025.7435744, 'deadline_time_s': 1779505091.5970826, 'client_request_id': 'current_scale_4.0-0041'}
[0;36m(APIServer pid=1439463)[0;0m INFO 05-23 10:57:05 [stage_diffusion_client.py:313] [StageDiffusionClient] stage-0 [rep-2] add request: chatcmpl-4e162f34247749da
[0;36m(APIServer pid=1439463)[0;0m INFO 05-23 10:57:07 [serving_chat.py:2938] Diffusion chat completed for request chatcmpl-9e7d94fe7d284b86: output_type=image, image_count=1
[0;36m(APIServer pid=1439463)[0;0m INFO:     127.0.0.1:35558 - "POST /v1/chat/completions HTTP/1.1" 200 OK
[0;36m(APIServer pid=1439463)[0;0m INFO 05-23 10:57:08 [serving_chat.py:2938] Diffusion chat completed for request chatcmpl-e2f7294b915f45e7: output_type=image, image_count=1
[0;36m(APIServer pid=1439463)[0;0m INFO:     127.0.0.1:35560 - "POST /v1/chat/completions HTTP/1.1" 200 OK
[0;36m(APIServer pid=1439463)[0;0m INFO 05-23 10:57:09 [serving_chat.py:2650] Diffusion chat request chatcmpl-d550b258e4374d4b: prompt='a sharp studio image of a agama, clear composition...', ref_images=0, params={'extra_args': {'profile_mode': 'e2e_slo_first', 'profile_policy': 'current', 'profile_scale': 4.0, 'profile_trace_id': 'current_scale_4.0', 'profile_shape': '512x512'}, 'height': 512, 'width': 512, 'num_inference_steps': 50, 'seed': 1276, 'reference_cost_ms': 16651.144148781896, 'slo_ms': 66604.57659512758, 'arrival_time_s': 1779505029.9935744, 'deadline_time_s': 1779505096.598151, 'client_request_id': 'current_scale_4.0-0042'}
[0;36m(APIServer pid=1439463)[0;0m INFO 05-23 10:57:10 [stage_diffusion_client.py:313] [StageDiffusionClient] stage-0 [rep-0] add request: chatcmpl-d550b258e4374d4b
[0;36m(APIServer pid=1439463)[0;0m INFO 05-23 10:57:10 [serving_chat.py:2938] Diffusion chat completed for request chatcmpl-27977bcbab174637: output_type=image, image_count=1
[0;36m(APIServer pid=1439463)[0;0m INFO:     127.0.0.1:43524 - "POST /v1/chat/completions HTTP/1.1" 200 OK
[0;36m(APIServer pid=1439463)[0;0m INFO 05-23 10:57:11 [serving_chat.py:2938] Diffusion chat completed for request chatcmpl-215c2982183c4c36: output_type=image, image_count=1
[0;36m(APIServer pid=1439463)[0;0m INFO:     127.0.0.1:44888 - "POST /v1/chat/completions HTTP/1.1" 200 OK
[0;36m(APIServer pid=1439463)[0;0m INFO 05-23 10:57:14 [serving_chat.py:2650] Diffusion chat request chatcmpl-ff8e523b6ef94163: prompt='a photo-realistic scene centered on a frilled liza...', ref_images=0, params={'extra_args': {'profile_mode': 'e2e_slo_first', 'profile_policy': 'current', 'profile_scale': 4.0, 'profile_trace_id': 'current_scale_4.0', 'profile_shape': '768x768'}, 'height': 768, 'width': 768, 'num_inference_steps': 50, 'seed': 1277, 'reference_cost_ms': 16463.377065956593, 'slo_ms': 65853.50826382637, 'arrival_time_s': 1779505034.2435744, 'deadline_time_s': 1779505100.0970826, 'client_request_id': 'current_scale_4.0-0043'}
[0;36m(APIServer pid=1439463)[0;0m INFO 05-23 10:57:14 [stage_diffusion_client.py:313] [StageDiffusionClient] stage-0 [rep-1] add request: chatcmpl-ff8e523b6ef94163
[0;36m(APIServer pid=1439463)[0;0m INFO 05-23 10:57:18 [serving_chat.py:2650] Diffusion chat request chatcmpl-f02d7e314a4a44eb: prompt='a high quality photo of a alligator lizard, detail...', ref_images=0, params={'extra_args': {'profile_mode': 'e2e_slo_first', 'profile_policy': 'current', 'profile_scale': 4.0, 'profile_trace_id': 'current_scale_4.0', 'profile_shape': '1024x1024'}, 'height': 1024, 'width': 1024, 'num_inference_steps': 50, 'seed': 1278, 'reference_cost_ms': 23089.30584229529, 'slo_ms': 92357.22336918116, 'arrival_time_s': 1779505038.4935744, 'deadline_time_s': 1779505130.8507977, 'client_request_id': 'current_scale_4.0-0044'}
[0;36m(APIServer pid=1439463)[0;0m INFO 05-23 10:57:18 [stage_diffusion_client.py:313] [StageDiffusionClient] stage-0 [rep-0] add request: chatcmpl-f02d7e314a4a44eb
[0;36m(APIServer pid=1439463)[0;0m INFO 05-23 10:57:20 [serving_chat.py:2938] Diffusion chat completed for request chatcmpl-34461182b10e4786: output_type=image, image_count=1
[0;36m(APIServer pid=1439463)[0;0m INFO:     127.0.0.1:44892 - "POST /v1/chat/completions HTTP/1.1" 200 OK
[0;36m(APIServer pid=1439463)[0;0m INFO 05-23 10:57:22 [serving_chat.py:2650] Diffusion chat request chatcmpl-3c8ed5e4a3cf4e26: prompt='a realistic documentary photograph showing a Gila ...', ref_images=0, params={'extra_args': {'profile_mode': 'e2e_slo_first', 'profile_policy': 'current', 'profile_scale': 4.0, 'profile_trace_id': 'current_scale_4.0', 'profile_shape': '512x512'}, 'height': 512, 'width': 512, 'num_inference_steps': 50, 'seed': 1279, 'reference_cost_ms': 16651.144148781896, 'slo_ms': 66604.57659512758, 'arrival_time_s': 1779505042.7435744, 'deadline_time_s': 1779505109.348151, 'client_request_id': 'current_scale_4.0-0045'}
[0;36m(APIServer pid=1439463)[0;0m INFO 05-23 10:57:22 [stage_diffusion_client.py:313] [StageDiffusionClient] stage-0 [rep-2] add request: chatcmpl-3c8ed5e4a3cf4e26
[0;36m(APIServer pid=1439463)[0;0m INFO 05-23 10:57:26 [serving_chat.py:2938] Diffusion chat completed for request chatcmpl-592e51ea4bac472e: output_type=image, image_count=1
[0;36m(APIServer pid=1439463)[0;0m INFO:     127.0.0.1:35938 - "POST /v1/chat/completions HTTP/1.1" 200 OK
[0;36m(APIServer pid=1439463)[0;0m INFO 05-23 10:57:26 [serving_chat.py:2938] Diffusion chat completed for request chatcmpl-d550b258e4374d4b: output_type=image, image_count=1
[0;36m(APIServer pid=1439463)[0;0m INFO:     127.0.0.1:35558 - "POST /v1/chat/completions HTTP/1.1" 200 OK
[0;36m(APIServer pid=1439463)[0;0m INFO 05-23 10:57:26 [serving_chat.py:2650] Diffusion chat request chatcmpl-9285c28552cc42bc: prompt='a sharp studio image of a green lizard, clear comp...', ref_images=0, params={'extra_args': {'profile_mode': 'e2e_slo_first', 'profile_policy': 'current', 'profile_scale': 4.0, 'profile_trace_id': 'current_scale_4.0', 'profile_shape': '768x768'}, 'height': 768, 'width': 768, 'num_inference_steps': 50, 'seed': 1280, 'reference_cost_ms': 16463.377065956593, 'slo_ms': 65853.50826382637, 'arrival_time_s': 1779505046.9935744, 'deadline_time_s': 1779505112.8470826, 'client_request_id': 'current_scale_4.0-0046'}
[0;36m(APIServer pid=1439463)[0;0m INFO 05-23 10:57:27 [stage_diffusion_client.py:313] [StageDiffusionClient] stage-0 [rep-2] add request: chatcmpl-9285c28552cc42bc
[0;36m(APIServer pid=1439463)[0;0m INFO 05-23 10:57:31 [serving_chat.py:2650] Diffusion chat request chatcmpl-81f67e3e060e441f: prompt='a photo-realistic scene centered on a African cham...', ref_images=0, params={'extra_args': {'profile_mode': 'e2e_slo_first', 'profile_policy': 'current', 'profile_scale': 4.0, 'profile_trace_id': 'current_scale_4.0', 'profile_shape': '512x512'}, 'height': 512, 'width': 512, 'num_inference_steps': 50, 'seed': 1281, 'reference_cost_ms': 16651.144148781896, 'slo_ms': 66604.57659512758, 'arrival_time_s': 1779505051.2435744, 'deadline_time_s': 1779505117.848151, 'client_request_id': 'current_scale_4.0-0047'}
[0;36m(APIServer pid=1439463)[0;0m INFO 05-23 10:57:31 [stage_diffusion_client.py:313] [StageDiffusionClient] stage-0 [rep-1] add request: chatcmpl-81f67e3e060e441f
[0;36m(APIServer pid=1439463)[0;0m INFO 05-23 10:57:35 [serving_chat.py:2650] Diffusion chat request chatcmpl-96d0519cce014bb8: prompt='a high quality photo of a Komodo dragon, detailed,...', ref_images=0, params={'extra_args': {'profile_mode': 'e2e_slo_first', 'profile_policy': 'current', 'profile_scale': 4.0, 'profile_trace_id': 'current_scale_4.0', 'profile_shape': '768x768'}, 'height': 768, 'width': 768, 'num_inference_steps': 50, 'seed': 1282, 'reference_cost_ms': 16463.377065956593, 'slo_ms': 65853.50826382637, 'arrival_time_s': 1779505055.4935744, 'deadline_time_s': 1779505121.3470826, 'client_request_id': 'current_scale_4.0-0048'}
[0;36m(APIServer pid=1439463)[0;0m INFO 05-23 10:57:35 [stage_diffusion_client.py:313] [StageDiffusionClient] stage-0 [rep-0] add request: chatcmpl-96d0519cce014bb8
[0;36m(APIServer pid=1439463)[0;0m INFO 05-23 10:57:36 [serving_chat.py:2938] Diffusion chat completed for request chatcmpl-7ba5aa3eaa6d43c6: output_type=image, image_count=1
[0;36m(APIServer pid=1439463)[0;0m INFO:     127.0.0.1:59778 - "POST /v1/chat/completions HTTP/1.1" 200 OK
[0;36m(APIServer pid=1439463)[0;0m INFO 05-23 10:57:39 [serving_chat.py:2650] Diffusion chat request chatcmpl-7f6b7168bab545b3: prompt='a realistic documentary photograph showing a Afric...', ref_images=0, params={'extra_args': {'profile_mode': 'e2e_slo_first', 'profile_policy': 'current', 'profile_scale': 4.0, 'profile_trace_id': 'current_scale_4.0', 'profile_shape': '1024x1024'}, 'height': 1024, 'width': 1024, 'num_inference_steps': 50, 'seed': 1283, 'reference_cost_ms': 23089.30584229529, 'slo_ms': 92357.22336918116, 'arrival_time_s': 1779505059.7435744, 'deadline_time_s': 1779505152.1007977, 'client_request_id': 'current_scale_4.0-0049'}
[0;36m(APIServer pid=1439463)[0;0m INFO 05-23 10:57:39 [stage_diffusion_client.py:313] [StageDiffusionClient] stage-0 [rep-3] add request: chatcmpl-7f6b7168bab545b3
[0;36m(APIServer pid=1439463)[0;0m INFO 05-23 10:57:43 [serving_chat.py:2938] Diffusion chat completed for request chatcmpl-e0a45a0dea5a468a: output_type=image, image_count=1
[0;36m(APIServer pid=1439463)[0;0m INFO:     127.0.0.1:43510 - "POST /v1/chat/completions HTTP/1.1" 200 OK
[0;36m(APIServer pid=1439463)[0;0m INFO 05-23 10:57:43 [serving_chat.py:2650] Diffusion chat request chatcmpl-2c5549ba064a4011: prompt='a sharp studio image of a American alligator, clea...', ref_images=0, params={'extra_args': {'profile_mode': 'e2e_slo_first', 'profile_policy': 'current', 'profile_scale': 4.0, 'profile_trace_id': 'current_scale_4.0', 'profile_shape': '512x512'}, 'height': 512, 'width': 512, 'num_inference_steps': 50, 'seed': 1284, 'reference_cost_ms': 16651.144148781896, 'slo_ms': 66604.57659512758, 'arrival_time_s': 1779505063.9935744, 'deadline_time_s': 1779505130.598151, 'client_request_id': 'current_scale_4.0-0050'}
[0;36m(APIServer pid=1439463)[0;0m INFO 05-23 10:57:44 [stage_diffusion_client.py:313] [StageDiffusionClient] stage-0 [rep-1] add request: chatcmpl-2c5549ba064a4011
[0;36m(APIServer pid=1439463)[0;0m INFO 05-23 10:57:48 [serving_chat.py:2650] Diffusion chat request chatcmpl-7f7484f5878b4cd6: prompt='a photo-realistic scene centered on a triceratops,...', ref_images=0, params={'extra_args': {'profile_mode': 'e2e_slo_first', 'profile_policy': 'current', 'profile_scale': 4.0, 'profile_trace_id': 'current_scale_4.0', 'profile_shape': '768x768'}, 'height': 768, 'width': 768, 'num_inference_steps': 50, 'seed': 1285, 'reference_cost_ms': 16463.377065956593, 'slo_ms': 65853.50826382637, 'arrival_time_s': 1779505068.2435744, 'deadline_time_s': 1779505134.0970826, 'client_request_id': 'current_scale_4.0-0051'}
[0;36m(APIServer pid=1439463)[0;0m INFO 05-23 10:57:48 [stage_diffusion_client.py:313] [StageDiffusionClient] stage-0 [rep-1] add request: chatcmpl-7f7484f5878b4cd6
[0;36m(APIServer pid=1439463)[0;0m INFO 05-23 10:57:50 [serving_chat.py:2938] Diffusion chat completed for request chatcmpl-f02d7e314a4a44eb: output_type=image, image_count=1
[0;36m(APIServer pid=1439463)[0;0m INFO:     127.0.0.1:43442 - "POST /v1/chat/completions HTTP/1.1" 200 OK
[0;36m(APIServer pid=1439463)[0;0m INFO 05-23 10:57:52 [serving_chat.py:2650] Diffusion chat request chatcmpl-ba3d71bd2a74488f: prompt='a high quality photo of a thunder snake, detailed,...', ref_images=0, params={'extra_args': {'profile_mode': 'e2e_slo_first', 'profile_policy': 'current', 'profile_scale': 4.0, 'profile_trace_id': 'current_scale_4.0', 'profile_shape': '512x512'}, 'height': 512, 'width': 512, 'num_inference_steps': 50, 'seed': 1286, 'reference_cost_ms': 16651.144148781896, 'slo_ms': 66604.57659512758, 'arrival_time_s': 1779505072.4935744, 'deadline_time_s': 1779505139.098151, 'client_request_id': 'current_scale_4.0-0052'}
[0;36m(APIServer pid=1439463)[0;0m INFO 05-23 10:57:52 [stage_diffusion_client.py:313] [StageDiffusionClient] stage-0 [rep-1] add request: chatcmpl-ba3d71bd2a74488f
[0;36m(APIServer pid=1439463)[0;0m INFO 05-23 10:57:54 [serving_chat.py:2938] Diffusion chat completed for request chatcmpl-4e162f34247749da: output_type=image, image_count=1
[0;36m(APIServer pid=1439463)[0;0m INFO:     127.0.0.1:35802 - "POST /v1/chat/completions HTTP/1.1" 200 OK
[0;36m(APIServer pid=1439463)[0;0m INFO 05-23 10:57:56 [serving_chat.py:2650] Diffusion chat request chatcmpl-99d1b91ead04476c: prompt='a realistic documentary photograph showing a ringn...', ref_images=0, params={'extra_args': {'profile_mode': 'e2e_slo_first', 'profile_policy': 'current', 'profile_scale': 4.0, 'profile_trace_id': 'current_scale_4.0', 'profile_shape': '768x768'}, 'height': 768, 'width': 768, 'num_inference_steps': 50, 'seed': 1287, 'reference_cost_ms': 16463.377065956593, 'slo_ms': 65853.50826382637, 'arrival_time_s': 1779505076.7435744, 'deadline_time_s': 1779505142.5970826, 'client_request_id': 'current_scale_4.0-0053'}
[0;36m(APIServer pid=1439463)[0;0m INFO 05-23 10:57:56 [stage_diffusion_client.py:313] [StageDiffusionClient] stage-0 [rep-0] add request: chatcmpl-99d1b91ead04476c
[0;36m(APIServer pid=1439463)[0;0m INFO 05-23 10:58:01 [serving_chat.py:2650] Diffusion chat request chatcmpl-735111a6f8994b06: prompt='a sharp studio image of a hognose snake, clear com...', ref_images=0, params={'extra_args': {'profile_mode': 'e2e_slo_first', 'profile_policy': 'current', 'profile_scale': 4.0, 'profile_trace_id': 'current_scale_4.0', 'profile_shape': '1024x1024'}, 'height': 1024, 'width': 1024, 'num_inference_steps': 50, 'seed': 1288, 'reference_cost_ms': 23089.30584229529, 'slo_ms': 92357.22336918116, 'arrival_time_s': 1779505080.9935744, 'deadline_time_s': 1779505173.3507977, 'client_request_id': 'current_scale_4.0-0054'}
[0;36m(APIServer pid=1439463)[0;0m INFO 05-23 10:58:01 [stage_diffusion_client.py:313] [StageDiffusionClient] stage-0 [rep-1] add request: chatcmpl-735111a6f8994b06
[0;36m(APIServer pid=1439463)[0;0m INFO 05-23 10:58:03 [serving_chat.py:2938] Diffusion chat completed for request chatcmpl-7f6b7168bab545b3: output_type=image, image_count=1
[0;36m(APIServer pid=1439463)[0;0m INFO:     127.0.0.1:59778 - "POST /v1/chat/completions HTTP/1.1" 200 OK
[0;36m(APIServer pid=1439463)[0;0m INFO 05-23 10:58:05 [serving_chat.py:2650] Diffusion chat request chatcmpl-7fbf8a463b884f01: prompt='a photo-realistic scene centered on a green snake,...', ref_images=0, params={'extra_args': {'profile_mode': 'e2e_slo_first', 'profile_policy': 'current', 'profile_scale': 4.0, 'profile_trace_id': 'current_scale_4.0', 'profile_shape': '512x512'}, 'height': 512, 'width': 512, 'num_inference_steps': 50, 'seed': 1289, 'reference_cost_ms': 16651.144148781896, 'slo_ms': 66604.57659512758, 'arrival_time_s': 1779505085.2435744, 'deadline_time_s': 1779505151.848151, 'client_request_id': 'current_scale_4.0-0055'}
[0;36m(APIServer pid=1439463)[0;0m INFO 05-23 10:58:05 [stage_diffusion_client.py:313] [StageDiffusionClient] stage-0 [rep-2] add request: chatcmpl-7fbf8a463b884f01
[0;36m(APIServer pid=1439463)[0;0m INFO 05-23 10:58:07 [serving_chat.py:2938] Diffusion chat completed for request chatcmpl-0711c62944124291: output_type=image, image_count=1
[0;36m(APIServer pid=1439463)[0;0m INFO:     127.0.0.1:56966 - "POST /v1/chat/completions HTTP/1.1" 200 OK
[0;36m(APIServer pid=1439463)[0;0m INFO 05-23 10:58:09 [serving_chat.py:2650] Diffusion chat request chatcmpl-3c4338cdf09045af: prompt='a high quality photo of a king snake, detailed, na...', ref_images=0, params={'extra_args': {'profile_mode': 'e2e_slo_first', 'profile_policy': 'current', 'profile_scale': 4.0, 'profile_trace_id': 'current_scale_4.0', 'profile_shape': '768x768'}, 'height': 768, 'width': 768, 'num_inference_steps': 50, 'seed': 1290, 'reference_cost_ms': 16463.377065956593, 'slo_ms': 65853.50826382637, 'arrival_time_s': 1779505089.4935744, 'deadline_time_s': 1779505155.3470826, 'client_request_id': 'current_scale_4.0-0056'}
[0;36m(APIServer pid=1439463)[0;0m INFO 05-23 10:58:09 [stage_diffusion_client.py:313] [StageDiffusionClient] stage-0 [rep-2] add request: chatcmpl-3c4338cdf09045af
[0;36m(APIServer pid=1439463)[0;0m INFO 05-23 10:58:11 [serving_chat.py:2938] Diffusion chat completed for request chatcmpl-96d0519cce014bb8: output_type=image, image_count=1
[0;36m(APIServer pid=1439463)[0;0m INFO:     127.0.0.1:36374 - "POST /v1/chat/completions HTTP/1.1" 200 OK
[0;36m(APIServer pid=1439463)[0;0m INFO 05-23 10:58:11 [serving_chat.py:2938] Diffusion chat completed for request chatcmpl-3c8ed5e4a3cf4e26: output_type=image, image_count=1
[0;36m(APIServer pid=1439463)[0;0m INFO:     127.0.0.1:44892 - "POST /v1/chat/completions HTTP/1.1" 200 OK
[0;36m(APIServer pid=1439463)[0;0m INFO 05-23 10:58:13 [serving_chat.py:2650] Diffusion chat request chatcmpl-a367b3772b084cfa: prompt='a realistic documentary photograph showing a garte...', ref_images=0, params={'extra_args': {'profile_mode': 'e2e_slo_first', 'profile_policy': 'current', 'profile_scale': 4.0, 'profile_trace_id': 'current_scale_4.0', 'profile_shape': '512x512'}, 'height': 512, 'width': 512, 'num_inference_steps': 50, 'seed': 1291, 'reference_cost_ms': 16651.144148781896, 'slo_ms': 66604.57659512758, 'arrival_time_s': 1779505093.7435744, 'deadline_time_s': 1779505160.348151, 'client_request_id': 'current_scale_4.0-0057'}
[0;36m(APIServer pid=1439463)[0;0m INFO 05-23 10:58:13 [stage_diffusion_client.py:313] [StageDiffusionClient] stage-0 [rep-2] add request: chatcmpl-a367b3772b084cfa
[0;36m(APIServer pid=1439463)[0;0m INFO 05-23 10:58:17 [serving_chat.py:2650] Diffusion chat request chatcmpl-45d8cc879236457e: prompt='a sharp studio image of a water snake, clear compo...', ref_images=0, params={'extra_args': {'profile_mode': 'e2e_slo_first', 'profile_policy': 'current', 'profile_scale': 4.0, 'profile_trace_id': 'current_scale_4.0', 'profile_shape': '768x768'}, 'height': 768, 'width': 768, 'num_inference_steps': 50, 'seed': 1292, 'reference_cost_ms': 16463.377065956593, 'slo_ms': 65853.50826382637, 'arrival_time_s': 1779505097.9935744, 'deadline_time_s': 1779505163.8470826, 'client_request_id': 'current_scale_4.0-0058'}
[0;36m(APIServer pid=1439463)[0;0m INFO 05-23 10:58:18 [stage_diffusion_client.py:313] [StageDiffusionClient] stage-0 [rep-0] add request: chatcmpl-45d8cc879236457e
[0;36m(APIServer pid=1439463)[0;0m INFO 05-23 10:58:20 [serving_chat.py:2938] Diffusion chat completed for request chatcmpl-99d1b91ead04476c: output_type=image, image_count=1
[0;36m(APIServer pid=1439463)[0;0m INFO:     127.0.0.1:35802 - "POST /v1/chat/completions HTTP/1.1" 200 OK
[0;36m(APIServer pid=1439463)[0;0m INFO 05-23 10:58:22 [serving_chat.py:2650] Diffusion chat request chatcmpl-afdb665d0e374d44: prompt='a photo-realistic scene centered on a vine snake, ...', ref_images=0, params={'extra_args': {'profile_mode': 'e2e_slo_first', 'profile_policy': 'current', 'profile_scale': 4.0, 'profile_trace_id': 'current_scale_4.0', 'profile_shape': '1024x1024'}, 'height': 1024, 'width': 1024, 'num_inference_steps': 50, 'seed': 1293, 'reference_cost_ms': 23089.30584229529, 'slo_ms': 92357.22336918116, 'arrival_time_s': 1779505102.2435744, 'deadline_time_s': 1779505194.6007977, 'client_request_id': 'current_scale_4.0-0059'}
[0;36m(APIServer pid=1439463)[0;0m INFO 05-23 10:58:22 [stage_diffusion_client.py:313] [StageDiffusionClient] stage-0 [rep-2] add request: chatcmpl-afdb665d0e374d44
[0;36m(APIServer pid=1439463)[0;0m INFO 05-23 10:58:25 [serving_chat.py:2938] Diffusion chat completed for request chatcmpl-91879b64f01f4e31: output_type=image, image_count=1
[0;36m(APIServer pid=1439463)[0;0m INFO:     127.0.0.1:51358 - "POST /v1/chat/completions HTTP/1.1" 200 OK
[0;36m(APIServer pid=1439463)[0;0m INFO 05-23 10:58:26 [serving_chat.py:2650] Diffusion chat request chatcmpl-0fa441c3a7ec4aaf: prompt='a high quality photo of a night snake, detailed, n...', ref_images=0, params={'extra_args': {'profile_mode': 'e2e_slo_first', 'profile_policy': 'current', 'profile_scale': 4.0, 'profile_trace_id': 'current_scale_4.0', 'profile_shape': '512x512'}, 'height': 512, 'width': 512, 'num_inference_steps': 50, 'seed': 1294, 'reference_cost_ms': 16651.144148781896, 'slo_ms': 66604.57659512758, 'arrival_time_s': 1779505106.4935744, 'deadline_time_s': 1779505173.098151, 'client_request_id': 'current_scale_4.0-0060'}
[0;36m(APIServer pid=1439463)[0;0m INFO 05-23 10:58:26 [stage_diffusion_client.py:313] [StageDiffusionClient] stage-0 [rep-3] add request: chatcmpl-0fa441c3a7ec4aaf
[0;36m(APIServer pid=1439463)[0;0m INFO 05-23 10:58:29 [serving_chat.py:2938] Diffusion chat completed for request chatcmpl-9285c28552cc42bc: output_type=image, image_count=1
[0;36m(APIServer pid=1439463)[0;0m INFO:     127.0.0.1:35938 - "POST /v1/chat/completions HTTP/1.1" 200 OK
[0;36m(APIServer pid=1439463)[0;0m INFO 05-23 10:58:30 [serving_chat.py:2650] Diffusion chat request chatcmpl-35453fa402804b89: prompt='a realistic documentary photograph showing a boa c...', ref_images=0, params={'extra_args': {'profile_mode': 'e2e_slo_first', 'profile_policy': 'current', 'profile_scale': 4.0, 'profile_trace_id': 'current_scale_4.0', 'profile_shape': '768x768'}, 'height': 768, 'width': 768, 'num_inference_steps': 50, 'seed': 1295, 'reference_cost_ms': 16463.377065956593, 'slo_ms': 65853.50826382637, 'arrival_time_s': 1779505110.7435744, 'deadline_time_s': 1779505176.5970826, 'client_request_id': 'current_scale_4.0-0061'}
[0;36m(APIServer pid=1439463)[0;0m INFO 05-23 10:58:30 [stage_diffusion_client.py:313] [StageDiffusionClient] stage-0 [rep-2] add request: chatcmpl-35453fa402804b89
[0;36m(APIServer pid=1439463)[0;0m INFO 05-23 10:58:34 [serving_chat.py:2650] Diffusion chat request chatcmpl-7f429b08eb344d1e: prompt='a sharp studio image of a rock python, clear compo...', ref_images=0, params={'extra_args': {'profile_mode': 'e2e_slo_first', 'profile_policy': 'current', 'profile_scale': 4.0, 'profile_trace_id': 'current_scale_4.0', 'profile_shape': '512x512'}, 'height': 512, 'width': 512, 'num_inference_steps': 50, 'seed': 1296, 'reference_cost_ms': 16651.144148781896, 'slo_ms': 66604.57659512758, 'arrival_time_s': 1779505114.9935744, 'deadline_time_s': 1779505181.598151, 'client_request_id': 'current_scale_4.0-0062'}
[0;36m(APIServer pid=1439463)[0;0m INFO 05-23 10:58:35 [stage_diffusion_client.py:313] [StageDiffusionClient] stage-0 [rep-1] add request: chatcmpl-7f429b08eb344d1e
[0;36m(APIServer pid=1439463)[0;0m INFO 05-23 10:58:36 [serving_chat.py:2938] Diffusion chat completed for request chatcmpl-45d8cc879236457e: output_type=image, image_count=1
[0;36m(APIServer pid=1439463)[0;0m INFO:     127.0.0.1:37480 - "POST /v1/chat/completions HTTP/1.1" 200 OK
[0;36m(APIServer pid=1439463)[0;0m INFO 05-23 10:58:39 [serving_chat.py:2650] Diffusion chat request chatcmpl-675c252677564bf2: prompt='a photo-realistic scene centered on a Indian cobra...', ref_images=0, params={'extra_args': {'profile_mode': 'e2e_slo_first', 'profile_policy': 'current', 'profile_scale': 4.0, 'profile_trace_id': 'current_scale_4.0', 'profile_shape': '768x768'}, 'height': 768, 'width': 768, 'num_inference_steps': 50, 'seed': 1297, 'reference_cost_ms': 16463.377065956593, 'slo_ms': 65853.50826382637, 'arrival_time_s': 1779505119.2435744, 'deadline_time_s': 1779505185.0970826, 'client_request_id': 'current_scale_4.0-0063'}
[0;36m(APIServer pid=1439463)[0;0m INFO 05-23 10:58:39 [stage_diffusion_client.py:313] [StageDiffusionClient] stage-0 [rep-2] add request: chatcmpl-675c252677564bf2
[0;36m(APIServer pid=1439463)[0;0m INFO 05-23 10:58:43 [serving_chat.py:2650] Diffusion chat request chatcmpl-c49378b4284042a8: prompt='a high quality photo of a green mamba, detailed, n...', ref_images=0, params={'extra_args': {'profile_mode': 'e2e_slo_first', 'profile_policy': 'current', 'profile_scale': 4.0, 'profile_trace_id': 'current_scale_4.0', 'profile_shape': '1024x1024'}, 'height': 1024, 'width': 1024, 'num_inference_steps': 50, 'seed': 1298, 'reference_cost_ms': 23089.30584229529, 'slo_ms': 92357.22336918116, 'arrival_time_s': 1779505123.4935744, 'deadline_time_s': 1779505215.8507977, 'client_request_id': 'current_scale_4.0-0064'}
[0;36m(APIServer pid=1439463)[0;0m INFO 05-23 10:58:43 [stage_diffusion_client.py:313] [StageDiffusionClient] stage-0 [rep-3] add request: chatcmpl-c49378b4284042a8
[0;36m(APIServer pid=1439463)[0;0m INFO 05-23 10:58:47 [serving_chat.py:2650] Diffusion chat request chatcmpl-fb50d7976afc4ae6: prompt='a realistic documentary photograph showing a sea s...', ref_images=0, params={'extra_args': {'profile_mode': 'e2e_slo_first', 'profile_policy': 'current', 'profile_scale': 4.0, 'profile_trace_id': 'current_scale_4.0', 'profile_shape': '512x512'}, 'height': 512, 'width': 512, 'num_inference_steps': 50, 'seed': 1299, 'reference_cost_ms': 16651.144148781896, 'slo_ms': 66604.57659512758, 'arrival_time_s': 1779505127.7435744, 'deadline_time_s': 1779505194.348151, 'client_request_id': 'current_scale_4.0-0065'}
[0;36m(APIServer pid=1439463)[0;0m INFO 05-23 10:58:47 [stage_diffusion_client.py:313] [StageDiffusionClient] stage-0 [rep-1] add request: chatcmpl-fb50d7976afc4ae6
[0;36m(APIServer pid=1439463)[0;0m INFO 05-23 10:58:52 [serving_chat.py:2650] Diffusion chat request chatcmpl-f79305762b554b50: prompt='a sharp studio image of a horned viper, clear comp...', ref_images=0, params={'extra_args': {'profile_mode': 'e2e_slo_first', 'profile_policy': 'current', 'profile_scale': 4.0, 'profile_trace_id': 'current_scale_4.0', 'profile_shape': '768x768'}, 'height': 768, 'width': 768, 'num_inference_steps': 50, 'seed': 1300, 'reference_cost_ms': 16463.377065956593, 'slo_ms': 65853.50826382637, 'arrival_time_s': 1779505131.9935744, 'deadline_time_s': 1779505197.8470826, 'client_request_id': 'current_scale_4.0-0066'}
[0;36m(APIServer pid=1439463)[0;0m INFO 05-23 10:58:52 [stage_diffusion_client.py:313] [StageDiffusionClient] stage-0 [rep-0] add request: chatcmpl-f79305762b554b50
[0;36m(APIServer pid=1439463)[0;0m INFO 05-23 10:58:56 [serving_chat.py:2650] Diffusion chat request chatcmpl-d77721ea3b0840e3: prompt='a photo-realistic scene centered on a diamondback,...', ref_images=0, params={'extra_args': {'profile_mode': 'e2e_slo_first', 'profile_policy': 'current', 'profile_scale': 4.0, 'profile_trace_id': 'current_scale_4.0', 'profile_shape': '512x512'}, 'height': 512, 'width': 512, 'num_inference_steps': 50, 'seed': 1301, 'reference_cost_ms': 16651.144148781896, 'slo_ms': 66604.57659512758, 'arrival_time_s': 1779505136.2435744, 'deadline_time_s': 1779505202.848151, 'client_request_id': 'current_scale_4.0-0067'}
[0;36m(APIServer pid=1439463)[0;0m INFO 05-23 10:58:56 [stage_diffusion_client.py:313] [StageDiffusionClient] stage-0 [rep-0] add request: chatcmpl-d77721ea3b0840e3
[0;36m(APIServer pid=1439463)[0;0m INFO 05-23 10:59:00 [serving_chat.py:2650] Diffusion chat request chatcmpl-94f6a87c123b49bd: prompt='a high quality photo of a sidewinder, detailed, na...', ref_images=0, params={'extra_args': {'profile_mode': 'e2e_slo_first', 'profile_policy': 'current', 'profile_scale': 4.0, 'profile_trace_id': 'current_scale_4.0', 'profile_shape': '768x768'}, 'height': 768, 'width': 768, 'num_inference_steps': 50, 'seed': 1302, 'reference_cost_ms': 16463.377065956593, 'slo_ms': 65853.50826382637, 'arrival_time_s': 1779505140.4935744, 'deadline_time_s': 1779505206.3470826, 'client_request_id': 'current_scale_4.0-0068'}
[0;36m(APIServer pid=1439463)[0;0m INFO 05-23 10:59:00 [stage_diffusion_client.py:313] [StageDiffusionClient] stage-0 [rep-2] add request: chatcmpl-94f6a87c123b49bd
[0;36m(APIServer pid=1439463)[0;0m INFO 05-23 10:59:02 [serving_chat.py:2938] Diffusion chat completed for request chatcmpl-22b5742d024d4ca2: output_type=image, image_count=1
[0;36m(APIServer pid=1439463)[0;0m INFO:     127.0.0.1:51366 - "POST /v1/chat/completions HTTP/1.1" 200 OK
[0;36m(APIServer pid=1439463)[0;0m INFO 05-23 10:59:04 [serving_chat.py:2650] Diffusion chat request chatcmpl-74b25989be6841e1: prompt='a realistic documentary photograph showing a trilo...', ref_images=0, params={'extra_args': {'profile_mode': 'e2e_slo_first', 'profile_policy': 'current', 'profile_scale': 4.0, 'profile_trace_id': 'current_scale_4.0', 'profile_shape': '1024x1024'}, 'height': 1024, 'width': 1024, 'num_inference_steps': 50, 'seed': 1303, 'reference_cost_ms': 23089.30584229529, 'slo_ms': 92357.22336918116, 'arrival_time_s': 1779505144.7435744, 'deadline_time_s': 1779505237.1007977, 'client_request_id': 'current_scale_4.0-0069'}
[0;36m(APIServer pid=1439463)[0;0m INFO 05-23 10:59:04 [stage_diffusion_client.py:313] [StageDiffusionClient] stage-0 [rep-1] add request: chatcmpl-74b25989be6841e1
[0;36m(APIServer pid=1439463)[0;0m INFO 05-23 10:59:06 [serving_chat.py:2938] Diffusion chat completed for request chatcmpl-0fa441c3a7ec4aaf: output_type=image, image_count=1
[0;36m(APIServer pid=1439463)[0;0m INFO:     127.0.0.1:51358 - "POST /v1/chat/completions HTTP/1.1" 200 OK
[0;36m(APIServer pid=1439463)[0;0m INFO 05-23 10:59:08 [serving_chat.py:2938] Diffusion chat completed for request chatcmpl-7fbf8a463b884f01: output_type=image, image_count=1
[0;36m(APIServer pid=1439463)[0;0m INFO:     127.0.0.1:59778 - "POST /v1/chat/completions HTTP/1.1" 200 OK
[0;36m(APIServer pid=1439463)[0;0m INFO 05-23 10:59:09 [serving_chat.py:2650] Diffusion chat request chatcmpl-1a88db49f9244d44: prompt='a sharp studio image of a harvestman, clear compos...', ref_images=0, params={'extra_args': {'profile_mode': 'e2e_slo_first', 'profile_policy': 'current', 'profile_scale': 4.0, 'profile_trace_id': 'current_scale_4.0', 'profile_shape': '512x512'}, 'height': 512, 'width': 512, 'num_inference_steps': 50, 'seed': 1304, 'reference_cost_ms': 16651.144148781896, 'slo_ms': 66604.57659512758, 'arrival_time_s': 1779505148.9935744, 'deadline_time_s': 1779505215.598151, 'client_request_id': 'current_scale_4.0-0070'}
[0;36m(APIServer pid=1439463)[0;0m INFO 05-23 10:59:09 [stage_diffusion_client.py:313] [StageDiffusionClient] stage-0 [rep-0] add request: chatcmpl-1a88db49f9244d44
[0;36m(APIServer pid=1439463)[0;0m INFO 05-23 10:59:13 [serving_chat.py:2650] Diffusion chat request chatcmpl-a416370e51764b45: prompt='a photo-realistic scene centered on a scorpion, ba...', ref_images=0, params={'extra_args': {'profile_mode': 'e2e_slo_first', 'profile_policy': 'current', 'profile_scale': 4.0, 'profile_trace_id': 'current_scale_4.0', 'profile_shape': '768x768'}, 'height': 768, 'width': 768, 'num_inference_steps': 50, 'seed': 1305, 'reference_cost_ms': 16463.377065956593, 'slo_ms': 65853.50826382637, 'arrival_time_s': 1779505153.2435744, 'deadline_time_s': 1779505219.0970826, 'client_request_id': 'current_scale_4.0-0071'}
[0;36m(APIServer pid=1439463)[0;0m INFO 05-23 10:59:13 [stage_diffusion_client.py:313] [StageDiffusionClient] stage-0 [rep-2] add request: chatcmpl-a416370e51764b45
[0;36m(APIServer pid=1439463)[0;0m INFO 05-23 10:59:17 [serving_chat.py:2650] Diffusion chat request chatcmpl-99f3b3fa1fc24745: prompt='a high quality photo of a black and gold garden sp...', ref_images=0, params={'extra_args': {'profile_mode': 'e2e_slo_first', 'profile_policy': 'current', 'profile_scale': 4.0, 'profile_trace_id': 'current_scale_4.0', 'profile_shape': '512x512'}, 'height': 512, 'width': 512, 'num_inference_steps': 50, 'seed': 1306, 'reference_cost_ms': 16651.144148781896, 'slo_ms': 66604.57659512758, 'arrival_time_s': 1779505157.4935744, 'deadline_time_s': 1779505224.098151, 'client_request_id': 'current_scale_4.0-0072'}
[0;36m(APIServer pid=1439463)[0;0m INFO 05-23 10:59:17 [stage_diffusion_client.py:313] [StageDiffusionClient] stage-0 [rep-1] add request: chatcmpl-99f3b3fa1fc24745
[0;36m(APIServer pid=1439463)[0;0m INFO 05-23 10:59:21 [serving_chat.py:2650] Diffusion chat request chatcmpl-4aa8a8378ba94b1d: prompt='a realistic documentary photograph showing a barn ...', ref_images=0, params={'extra_args': {'profile_mode': 'e2e_slo_first', 'profile_policy': 'current', 'profile_scale': 4.0, 'profile_trace_id': 'current_scale_4.0', 'profile_shape': '768x768'}, 'height': 768, 'width': 768, 'num_inference_steps': 50, 'seed': 1307, 'reference_cost_ms': 16463.377065956593, 'slo_ms': 65853.50826382637, 'arrival_time_s': 1779505161.7435744, 'deadline_time_s': 1779505227.5970826, 'client_request_id': 'current_scale_4.0-0073'}
[0;36m(APIServer pid=1439463)[0;0m INFO 05-23 10:59:21 [stage_diffusion_client.py:313] [StageDiffusionClient] stage-0 [rep-1] add request: chatcmpl-4aa8a8378ba94b1d
[0;36m(APIServer pid=1439463)[0;0m INFO 05-23 10:59:24 [serving_chat.py:2938] Diffusion chat completed for request chatcmpl-f79305762b554b50: output_type=image, image_count=1
[0;36m(APIServer pid=1439463)[0;0m INFO:     127.0.0.1:58804 - "POST /v1/chat/completions HTTP/1.1" 200 OK
[0;36m(APIServer pid=1439463)[0;0m INFO 05-23 10:59:25 [serving_chat.py:2650] Diffusion chat request chatcmpl-cc37e62f632a45bd: prompt='a sharp studio image of a garden spider, clear com...', ref_images=0, params={'extra_args': {'profile_mode': 'e2e_slo_first', 'profile_policy': 'current', 'profile_scale': 4.0, 'profile_trace_id': 'current_scale_4.0', 'profile_shape': '1024x1024'}, 'height': 1024, 'width': 1024, 'num_inference_steps': 50, 'seed': 1308, 'reference_cost_ms': 23089.30584229529, 'slo_ms': 92357.22336918116, 'arrival_time_s': 1779505165.9935744, 'deadline_time_s': 1779505258.3507977, 'client_request_id': 'current_scale_4.0-0074'}
[0;36m(APIServer pid=1439463)[0;0m INFO 05-23 10:59:26 [stage_diffusion_client.py:313] [StageDiffusionClient] stage-0 [rep-2] add request: chatcmpl-cc37e62f632a45bd
[0;36m(APIServer pid=1439463)[0;0m INFO 05-23 10:59:30 [serving_chat.py:2650] Diffusion chat request chatcmpl-0733e971cbdc474a: prompt='a photo-realistic scene centered on a black widow,...', ref_images=0, params={'extra_args': {'profile_mode': 'e2e_slo_first', 'profile_policy': 'current', 'profile_scale': 4.0, 'profile_trace_id': 'current_scale_4.0', 'profile_shape': '512x512'}, 'height': 512, 'width': 512, 'num_inference_steps': 50, 'seed': 1309, 'reference_cost_ms': 16651.144148781896, 'slo_ms': 66604.57659512758, 'arrival_time_s': 1779505170.2435744, 'deadline_time_s': 1779505236.848151, 'client_request_id': 'current_scale_4.0-0075'}
[0;36m(APIServer pid=1439463)[0;0m INFO 05-23 10:59:30 [stage_diffusion_client.py:313] [StageDiffusionClient] stage-0 [rep-3] add request: chatcmpl-0733e971cbdc474a
[0;36m(APIServer pid=1439463)[0;0m INFO 05-23 10:59:31 [serving_chat.py:2938] Diffusion chat completed for request chatcmpl-a0537560207840fe: output_type=image, image_count=1
[0;36m(APIServer pid=1439463)[0;0m INFO:     127.0.0.1:55956 - "POST /v1/chat/completions HTTP/1.1" 200 OK
[0;36m(APIServer pid=1439463)[0;0m INFO 05-23 10:59:33 [serving_chat.py:2938] Diffusion chat completed for request chatcmpl-c49378b4284042a8: output_type=image, image_count=1
[0;36m(APIServer pid=1439463)[0;0m INFO:     127.0.0.1:58778 - "POST /v1/chat/completions HTTP/1.1" 200 OK
[0;36m(APIServer pid=1439463)[0;0m INFO 05-23 10:59:34 [serving_chat.py:2650] Diffusion chat request chatcmpl-fcd8ae7a76f94314: prompt='a high quality photo of a tarantula, detailed, nat...', ref_images=0, params={'extra_args': {'profile_mode': 'e2e_slo_first', 'profile_policy': 'current', 'profile_scale': 4.0, 'profile_trace_id': 'current_scale_4.0', 'profile_shape': '768x768'}, 'height': 768, 'width': 768, 'num_inference_steps': 50, 'seed': 1310, 'reference_cost_ms': 16463.377065956593, 'slo_ms': 65853.50826382637, 'arrival_time_s': 1779505174.4935744, 'deadline_time_s': 1779505240.3470826, 'client_request_id': 'current_scale_4.0-0076'}
[0;36m(APIServer pid=1439463)[0;0m INFO 05-23 10:59:34 [stage_diffusion_client.py:313] [StageDiffusionClient] stage-0 [rep-3] add request: chatcmpl-fcd8ae7a76f94314
[0;36m(APIServer pid=1439463)[0;0m INFO 05-23 10:59:34 [serving_chat.py:2938] Diffusion chat completed for request chatcmpl-3c4338cdf09045af: output_type=image, image_count=1
[0;36m(APIServer pid=1439463)[0;0m INFO:     127.0.0.1:56966 - "POST /v1/chat/completions HTTP/1.1" 200 OK
[0;36m(APIServer pid=1439463)[0;0m INFO 05-23 10:59:38 [serving_chat.py:2650] Diffusion chat request chatcmpl-771d46fa86534ac9: prompt='a realistic documentary photograph showing a wolf ...', ref_images=0, params={'extra_args': {'profile_mode': 'e2e_slo_first', 'profile_policy': 'current', 'profile_scale': 4.0, 'profile_trace_id': 'current_scale_4.0', 'profile_shape': '512x512'}, 'height': 512, 'width': 512, 'num_inference_steps': 50, 'seed': 1311, 'reference_cost_ms': 16651.144148781896, 'slo_ms': 66604.57659512758, 'arrival_time_s': 1779505178.7435744, 'deadline_time_s': 1779505245.348151, 'client_request_id': 'current_scale_4.0-0077'}
[0;36m(APIServer pid=1439463)[0;0m INFO 05-23 10:59:38 [stage_diffusion_client.py:313] [StageDiffusionClient] stage-0 [rep-2] add request: chatcmpl-771d46fa86534ac9
[0;36m(APIServer pid=1439463)[0;0m INFO 05-23 10:59:42 [serving_chat.py:2650] Diffusion chat request chatcmpl-809ae09b7e604054: prompt='a sharp studio image of a tick, clear composition ...', ref_images=0, params={'extra_args': {'profile_mode': 'e2e_slo_first', 'profile_policy': 'current', 'profile_scale': 4.0, 'profile_trace_id': 'current_scale_4.0', 'profile_shape': '768x768'}, 'height': 768, 'width': 768, 'num_inference_steps': 50, 'seed': 1312, 'reference_cost_ms': 16463.377065956593, 'slo_ms': 65853.50826382637, 'arrival_time_s': 1779505182.9935744, 'deadline_time_s': 1779505248.8470826, 'client_request_id': 'current_scale_4.0-0078'}
[0;36m(APIServer pid=1439463)[0;0m INFO 05-23 10:59:43 [stage_diffusion_client.py:313] [StageDiffusionClient] stage-0 [rep-2] add request: chatcmpl-809ae09b7e604054
[0;36m(APIServer pid=1439463)[0;0m INFO 05-23 10:59:44 [serving_chat.py:2938] Diffusion chat completed for request chatcmpl-1a88db49f9244d44: output_type=image, image_count=1
[0;36m(APIServer pid=1439463)[0;0m INFO:     127.0.0.1:51358 - "POST /v1/chat/completions HTTP/1.1" 200 OK
[0;36m(APIServer pid=1439463)[0;0m INFO 05-23 10:59:44 [serving_chat.py:2938] Diffusion chat completed for request chatcmpl-d77721ea3b0840e3: output_type=image, image_count=1
[0;36m(APIServer pid=1439463)[0;0m INFO:     127.0.0.1:33526 - "POST /v1/chat/completions HTTP/1.1" 200 OK
[0;36m(APIServer pid=1439463)[0;0m INFO 05-23 10:59:47 [serving_chat.py:2650] Diffusion chat request chatcmpl-8b2b80d22c0747e1: prompt='a photo-realistic scene centered on a centipede, b...', ref_images=0, params={'extra_args': {'profile_mode': 'e2e_slo_first', 'profile_policy': 'current', 'profile_scale': 4.0, 'profile_trace_id': 'current_scale_4.0', 'profile_shape': '1024x1024'}, 'height': 1024, 'width': 1024, 'num_inference_steps': 50, 'seed': 1313, 'reference_cost_ms': 23089.30584229529, 'slo_ms': 92357.22336918116, 'arrival_time_s': 1779505187.2435744, 'deadline_time_s': 1779505279.6007977, 'client_request_id': 'current_scale_4.0-0079'}
[0;36m(APIServer pid=1439463)[0;0m INFO 05-23 10:59:47 [stage_diffusion_client.py:313] [StageDiffusionClient] stage-0 [rep-3] add request: chatcmpl-8b2b80d22c0747e1
[0;36m(APIServer pid=1439463)[0;0m INFO 05-23 10:59:49 [serving_chat.py:2938] Diffusion chat completed for request chatcmpl-ff8e523b6ef94163: output_type=image, image_count=1
[0;36m(APIServer pid=1439463)[0;0m INFO:     127.0.0.1:43524 - "POST /v1/chat/completions HTTP/1.1" 200 OK
[0;36m(APIServer pid=1439463)[0;0m INFO 05-23 10:59:50 [serving_chat.py:2938] Diffusion chat completed for request chatcmpl-0733e971cbdc474a: output_type=image, image_count=1
[0;36m(APIServer pid=1439463)[0;0m INFO:     127.0.0.1:44922 - "POST /v1/chat/completions HTTP/1.1" 200 OK
[0;36m(APIServer pid=1439463)[0;0m INFO 05-23 10:59:52 [serving_chat.py:2938] Diffusion chat completed for request chatcmpl-a367b3772b084cfa: output_type=image, image_count=1
[0;36m(APIServer pid=1439463)[0;0m INFO:     127.0.0.1:36374 - "POST /v1/chat/completions HTTP/1.1" 200 OK
[0;36m(APIServer pid=1439463)[0;0m INFO 05-23 11:00:07 [serving_chat.py:2938] Diffusion chat completed for request chatcmpl-fcd8ae7a76f94314: output_type=image, image_count=1
[0;36m(APIServer pid=1439463)[0;0m INFO:     127.0.0.1:55956 - "POST /v1/chat/completions HTTP/1.1" 200 OK
[0;36m(APIServer pid=1439463)[0;0m INFO 05-23 11:00:08 [serving_chat.py:2938] Diffusion chat completed for request chatcmpl-2c5549ba064a4011: output_type=image, image_count=1
[0;36m(APIServer pid=1439463)[0;0m INFO:     127.0.0.1:43510 - "POST /v1/chat/completions HTTP/1.1" 200 OK
[0;36m(APIServer pid=1439463)[0;0m INFO 05-23 11:00:09 [serving_chat.py:2938] Diffusion chat completed for request chatcmpl-81f67e3e060e441f: output_type=image, image_count=1
[0;36m(APIServer pid=1439463)[0;0m INFO:     127.0.0.1:35558 - "POST /v1/chat/completions HTTP/1.1" 200 OK
[0;36m(APIServer pid=1439463)[0;0m INFO 05-23 11:00:16 [serving_chat.py:2938] Diffusion chat completed for request chatcmpl-afdb665d0e374d44: output_type=image, image_count=1
[0;36m(APIServer pid=1439463)[0;0m INFO:     127.0.0.1:35802 - "POST /v1/chat/completions HTTP/1.1" 200 OK
[0;36m(APIServer pid=1439463)[0;0m INFO 05-23 11:00:26 [serving_chat.py:2938] Diffusion chat completed for request chatcmpl-7f7484f5878b4cd6: output_type=image, image_count=1
[0;36m(APIServer pid=1439463)[0;0m INFO:     127.0.0.1:47348 - "POST /v1/chat/completions HTTP/1.1" 200 OK
[0;36m(APIServer pid=1439463)[0;0m INFO 05-23 11:00:31 [serving_chat.py:2938] Diffusion chat completed for request chatcmpl-8b2b80d22c0747e1: output_type=image, image_count=1
[0;36m(APIServer pid=1439463)[0;0m INFO:     127.0.0.1:51358 - "POST /v1/chat/completions HTTP/1.1" 200 OK
[0;36m(APIServer pid=1439463)[0;0m INFO 05-23 11:00:44 [serving_chat.py:2938] Diffusion chat completed for request chatcmpl-ba3d71bd2a74488f: output_type=image, image_count=1
[0;36m(APIServer pid=1439463)[0;0m INFO:     127.0.0.1:43442 - "POST /v1/chat/completions HTTP/1.1" 200 OK
[0;36m(APIServer pid=1439463)[0;0m INFO 05-23 11:01:02 [serving_chat.py:2938] Diffusion chat completed for request chatcmpl-35453fa402804b89: output_type=image, image_count=1
[0;36m(APIServer pid=1439463)[0;0m INFO:     127.0.0.1:35938 - "POST /v1/chat/completions HTTP/1.1" 200 OK
[0;36m(APIServer pid=1439463)[0;0m INFO 05-23 11:01:02 [serving_chat.py:2938] Diffusion chat completed for request chatcmpl-a416370e51764b45: output_type=image, image_count=1
[0;36m(APIServer pid=1439463)[0;0m INFO 05-23 11:01:03 [serving_chat.py:2938] Diffusion chat completed for request chatcmpl-675c252677564bf2: output_type=image, image_count=1
[0;36m(APIServer pid=1439463)[0;0m INFO 05-23 11:01:03 [serving_chat.py:2938] Diffusion chat completed for request chatcmpl-94f6a87c123b49bd: output_type=image, image_count=1
[0;36m(APIServer pid=1439463)[0;0m INFO:     127.0.0.1:59778 - "POST /v1/chat/completions HTTP/1.1" 200 OK
[0;36m(APIServer pid=1439463)[0;0m INFO:     127.0.0.1:37480 - "POST /v1/chat/completions HTTP/1.1" 200 OK
[0;36m(APIServer pid=1439463)[0;0m INFO:     127.0.0.1:33528 - "POST /v1/chat/completions HTTP/1.1" 200 OK
[0;36m(APIServer pid=1439463)[0;0m INFO 05-23 11:01:08 [serving_chat.py:2938] Diffusion chat completed for request chatcmpl-735111a6f8994b06: output_type=image, image_count=1
[0;36m(APIServer pid=1439463)[0;0m INFO:     127.0.0.1:37544 - "POST /v1/chat/completions HTTP/1.1" 200 OK
[0;36m(APIServer pid=1439463)[0;0m INFO 05-23 11:01:26 [serving_chat.py:2938] Diffusion chat completed for request chatcmpl-cc37e62f632a45bd: output_type=image, image_count=1
[0;36m(APIServer pid=1439463)[0;0m INFO:     127.0.0.1:58804 - "POST /v1/chat/completions HTTP/1.1" 200 OK
[0;36m(APIServer pid=1439463)[0;0m INFO 05-23 11:01:26 [serving_chat.py:2938] Diffusion chat completed for request chatcmpl-7f429b08eb344d1e: output_type=image, image_count=1
[0;36m(APIServer pid=1439463)[0;0m INFO:     127.0.0.1:58902 - "POST /v1/chat/completions HTTP/1.1" 200 OK
[0;36m(APIServer pid=1439463)[0;0m INFO 05-23 11:01:27 [serving_chat.py:2938] Diffusion chat completed for request chatcmpl-fb50d7976afc4ae6: output_type=image, image_count=1
[0;36m(APIServer pid=1439463)[0;0m INFO:     127.0.0.1:58790 - "POST /v1/chat/completions HTTP/1.1" 200 OK
[0;36m(APIServer pid=1439463)[0;0m INFO 05-23 11:01:42 [serving_chat.py:2938] Diffusion chat completed for request chatcmpl-771d46fa86534ac9: output_type=image, image_count=1
[0;36m(APIServer pid=1439463)[0;0m INFO:     127.0.0.1:56966 - "POST /v1/chat/completions HTTP/1.1" 200 OK
[0;36m(APIServer pid=1439463)[0;0m INFO 05-23 11:01:50 [serving_chat.py:2938] Diffusion chat completed for request chatcmpl-74b25989be6841e1: output_type=image, image_count=1
[0;36m(APIServer pid=1439463)[0;0m INFO:     127.0.0.1:51366 - "POST /v1/chat/completions HTTP/1.1" 200 OK
[0;36m(APIServer pid=1439463)[0;0m INFO 05-23 11:02:00 [serving_chat.py:2938] Diffusion chat completed for request chatcmpl-809ae09b7e604054: output_type=image, image_count=1
[0;36m(APIServer pid=1439463)[0;0m INFO:     127.0.0.1:40934 - "POST /v1/chat/completions HTTP/1.1" 200 OK
[0;36m(APIServer pid=1439463)[0;0m INFO 05-23 11:02:07 [serving_chat.py:2938] Diffusion chat completed for request chatcmpl-99f3b3fa1fc24745: output_type=image, image_count=1
[0;36m(APIServer pid=1439463)[0;0m INFO:     127.0.0.1:35914 - "POST /v1/chat/completions HTTP/1.1" 200 OK
[0;36m(APIServer pid=1439463)[0;0m INFO 05-23 11:02:25 [serving_chat.py:2938] Diffusion chat completed for request chatcmpl-4aa8a8378ba94b1d: output_type=image, image_count=1
[0;36m(APIServer pid=1439463)[0;0m INFO:     127.0.0.1:35922 - "POST /v1/chat/completions HTTP/1.1" 200 OK
[0;36m(APIServer pid=1439463)[0;0m INFO 05-23 11:02:58 [serving_chat.py:2650] Diffusion chat request chatcmpl-56d745ec1cd74516: prompt='a high quality photo of a tench, detailed, natural...', ref_images=0, params={'extra_args': {'profile_mode': 'e2e_slo_first', 'profile_policy': 'current', 'profile_scale': 5.0, 'profile_trace_id': 'current_scale_5.0', 'profile_shape': '512x512'}, 'height': 512, 'width': 512, 'num_inference_steps': 50, 'seed': 1234, 'reference_cost_ms': 16651.144148781896, 'slo_ms': 83255.72074390948, 'arrival_time_s': 1779505378.814424, 'deadline_time_s': 1779505462.070145, 'client_request_id': 'current_scale_5.0-0000'}
[0;36m(APIServer pid=1439463)[0;0m INFO 05-23 11:02:58 [stage_diffusion_client.py:313] [StageDiffusionClient] stage-0 [rep-0] add request: chatcmpl-56d745ec1cd74516
[0;36m(APIServer pid=1439463)[0;0m INFO 05-23 11:03:03 [serving_chat.py:2650] Diffusion chat request chatcmpl-a93f973365e14cfb: prompt='a realistic documentary photograph showing a goldf...', ref_images=0, params={'extra_args': {'profile_mode': 'e2e_slo_first', 'profile_policy': 'current', 'profile_scale': 5.0, 'profile_trace_id': 'current_scale_5.0', 'profile_shape': '768x768'}, 'height': 768, 'width': 768, 'num_inference_steps': 50, 'seed': 1235, 'reference_cost_ms': 16463.377065956593, 'slo_ms': 82316.88532978296, 'arrival_time_s': 1779505383.064424, 'deadline_time_s': 1779505465.3813093, 'client_request_id': 'current_scale_5.0-0001'}
[0;36m(APIServer pid=1439463)[0;0m INFO 05-23 11:03:03 [stage_diffusion_client.py:313] [StageDiffusionClient] stage-0 [rep-0] add request: chatcmpl-a93f973365e14cfb
[0;36m(APIServer pid=1439463)[0;0m INFO 05-23 11:03:07 [serving_chat.py:2650] Diffusion chat request chatcmpl-18a03418d7ec4099: prompt='a sharp studio image of a great white shark, clear...', ref_images=0, params={'extra_args': {'profile_mode': 'e2e_slo_first', 'profile_policy': 'current', 'profile_scale': 5.0, 'profile_trace_id': 'current_scale_5.0', 'profile_shape': '512x512'}, 'height': 512, 'width': 512, 'num_inference_steps': 50, 'seed': 1236, 'reference_cost_ms': 16651.144148781896, 'slo_ms': 83255.72074390948, 'arrival_time_s': 1779505387.314424, 'deadline_time_s': 1779505470.570145, 'client_request_id': 'current_scale_5.0-0002'}
[0;36m(APIServer pid=1439463)[0;0m INFO 05-23 11:03:07 [stage_diffusion_client.py:313] [StageDiffusionClient] stage-0 [rep-3] add request: chatcmpl-18a03418d7ec4099
[0;36m(APIServer pid=1439463)[0;0m INFO 05-23 11:03:11 [serving_chat.py:2650] Diffusion chat request chatcmpl-c2f1e06a356444ad: prompt='a photo-realistic scene centered on a tiger shark,...', ref_images=0, params={'extra_args': {'profile_mode': 'e2e_slo_first', 'profile_policy': 'current', 'profile_scale': 5.0, 'profile_trace_id': 'current_scale_5.0', 'profile_shape': '768x768'}, 'height': 768, 'width': 768, 'num_inference_steps': 50, 'seed': 1237, 'reference_cost_ms': 16463.377065956593, 'slo_ms': 82316.88532978296, 'arrival_time_s': 1779505391.564424, 'deadline_time_s': 1779505473.8813093, 'client_request_id': 'current_scale_5.0-0003'}
[0;36m(APIServer pid=1439463)[0;0m INFO 05-23 11:03:11 [stage_diffusion_client.py:313] [StageDiffusionClient] stage-0 [rep-1] add request: chatcmpl-c2f1e06a356444ad
[0;36m(APIServer pid=1439463)[0;0m INFO 05-23 11:03:15 [serving_chat.py:2938] Diffusion chat completed for request chatcmpl-56d745ec1cd74516: output_type=image, image_count=1
[0;36m(APIServer pid=1439463)[0;0m INFO:     127.0.0.1:35620 - "POST /v1/chat/completions HTTP/1.1" 200 OK
[0;36m(APIServer pid=1439463)[0;0m INFO 05-23 11:03:15 [serving_chat.py:2650] Diffusion chat request chatcmpl-eeeb88b55066432d: prompt='a high quality photo of a hammerhead, detailed, na...', ref_images=0, params={'extra_args': {'profile_mode': 'e2e_slo_first', 'profile_policy': 'current', 'profile_scale': 5.0, 'profile_trace_id': 'current_scale_5.0', 'profile_shape': '1024x1024'}, 'height': 1024, 'width': 1024, 'num_inference_steps': 50, 'seed': 1238, 'reference_cost_ms': 23089.30584229529, 'slo_ms': 115446.52921147645, 'arrival_time_s': 1779505395.814424, 'deadline_time_s': 1779505511.2609532, 'client_request_id': 'current_scale_5.0-0004'}
[0;36m(APIServer pid=1439463)[0;0m INFO 05-23 11:03:15 [stage_diffusion_client.py:313] [StageDiffusionClient] stage-0 [rep-0] add request: chatcmpl-eeeb88b55066432d
[0;36m(APIServer pid=1439463)[0;0m INFO 05-23 11:03:20 [serving_chat.py:2650] Diffusion chat request chatcmpl-2c0695e2696145e0: prompt='a realistic documentary photograph showing a elect...', ref_images=0, params={'extra_args': {'profile_mode': 'e2e_slo_first', 'profile_policy': 'current', 'profile_scale': 5.0, 'profile_trace_id': 'current_scale_5.0', 'profile_shape': '512x512'}, 'height': 512, 'width': 512, 'num_inference_steps': 50, 'seed': 1239, 'reference_cost_ms': 16651.144148781896, 'slo_ms': 83255.72074390948, 'arrival_time_s': 1779505400.064424, 'deadline_time_s': 1779505483.320145, 'client_request_id': 'current_scale_5.0-0005'}
[0;36m(APIServer pid=1439463)[0;0m INFO 05-23 11:03:20 [stage_diffusion_client.py:313] [StageDiffusionClient] stage-0 [rep-2] add request: chatcmpl-2c0695e2696145e0
[0;36m(APIServer pid=1439463)[0;0m INFO 05-23 11:03:24 [serving_chat.py:2650] Diffusion chat request chatcmpl-d3fad238029f4c26: prompt='a sharp studio image of a stingray, clear composit...', ref_images=0, params={'extra_args': {'profile_mode': 'e2e_slo_first', 'profile_policy': 'current', 'profile_scale': 5.0, 'profile_trace_id': 'current_scale_5.0', 'profile_shape': '768x768'}, 'height': 768, 'width': 768, 'num_inference_steps': 50, 'seed': 1240, 'reference_cost_ms': 16463.377065956593, 'slo_ms': 82316.88532978296, 'arrival_time_s': 1779505404.314424, 'deadline_time_s': 1779505486.6313093, 'client_request_id': 'current_scale_5.0-0006'}
[0;36m(APIServer pid=1439463)[0;0m INFO 05-23 11:03:24 [stage_diffusion_client.py:313] [StageDiffusionClient] stage-0 [rep-0] add request: chatcmpl-d3fad238029f4c26
[0;36m(APIServer pid=1439463)[0;0m INFO 05-23 11:03:25 [serving_chat.py:2938] Diffusion chat completed for request chatcmpl-18a03418d7ec4099: output_type=image, image_count=1
[0;36m(APIServer pid=1439463)[0;0m INFO:     127.0.0.1:42150 - "POST /v1/chat/completions HTTP/1.1" 200 OK
[0;36m(APIServer pid=1439463)[0;0m INFO 05-23 11:03:28 [serving_chat.py:2650] Diffusion chat request chatcmpl-6c59db19415a45d7: prompt='a photo-realistic scene centered on a cock, balanc...', ref_images=0, params={'extra_args': {'profile_mode': 'e2e_slo_first', 'profile_policy': 'current', 'profile_scale': 5.0, 'profile_trace_id': 'current_scale_5.0', 'profile_shape': '512x512'}, 'height': 512, 'width': 512, 'num_inference_steps': 50, 'seed': 1241, 'reference_cost_ms': 16651.144148781896, 'slo_ms': 83255.72074390948, 'arrival_time_s': 1779505408.564424, 'deadline_time_s': 1779505491.820145, 'client_request_id': 'current_scale_5.0-0007'}
[0;36m(APIServer pid=1439463)[0;0m INFO 05-23 11:03:28 [stage_diffusion_client.py:313] [StageDiffusionClient] stage-0 [rep-2] add request: chatcmpl-6c59db19415a45d7
[0;36m(APIServer pid=1439463)[0;0m INFO 05-23 11:03:29 [serving_chat.py:2938] Diffusion chat completed for request chatcmpl-c2f1e06a356444ad: output_type=image, image_count=1
[0;36m(APIServer pid=1439463)[0;0m INFO:     127.0.0.1:42158 - "POST /v1/chat/completions HTTP/1.1" 200 OK
[0;36m(APIServer pid=1439463)[0;0m INFO 05-23 11:03:32 [serving_chat.py:2938] Diffusion chat completed for request chatcmpl-a93f973365e14cfb: output_type=image, image_count=1
[0;36m(APIServer pid=1439463)[0;0m INFO:     127.0.0.1:35634 - "POST /v1/chat/completions HTTP/1.1" 200 OK
[0;36m(APIServer pid=1439463)[0;0m INFO 05-23 11:03:32 [serving_chat.py:2650] Diffusion chat request chatcmpl-28903d2b4b7f4d01: prompt='a high quality photo of a hen, detailed, natural l...', ref_images=0, params={'extra_args': {'profile_mode': 'e2e_slo_first', 'profile_policy': 'current', 'profile_scale': 5.0, 'profile_trace_id': 'current_scale_5.0', 'profile_shape': '768x768'}, 'height': 768, 'width': 768, 'num_inference_steps': 50, 'seed': 1242, 'reference_cost_ms': 16463.377065956593, 'slo_ms': 82316.88532978296, 'arrival_time_s': 1779505412.814424, 'deadline_time_s': 1779505495.1313093, 'client_request_id': 'current_scale_5.0-0008'}
[0;36m(APIServer pid=1439463)[0;0m INFO 05-23 11:03:32 [stage_diffusion_client.py:313] [StageDiffusionClient] stage-0 [rep-1] add request: chatcmpl-28903d2b4b7f4d01
[0;36m(APIServer pid=1439463)[0;0m INFO 05-23 11:03:37 [serving_chat.py:2650] Diffusion chat request chatcmpl-10b3cab577e54cf8: prompt='a realistic documentary photograph showing a ostri...', ref_images=0, params={'extra_args': {'profile_mode': 'e2e_slo_first', 'profile_policy': 'current', 'profile_scale': 5.0, 'profile_trace_id': 'current_scale_5.0', 'profile_shape': '1024x1024'}, 'height': 1024, 'width': 1024, 'num_inference_steps': 50, 'seed': 1243, 'reference_cost_ms': 23089.30584229529, 'slo_ms': 115446.52921147645, 'arrival_time_s': 1779505417.064424, 'deadline_time_s': 1779505532.5109532, 'client_request_id': 'current_scale_5.0-0009'}
[0;36m(APIServer pid=1439463)[0;0m INFO 05-23 11:03:37 [stage_diffusion_client.py:313] [StageDiffusionClient] stage-0 [rep-0] add request: chatcmpl-10b3cab577e54cf8
[0;36m(APIServer pid=1439463)[0;0m INFO 05-23 11:03:37 [serving_chat.py:2938] Diffusion chat completed for request chatcmpl-2c0695e2696145e0: output_type=image, image_count=1
[0;36m(APIServer pid=1439463)[0;0m INFO:     127.0.0.1:60312 - "POST /v1/chat/completions HTTP/1.1" 200 OK
[0;36m(APIServer pid=1439463)[0;0m INFO 05-23 11:03:41 [serving_chat.py:2650] Diffusion chat request chatcmpl-c5cbf42f1bcc457d: prompt='a sharp studio image of a brambling, clear composi...', ref_images=0, params={'extra_args': {'profile_mode': 'e2e_slo_first', 'profile_policy': 'current', 'profile_scale': 5.0, 'profile_trace_id': 'current_scale_5.0', 'profile_shape': '512x512'}, 'height': 512, 'width': 512, 'num_inference_steps': 50, 'seed': 1244, 'reference_cost_ms': 16651.144148781896, 'slo_ms': 83255.72074390948, 'arrival_time_s': 1779505421.314424, 'deadline_time_s': 1779505504.570145, 'client_request_id': 'current_scale_5.0-0010'}
[0;36m(APIServer pid=1439463)[0;0m INFO 05-23 11:03:41 [stage_diffusion_client.py:313] [StageDiffusionClient] stage-0 [rep-1] add request: chatcmpl-c5cbf42f1bcc457d
[0;36m(APIServer pid=1439463)[0;0m INFO 05-23 11:03:45 [serving_chat.py:2650] Diffusion chat request chatcmpl-2e6d9e344b2940d7: prompt='a photo-realistic scene centered on a goldfinch, b...', ref_images=0, params={'extra_args': {'profile_mode': 'e2e_slo_first', 'profile_policy': 'current', 'profile_scale': 5.0, 'profile_trace_id': 'current_scale_5.0', 'profile_shape': '768x768'}, 'height': 768, 'width': 768, 'num_inference_steps': 50, 'seed': 1245, 'reference_cost_ms': 16463.377065956593, 'slo_ms': 82316.88532978296, 'arrival_time_s': 1779505425.564424, 'deadline_time_s': 1779505507.8813093, 'client_request_id': 'current_scale_5.0-0011'}
[0;36m(APIServer pid=1439463)[0;0m INFO 05-23 11:03:45 [stage_diffusion_client.py:313] [StageDiffusionClient] stage-0 [rep-2] add request: chatcmpl-2e6d9e344b2940d7
[0;36m(APIServer pid=1439463)[0;0m INFO 05-23 11:03:46 [serving_chat.py:2938] Diffusion chat completed for request chatcmpl-6c59db19415a45d7: output_type=image, image_count=1
[0;36m(APIServer pid=1439463)[0;0m INFO:     127.0.0.1:42150 - "POST /v1/chat/completions HTTP/1.1" 200 OK
[0;36m(APIServer pid=1439463)[0;0m INFO 05-23 11:03:49 [serving_chat.py:2650] Diffusion chat request chatcmpl-920cea1da8404dba: prompt='a high quality photo of a house finch, detailed, n...', ref_images=0, params={'extra_args': {'profile_mode': 'e2e_slo_first', 'profile_policy': 'current', 'profile_scale': 5.0, 'profile_trace_id': 'current_scale_5.0', 'profile_shape': '512x512'}, 'height': 512, 'width': 512, 'num_inference_steps': 50, 'seed': 1246, 'reference_cost_ms': 16651.144148781896, 'slo_ms': 83255.72074390948, 'arrival_time_s': 1779505429.814424, 'deadline_time_s': 1779505513.070145, 'client_request_id': 'current_scale_5.0-0012'}
[0;36m(APIServer pid=1439463)[0;0m INFO 05-23 11:03:49 [stage_diffusion_client.py:313] [StageDiffusionClient] stage-0 [rep-2] add request: chatcmpl-920cea1da8404dba
[0;36m(APIServer pid=1439463)[0;0m INFO 05-23 11:03:51 [serving_chat.py:2938] Diffusion chat completed for request chatcmpl-28903d2b4b7f4d01: output_type=image, image_count=1
[0;36m(APIServer pid=1439463)[0;0m INFO:     127.0.0.1:42158 - "POST /v1/chat/completions HTTP/1.1" 200 OK
[0;36m(APIServer pid=1439463)[0;0m INFO 05-23 11:03:54 [serving_chat.py:2650] Diffusion chat request chatcmpl-bc5d8af148d94cd6: prompt='a realistic documentary photograph showing a junco...', ref_images=0, params={'extra_args': {'profile_mode': 'e2e_slo_first', 'profile_policy': 'current', 'profile_scale': 5.0, 'profile_trace_id': 'current_scale_5.0', 'profile_shape': '768x768'}, 'height': 768, 'width': 768, 'num_inference_steps': 50, 'seed': 1247, 'reference_cost_ms': 16463.377065956593, 'slo_ms': 82316.88532978296, 'arrival_time_s': 1779505434.064424, 'deadline_time_s': 1779505516.3813093, 'client_request_id': 'current_scale_5.0-0013'}
[0;36m(APIServer pid=1439463)[0;0m INFO 05-23 11:03:54 [stage_diffusion_client.py:313] [StageDiffusionClient] stage-0 [rep-1] add request: chatcmpl-bc5d8af148d94cd6
[0;36m(APIServer pid=1439463)[0;0m INFO 05-23 11:03:56 [serving_chat.py:2938] Diffusion chat completed for request chatcmpl-eeeb88b55066432d: output_type=image, image_count=1
[0;36m(APIServer pid=1439463)[0;0m INFO:     127.0.0.1:35620 - "POST /v1/chat/completions HTTP/1.1" 200 OK
[0;36m(APIServer pid=1439463)[0;0m INFO 05-23 11:03:58 [serving_chat.py:2650] Diffusion chat request chatcmpl-3dca86f603694505: prompt='a sharp studio image of a indigo bunting, clear co...', ref_images=0, params={'extra_args': {'profile_mode': 'e2e_slo_first', 'profile_policy': 'current', 'profile_scale': 5.0, 'profile_trace_id': 'current_scale_5.0', 'profile_shape': '1024x1024'}, 'height': 1024, 'width': 1024, 'num_inference_steps': 50, 'seed': 1248, 'reference_cost_ms': 23089.30584229529, 'slo_ms': 115446.52921147645, 'arrival_time_s': 1779505438.314424, 'deadline_time_s': 1779505553.7609532, 'client_request_id': 'current_scale_5.0-0014'}
[0;36m(APIServer pid=1439463)[0;0m INFO 05-23 11:03:58 [stage_diffusion_client.py:313] [StageDiffusionClient] stage-0 [rep-0] add request: chatcmpl-3dca86f603694505
[0;36m(APIServer pid=1439463)[0;0m INFO 05-23 11:04:02 [serving_chat.py:2650] Diffusion chat request chatcmpl-74f4e4f4a7154cc8: prompt='a photo-realistic scene centered on a robin, balan...', ref_images=0, params={'extra_args': {'profile_mode': 'e2e_slo_first', 'profile_policy': 'current', 'profile_scale': 5.0, 'profile_trace_id': 'current_scale_5.0', 'profile_shape': '512x512'}, 'height': 512, 'width': 512, 'num_inference_steps': 50, 'seed': 1249, 'reference_cost_ms': 16651.144148781896, 'slo_ms': 83255.72074390948, 'arrival_time_s': 1779505442.564424, 'deadline_time_s': 1779505525.820145, 'client_request_id': 'current_scale_5.0-0015'}
[0;36m(APIServer pid=1439463)[0;0m INFO 05-23 11:04:02 [stage_diffusion_client.py:313] [StageDiffusionClient] stage-0 [rep-3] add request: chatcmpl-74f4e4f4a7154cc8
[0;36m(APIServer pid=1439463)[0;0m INFO 05-23 11:04:03 [serving_chat.py:2938] Diffusion chat completed for request chatcmpl-2e6d9e344b2940d7: output_type=image, image_count=1
[0;36m(APIServer pid=1439463)[0;0m INFO:     127.0.0.1:48392 - "POST /v1/chat/completions HTTP/1.1" 200 OK
[0;36m(APIServer pid=1439463)[0;0m INFO 05-23 11:04:06 [serving_chat.py:2650] Diffusion chat request chatcmpl-7f27c49038c24962: prompt='a high quality photo of a bulbul, detailed, natura...', ref_images=0, params={'extra_args': {'profile_mode': 'e2e_slo_first', 'profile_policy': 'current', 'profile_scale': 5.0, 'profile_trace_id': 'current_scale_5.0', 'profile_shape': '768x768'}, 'height': 768, 'width': 768, 'num_inference_steps': 50, 'seed': 1250, 'reference_cost_ms': 16463.377065956593, 'slo_ms': 82316.88532978296, 'arrival_time_s': 1779505446.814424, 'deadline_time_s': 1779505529.1313093, 'client_request_id': 'current_scale_5.0-0016'}
[0;36m(APIServer pid=1439463)[0;0m INFO 05-23 11:04:06 [stage_diffusion_client.py:313] [StageDiffusionClient] stage-0 [rep-3] add request: chatcmpl-7f27c49038c24962
[0;36m(APIServer pid=1439463)[0;0m INFO 05-23 11:04:08 [serving_chat.py:2938] Diffusion chat completed for request chatcmpl-c5cbf42f1bcc457d: output_type=image, image_count=1
[0;36m(APIServer pid=1439463)[0;0m INFO:     127.0.0.1:60312 - "POST /v1/chat/completions HTTP/1.1" 200 OK
[0;36m(APIServer pid=1439463)[0;0m INFO 05-23 11:04:11 [serving_chat.py:2650] Diffusion chat request chatcmpl-4f7663d65ad34f5c: prompt='a realistic documentary photograph showing a jay i...', ref_images=0, params={'extra_args': {'profile_mode': 'e2e_slo_first', 'profile_policy': 'current', 'profile_scale': 5.0, 'profile_trace_id': 'current_scale_5.0', 'profile_shape': '512x512'}, 'height': 512, 'width': 512, 'num_inference_steps': 50, 'seed': 1251, 'reference_cost_ms': 16651.144148781896, 'slo_ms': 83255.72074390948, 'arrival_time_s': 1779505451.064424, 'deadline_time_s': 1779505534.320145, 'client_request_id': 'current_scale_5.0-0017'}
[0;36m(APIServer pid=1439463)[0;0m INFO 05-23 11:04:11 [stage_diffusion_client.py:313] [StageDiffusionClient] stage-0 [rep-1] add request: chatcmpl-4f7663d65ad34f5c
[0;36m(APIServer pid=1439463)[0;0m INFO 05-23 11:04:12 [serving_chat.py:2938] Diffusion chat completed for request chatcmpl-d3fad238029f4c26: output_type=image, image_count=1
[0;36m(APIServer pid=1439463)[0;0m INFO:     127.0.0.1:41244 - "POST /v1/chat/completions HTTP/1.1" 200 OK
[0;36m(APIServer pid=1439463)[0;0m INFO 05-23 11:04:15 [serving_chat.py:2650] Diffusion chat request chatcmpl-1fac233e12f14683: prompt='a sharp studio image of a magpie, clear compositio...', ref_images=0, params={'extra_args': {'profile_mode': 'e2e_slo_first', 'profile_policy': 'current', 'profile_scale': 5.0, 'profile_trace_id': 'current_scale_5.0', 'profile_shape': '768x768'}, 'height': 768, 'width': 768, 'num_inference_steps': 50, 'seed': 1252, 'reference_cost_ms': 16463.377065956593, 'slo_ms': 82316.88532978296, 'arrival_time_s': 1779505455.314424, 'deadline_time_s': 1779505537.6313093, 'client_request_id': 'current_scale_5.0-0018'}
[0;36m(APIServer pid=1439463)[0;0m INFO 05-23 11:04:15 [stage_diffusion_client.py:313] [StageDiffusionClient] stage-0 [rep-0] add request: chatcmpl-1fac233e12f14683
[0;36m(APIServer pid=1439463)[0;0m INFO 05-23 11:04:19 [serving_chat.py:2650] Diffusion chat request chatcmpl-b24a42ce9fa244c1: prompt='a photo-realistic scene centered on a chickadee, b...', ref_images=0, params={'extra_args': {'profile_mode': 'e2e_slo_first', 'profile_policy': 'current', 'profile_scale': 5.0, 'profile_trace_id': 'current_scale_5.0', 'profile_shape': '1024x1024'}, 'height': 1024, 'width': 1024, 'num_inference_steps': 50, 'seed': 1253, 'reference_cost_ms': 23089.30584229529, 'slo_ms': 115446.52921147645, 'arrival_time_s': 1779505459.564424, 'deadline_time_s': 1779505575.0109532, 'client_request_id': 'current_scale_5.0-0019'}
[0;36m(APIServer pid=1439463)[0;0m INFO 05-23 11:04:19 [stage_diffusion_client.py:313] [StageDiffusionClient] stage-0 [rep-1] add request: chatcmpl-b24a42ce9fa244c1
[0;36m(APIServer pid=1439463)[0;0m INFO 05-23 11:04:21 [serving_chat.py:2938] Diffusion chat completed for request chatcmpl-920cea1da8404dba: output_type=image, image_count=1
[0;36m(APIServer pid=1439463)[0;0m INFO:     127.0.0.1:42150 - "POST /v1/chat/completions HTTP/1.1" 200 OK
[0;36m(APIServer pid=1439463)[0;0m INFO 05-23 11:04:21 [serving_chat.py:2938] Diffusion chat completed for request chatcmpl-74f4e4f4a7154cc8: output_type=image, image_count=1
[0;36m(APIServer pid=1439463)[0;0m INFO:     127.0.0.1:55246 - "POST /v1/chat/completions HTTP/1.1" 200 OK
[0;36m(APIServer pid=1439463)[0;0m INFO 05-23 11:04:23 [serving_chat.py:2650] Diffusion chat request chatcmpl-07cb3bc46cae41fc: prompt='a high quality photo of a water ouzel, detailed, n...', ref_images=0, params={'extra_args': {'profile_mode': 'e2e_slo_first', 'profile_policy': 'current', 'profile_scale': 5.0, 'profile_trace_id': 'current_scale_5.0', 'profile_shape': '512x512'}, 'height': 512, 'width': 512, 'num_inference_steps': 50, 'seed': 1254, 'reference_cost_ms': 16651.144148781896, 'slo_ms': 83255.72074390948, 'arrival_time_s': 1779505463.814424, 'deadline_time_s': 1779505547.070145, 'client_request_id': 'current_scale_5.0-0020'}
[0;36m(APIServer pid=1439463)[0;0m INFO 05-23 11:04:23 [stage_diffusion_client.py:313] [StageDiffusionClient] stage-0 [rep-2] add request: chatcmpl-07cb3bc46cae41fc
[0;36m(APIServer pid=1439463)[0;0m INFO 05-23 11:04:26 [serving_chat.py:2938] Diffusion chat completed for request chatcmpl-bc5d8af148d94cd6: output_type=image, image_count=1
[0;36m(APIServer pid=1439463)[0;0m INFO:     127.0.0.1:42158 - "POST /v1/chat/completions HTTP/1.1" 200 OK
[0;36m(APIServer pid=1439463)[0;0m INFO 05-23 11:04:28 [serving_chat.py:2650] Diffusion chat request chatcmpl-f57a120e493843c1: prompt='a realistic documentary photograph showing a kite ...', ref_images=0, params={'extra_args': {'profile_mode': 'e2e_slo_first', 'profile_policy': 'current', 'profile_scale': 5.0, 'profile_trace_id': 'current_scale_5.0', 'profile_shape': '768x768'}, 'height': 768, 'width': 768, 'num_inference_steps': 50, 'seed': 1255, 'reference_cost_ms': 16463.377065956593, 'slo_ms': 82316.88532978296, 'arrival_time_s': 1779505468.064424, 'deadline_time_s': 1779505550.3813093, 'client_request_id': 'current_scale_5.0-0021'}
[0;36m(APIServer pid=1439463)[0;0m INFO 05-23 11:04:28 [stage_diffusion_client.py:313] [StageDiffusionClient] stage-0 [rep-3] add request: chatcmpl-f57a120e493843c1
[0;36m(APIServer pid=1439463)[0;0m INFO 05-23 11:04:32 [serving_chat.py:2650] Diffusion chat request chatcmpl-18320b8f97f54e10: prompt='a sharp studio image of a bald eagle, clear compos...', ref_images=0, params={'extra_args': {'profile_mode': 'e2e_slo_first', 'profile_policy': 'current', 'profile_scale': 5.0, 'profile_trace_id': 'current_scale_5.0', 'profile_shape': '512x512'}, 'height': 512, 'width': 512, 'num_inference_steps': 50, 'seed': 1256, 'reference_cost_ms': 16651.144148781896, 'slo_ms': 83255.72074390948, 'arrival_time_s': 1779505472.314424, 'deadline_time_s': 1779505555.570145, 'client_request_id': 'current_scale_5.0-0022'}
[0;36m(APIServer pid=1439463)[0;0m INFO 05-23 11:04:32 [stage_diffusion_client.py:313] [StageDiffusionClient] stage-0 [rep-0] add request: chatcmpl-18320b8f97f54e10
[0;36m(APIServer pid=1439463)[0;0m INFO 05-23 11:04:36 [serving_chat.py:2650] Diffusion chat request chatcmpl-34f55378d882424f: prompt='a photo-realistic scene centered on a vulture, bal...', ref_images=0, params={'extra_args': {'profile_mode': 'e2e_slo_first', 'profile_policy': 'current', 'profile_scale': 5.0, 'profile_trace_id': 'current_scale_5.0', 'profile_shape': '768x768'}, 'height': 768, 'width': 768, 'num_inference_steps': 50, 'seed': 1257, 'reference_cost_ms': 16463.377065956593, 'slo_ms': 82316.88532978296, 'arrival_time_s': 1779505476.564424, 'deadline_time_s': 1779505558.8813093, 'client_request_id': 'current_scale_5.0-0023'}
[0;36m(APIServer pid=1439463)[0;0m INFO 05-23 11:04:36 [stage_diffusion_client.py:313] [StageDiffusionClient] stage-0 [rep-2] add request: chatcmpl-34f55378d882424f
[0;36m(APIServer pid=1439463)[0;0m INFO 05-23 11:04:40 [serving_chat.py:2650] Diffusion chat request chatcmpl-f88458e0f24844d5: prompt='a high quality photo of a great grey owl, detailed...', ref_images=0, params={'extra_args': {'profile_mode': 'e2e_slo_first', 'profile_policy': 'current', 'profile_scale': 5.0, 'profile_trace_id': 'current_scale_5.0', 'profile_shape': '1024x1024'}, 'height': 1024, 'width': 1024, 'num_inference_steps': 50, 'seed': 1258, 'reference_cost_ms': 23089.30584229529, 'slo_ms': 115446.52921147645, 'arrival_time_s': 1779505480.814424, 'deadline_time_s': 1779505596.2609532, 'client_request_id': 'current_scale_5.0-0024'}
[0;36m(APIServer pid=1439463)[0;0m INFO 05-23 11:04:40 [stage_diffusion_client.py:313] [StageDiffusionClient] stage-0 [rep-2] add request: chatcmpl-f88458e0f24844d5
[0;36m(APIServer pid=1439463)[0;0m INFO 05-23 11:04:41 [serving_chat.py:2938] Diffusion chat completed for request chatcmpl-07cb3bc46cae41fc: output_type=image, image_count=1
[0;36m(APIServer pid=1439463)[0;0m INFO:     127.0.0.1:42150 - "POST /v1/chat/completions HTTP/1.1" 200 OK
[0;36m(APIServer pid=1439463)[0;0m INFO 05-23 11:04:43 [serving_chat.py:2938] Diffusion chat completed for request chatcmpl-4f7663d65ad34f5c: output_type=image, image_count=1
[0;36m(APIServer pid=1439463)[0;0m INFO:     127.0.0.1:60312 - "POST /v1/chat/completions HTTP/1.1" 200 OK
[0;36m(APIServer pid=1439463)[0;0m INFO 05-23 11:04:45 [serving_chat.py:2938] Diffusion chat completed for request chatcmpl-7f27c49038c24962: output_type=image, image_count=1
[0;36m(APIServer pid=1439463)[0;0m INFO:     127.0.0.1:48392 - "POST /v1/chat/completions HTTP/1.1" 200 OK
[0;36m(APIServer pid=1439463)[0;0m INFO 05-23 11:04:45 [serving_chat.py:2650] Diffusion chat request chatcmpl-b6fcffc7d85644af: prompt='a realistic documentary photograph showing a Europ...', ref_images=0, params={'extra_args': {'profile_mode': 'e2e_slo_first', 'profile_policy': 'current', 'profile_scale': 5.0, 'profile_trace_id': 'current_scale_5.0', 'profile_shape': '512x512'}, 'height': 512, 'width': 512, 'num_inference_steps': 50, 'seed': 1259, 'reference_cost_ms': 16651.144148781896, 'slo_ms': 83255.72074390948, 'arrival_time_s': 1779505485.064424, 'deadline_time_s': 1779505568.320145, 'client_request_id': 'current_scale_5.0-0025'}
[0;36m(APIServer pid=1439463)[0;0m INFO 05-23 11:04:45 [stage_diffusion_client.py:313] [StageDiffusionClient] stage-0 [rep-1] add request: chatcmpl-b6fcffc7d85644af
[0;36m(APIServer pid=1439463)[0;0m INFO 05-23 11:04:49 [serving_chat.py:2650] Diffusion chat request chatcmpl-4164c80839ed404a: prompt='a sharp studio image of a common newt, clear compo...', ref_images=0, params={'extra_args': {'profile_mode': 'e2e_slo_first', 'profile_policy': 'current', 'profile_scale': 5.0, 'profile_trace_id': 'current_scale_5.0', 'profile_shape': '768x768'}, 'height': 768, 'width': 768, 'num_inference_steps': 50, 'seed': 1260, 'reference_cost_ms': 16463.377065956593, 'slo_ms': 82316.88532978296, 'arrival_time_s': 1779505489.314424, 'deadline_time_s': 1779505571.6313093, 'client_request_id': 'current_scale_5.0-0026'}
[0;36m(APIServer pid=1439463)[0;0m INFO 05-23 11:04:49 [stage_diffusion_client.py:313] [StageDiffusionClient] stage-0 [rep-0] add request: chatcmpl-4164c80839ed404a
[0;36m(APIServer pid=1439463)[0;0m INFO 05-23 11:04:51 [serving_chat.py:2938] Diffusion chat completed for request chatcmpl-f57a120e493843c1: output_type=image, image_count=1
[0;36m(APIServer pid=1439463)[0;0m INFO:     127.0.0.1:42158 - "POST /v1/chat/completions HTTP/1.1" 200 OK
[0;36m(APIServer pid=1439463)[0;0m INFO 05-23 11:04:53 [serving_chat.py:2650] Diffusion chat request chatcmpl-db8fe98eb39e4081: prompt='a photo-realistic scene centered on a eft, balance...', ref_images=0, params={'extra_args': {'profile_mode': 'e2e_slo_first', 'profile_policy': 'current', 'profile_scale': 5.0, 'profile_trace_id': 'current_scale_5.0', 'profile_shape': '512x512'}, 'height': 512, 'width': 512, 'num_inference_steps': 50, 'seed': 1261, 'reference_cost_ms': 16651.144148781896, 'slo_ms': 83255.72074390948, 'arrival_time_s': 1779505493.564424, 'deadline_time_s': 1779505576.820145, 'client_request_id': 'current_scale_5.0-0027'}
[0;36m(APIServer pid=1439463)[0;0m INFO 05-23 11:04:53 [stage_diffusion_client.py:313] [StageDiffusionClient] stage-0 [rep-1] add request: chatcmpl-db8fe98eb39e4081
[0;36m(APIServer pid=1439463)[0;0m INFO 05-23 11:04:56 [serving_chat.py:2938] Diffusion chat completed for request chatcmpl-3dca86f603694505: output_type=image, image_count=1
[0;36m(APIServer pid=1439463)[0;0m INFO:     127.0.0.1:35620 - "POST /v1/chat/completions HTTP/1.1" 200 OK
[0;36m(APIServer pid=1439463)[0;0m INFO 05-23 11:04:57 [serving_chat.py:2938] Diffusion chat completed for request chatcmpl-10b3cab577e54cf8: output_type=image, image_count=1
[0;36m(APIServer pid=1439463)[0;0m INFO:     127.0.0.1:35634 - "POST /v1/chat/completions HTTP/1.1" 200 OK
[0;36m(APIServer pid=1439463)[0;0m INFO 05-23 11:04:57 [serving_chat.py:2650] Diffusion chat request chatcmpl-093de025ec55431d: prompt='a high quality photo of a spotted salamander, deta...', ref_images=0, params={'extra_args': {'profile_mode': 'e2e_slo_first', 'profile_policy': 'current', 'profile_scale': 5.0, 'profile_trace_id': 'current_scale_5.0', 'profile_shape': '768x768'}, 'height': 768, 'width': 768, 'num_inference_steps': 50, 'seed': 1262, 'reference_cost_ms': 16463.377065956593, 'slo_ms': 82316.88532978296, 'arrival_time_s': 1779505497.814424, 'deadline_time_s': 1779505580.1313093, 'client_request_id': 'current_scale_5.0-0028'}
[0;36m(APIServer pid=1439463)[0;0m INFO 05-23 11:04:57 [stage_diffusion_client.py:313] [StageDiffusionClient] stage-0 [rep-2] add request: chatcmpl-093de025ec55431d
[0;36m(APIServer pid=1439463)[0;0m INFO 05-23 11:04:58 [serving_chat.py:2938] Diffusion chat completed for request chatcmpl-34f55378d882424f: output_type=image, image_count=1
[0;36m(APIServer pid=1439463)[0;0m INFO:     127.0.0.1:60304 - "POST /v1/chat/completions HTTP/1.1" 200 OK
[0;36m(APIServer pid=1439463)[0;0m INFO 05-23 11:05:02 [serving_chat.py:2650] Diffusion chat request chatcmpl-4cfe46c480924d53: prompt='a realistic documentary photograph showing a axolo...', ref_images=0, params={'extra_args': {'profile_mode': 'e2e_slo_first', 'profile_policy': 'current', 'profile_scale': 5.0, 'profile_trace_id': 'current_scale_5.0', 'profile_shape': '1024x1024'}, 'height': 1024, 'width': 1024, 'num_inference_steps': 50, 'seed': 1263, 'reference_cost_ms': 23089.30584229529, 'slo_ms': 115446.52921147645, 'arrival_time_s': 1779505502.064424, 'deadline_time_s': 1779505617.5109532, 'client_request_id': 'current_scale_5.0-0029'}
[0;36m(APIServer pid=1439463)[0;0m INFO 05-23 11:05:02 [stage_diffusion_client.py:313] [StageDiffusionClient] stage-0 [rep-0] add request: chatcmpl-4cfe46c480924d53
[0;36m(APIServer pid=1439463)[0;0m INFO 05-23 11:05:06 [serving_chat.py:2650] Diffusion chat request chatcmpl-8be51e0c2bc74bf8: prompt='a sharp studio image of a bullfrog, clear composit...', ref_images=0, params={'extra_args': {'profile_mode': 'e2e_slo_first', 'profile_policy': 'current', 'profile_scale': 5.0, 'profile_trace_id': 'current_scale_5.0', 'profile_shape': '512x512'}, 'height': 512, 'width': 512, 'num_inference_steps': 50, 'seed': 1264, 'reference_cost_ms': 16651.144148781896, 'slo_ms': 83255.72074390948, 'arrival_time_s': 1779505506.314424, 'deadline_time_s': 1779505589.570145, 'client_request_id': 'current_scale_5.0-0030'}
[0;36m(APIServer pid=1439463)[0;0m INFO 05-23 11:05:06 [stage_diffusion_client.py:313] [StageDiffusionClient] stage-0 [rep-3] add request: chatcmpl-8be51e0c2bc74bf8
[0;36m(APIServer pid=1439463)[0;0m INFO 05-23 11:05:07 [serving_chat.py:2938] Diffusion chat completed for request chatcmpl-b24a42ce9fa244c1: output_type=image, image_count=1
[0;36m(APIServer pid=1439463)[0;0m INFO:     127.0.0.1:58120 - "POST /v1/chat/completions HTTP/1.1" 200 OK
[0;36m(APIServer pid=1439463)[0;0m INFO 05-23 11:05:10 [serving_chat.py:2650] Diffusion chat request chatcmpl-b300eb1dbe8a48f6: prompt='a photo-realistic scene centered on a tree frog, b...', ref_images=0, params={'extra_args': {'profile_mode': 'e2e_slo_first', 'profile_policy': 'current', 'profile_scale': 5.0, 'profile_trace_id': 'current_scale_5.0', 'profile_shape': '768x768'}, 'height': 768, 'width': 768, 'num_inference_steps': 50, 'seed': 1265, 'reference_cost_ms': 16463.377065956593, 'slo_ms': 82316.88532978296, 'arrival_time_s': 1779505510.564424, 'deadline_time_s': 1779505592.8813093, 'client_request_id': 'current_scale_5.0-0031'}
[0;36m(APIServer pid=1439463)[0;0m INFO 05-23 11:05:10 [stage_diffusion_client.py:313] [StageDiffusionClient] stage-0 [rep-2] add request: chatcmpl-b300eb1dbe8a48f6
[0;36m(APIServer pid=1439463)[0;0m INFO 05-23 11:05:12 [serving_chat.py:2938] Diffusion chat completed for request chatcmpl-1fac233e12f14683: output_type=image, image_count=1
[0;36m(APIServer pid=1439463)[0;0m INFO:     127.0.0.1:41244 - "POST /v1/chat/completions HTTP/1.1" 200 OK
[0;36m(APIServer pid=1439463)[0;0m INFO 05-23 11:05:14 [serving_chat.py:2650] Diffusion chat request chatcmpl-d106ee161e9a4ff6: prompt='a high quality photo of a tailed frog, detailed, n...', ref_images=0, params={'extra_args': {'profile_mode': 'e2e_slo_first', 'profile_policy': 'current', 'profile_scale': 5.0, 'profile_trace_id': 'current_scale_5.0', 'profile_shape': '512x512'}, 'height': 512, 'width': 512, 'num_inference_steps': 50, 'seed': 1266, 'reference_cost_ms': 16651.144148781896, 'slo_ms': 83255.72074390948, 'arrival_time_s': 1779505514.814424, 'deadline_time_s': 1779505598.070145, 'client_request_id': 'current_scale_5.0-0032'}
[0;36m(APIServer pid=1439463)[0;0m INFO 05-23 11:05:14 [stage_diffusion_client.py:313] [StageDiffusionClient] stage-0 [rep-0] add request: chatcmpl-d106ee161e9a4ff6
[0;36m(APIServer pid=1439463)[0;0m INFO 05-23 11:05:19 [serving_chat.py:2650] Diffusion chat request chatcmpl-c85d3e1a8d1347fa: prompt='a realistic documentary photograph showing a logge...', ref_images=0, params={'extra_args': {'profile_mode': 'e2e_slo_first', 'profile_policy': 'current', 'profile_scale': 5.0, 'profile_trace_id': 'current_scale_5.0', 'profile_shape': '768x768'}, 'height': 768, 'width': 768, 'num_inference_steps': 50, 'seed': 1267, 'reference_cost_ms': 16463.377065956593, 'slo_ms': 82316.88532978296, 'arrival_time_s': 1779505519.064424, 'deadline_time_s': 1779505601.3813093, 'client_request_id': 'current_scale_5.0-0033'}
[0;36m(APIServer pid=1439463)[0;0m INFO 05-23 11:05:19 [stage_diffusion_client.py:313] [StageDiffusionClient] stage-0 [rep-3] add request: chatcmpl-c85d3e1a8d1347fa
[0;36m(APIServer pid=1439463)[0;0m INFO 05-23 11:05:22 [serving_chat.py:2938] Diffusion chat completed for request chatcmpl-f88458e0f24844d5: output_type=image, image_count=1
[0;36m(APIServer pid=1439463)[0;0m INFO:     127.0.0.1:60320 - "POST /v1/chat/completions HTTP/1.1" 200 OK
[0;36m(APIServer pid=1439463)[0;0m INFO 05-23 11:05:23 [serving_chat.py:2650] Diffusion chat request chatcmpl-1e588708b5eb4a81: prompt='a sharp studio image of a leatherback turtle, clea...', ref_images=0, params={'extra_args': {'profile_mode': 'e2e_slo_first', 'profile_policy': 'current', 'profile_scale': 5.0, 'profile_trace_id': 'current_scale_5.0', 'profile_shape': '1024x1024'}, 'height': 1024, 'width': 1024, 'num_inference_steps': 50, 'seed': 1268, 'reference_cost_ms': 23089.30584229529, 'slo_ms': 115446.52921147645, 'arrival_time_s': 1779505523.314424, 'deadline_time_s': 1779505638.7609532, 'client_request_id': 'current_scale_5.0-0034'}
[0;36m(APIServer pid=1439463)[0;0m INFO 05-23 11:05:23 [stage_diffusion_client.py:313] [StageDiffusionClient] stage-0 [rep-3] add request: chatcmpl-1e588708b5eb4a81
[0;36m(APIServer pid=1439463)[0;0m INFO 05-23 11:05:24 [serving_chat.py:2938] Diffusion chat completed for request chatcmpl-8be51e0c2bc74bf8: output_type=image, image_count=1
[0;36m(APIServer pid=1439463)[0;0m INFO:     127.0.0.1:41200 - "POST /v1/chat/completions HTTP/1.1" 200 OK
[0;36m(APIServer pid=1439463)[0;0m INFO 05-23 11:05:25 [serving_chat.py:2938] Diffusion chat completed for request chatcmpl-db8fe98eb39e4081: output_type=image, image_count=1
[0;36m(APIServer pid=1439463)[0;0m INFO:     127.0.0.1:42158 - "POST /v1/chat/completions HTTP/1.1" 200 OK
[0;36m(APIServer pid=1439463)[0;0m INFO 05-23 11:05:25 [serving_chat.py:2938] Diffusion chat completed for request chatcmpl-b6fcffc7d85644af: output_type=image, image_count=1
[0;36m(APIServer pid=1439463)[0;0m INFO:     127.0.0.1:42150 - "POST /v1/chat/completions HTTP/1.1" 200 OK
[0;36m(APIServer pid=1439463)[0;0m INFO 05-23 11:05:27 [serving_chat.py:2650] Diffusion chat request chatcmpl-e23950e71e2646a4: prompt='a photo-realistic scene centered on a mud turtle, ...', ref_images=0, params={'extra_args': {'profile_mode': 'e2e_slo_first', 'profile_policy': 'current', 'profile_scale': 5.0, 'profile_trace_id': 'current_scale_5.0', 'profile_shape': '512x512'}, 'height': 512, 'width': 512, 'num_inference_steps': 50, 'seed': 1269, 'reference_cost_ms': 16651.144148781896, 'slo_ms': 83255.72074390948, 'arrival_time_s': 1779505527.564424, 'deadline_time_s': 1779505610.820145, 'client_request_id': 'current_scale_5.0-0035'}
[0;36m(APIServer pid=1439463)[0;0m INFO 05-23 11:05:27 [stage_diffusion_client.py:313] [StageDiffusionClient] stage-0 [rep-2] add request: chatcmpl-e23950e71e2646a4
[0;36m(APIServer pid=1439463)[0;0m INFO 05-23 11:05:28 [serving_chat.py:2938] Diffusion chat completed for request chatcmpl-18320b8f97f54e10: output_type=image, image_count=1
[0;36m(APIServer pid=1439463)[0;0m INFO:     127.0.0.1:44846 - "POST /v1/chat/completions HTTP/1.1" 200 OK
[0;36m(APIServer pid=1439463)[0;0m INFO 05-23 11:05:31 [serving_chat.py:2650] Diffusion chat request chatcmpl-799adb6217354aa3: prompt='a high quality photo of a terrapin, detailed, natu...', ref_images=0, params={'extra_args': {'profile_mode': 'e2e_slo_first', 'profile_policy': 'current', 'profile_scale': 5.0, 'profile_trace_id': 'current_scale_5.0', 'profile_shape': '768x768'}, 'height': 768, 'width': 768, 'num_inference_steps': 50, 'seed': 1270, 'reference_cost_ms': 16463.377065956593, 'slo_ms': 82316.88532978296, 'arrival_time_s': 1779505531.814424, 'deadline_time_s': 1779505614.1313093, 'client_request_id': 'current_scale_5.0-0036'}
[0;36m(APIServer pid=1439463)[0;0m INFO 05-23 11:05:31 [stage_diffusion_client.py:313] [StageDiffusionClient] stage-0 [rep-2] add request: chatcmpl-799adb6217354aa3
[0;36m(APIServer pid=1439463)[0;0m INFO 05-23 11:05:36 [serving_chat.py:2650] Diffusion chat request chatcmpl-a4fd537613894f34: prompt='a realistic documentary photograph showing a box t...', ref_images=0, params={'extra_args': {'profile_mode': 'e2e_slo_first', 'profile_policy': 'current', 'profile_scale': 5.0, 'profile_trace_id': 'current_scale_5.0', 'profile_shape': '512x512'}, 'height': 512, 'width': 512, 'num_inference_steps': 50, 'seed': 1271, 'reference_cost_ms': 16651.144148781896, 'slo_ms': 83255.72074390948, 'arrival_time_s': 1779505536.064424, 'deadline_time_s': 1779505619.320145, 'client_request_id': 'current_scale_5.0-0037'}
[0;36m(APIServer pid=1439463)[0;0m INFO 05-23 11:05:36 [stage_diffusion_client.py:313] [StageDiffusionClient] stage-0 [rep-1] add request: chatcmpl-a4fd537613894f34
[0;36m(APIServer pid=1439463)[0;0m INFO 05-23 11:05:40 [serving_chat.py:2650] Diffusion chat request chatcmpl-0bd902a90e10415a: prompt='a sharp studio image of a banded gecko, clear comp...', ref_images=0, params={'extra_args': {'profile_mode': 'e2e_slo_first', 'profile_policy': 'current', 'profile_scale': 5.0, 'profile_trace_id': 'current_scale_5.0', 'profile_shape': '768x768'}, 'height': 768, 'width': 768, 'num_inference_steps': 50, 'seed': 1272, 'reference_cost_ms': 16463.377065956593, 'slo_ms': 82316.88532978296, 'arrival_time_s': 1779505540.314424, 'deadline_time_s': 1779505622.6313093, 'client_request_id': 'current_scale_5.0-0038'}
[0;36m(APIServer pid=1439463)[0;0m INFO 05-23 11:05:40 [stage_diffusion_client.py:313] [StageDiffusionClient] stage-0 [rep-3] add request: chatcmpl-0bd902a90e10415a
[0;36m(APIServer pid=1439463)[0;0m INFO 05-23 11:05:42 [serving_chat.py:2938] Diffusion chat completed for request chatcmpl-c85d3e1a8d1347fa: output_type=image, image_count=1
[0;36m(APIServer pid=1439463)[0;0m INFO:     127.0.0.1:43052 - "POST /v1/chat/completions HTTP/1.1" 200 OK
[0;36m(APIServer pid=1439463)[0;0m INFO 05-23 11:05:44 [serving_chat.py:2650] Diffusion chat request chatcmpl-438fd1c03fe045e3: prompt='a photo-realistic scene centered on a common iguan...', ref_images=0, params={'extra_args': {'profile_mode': 'e2e_slo_first', 'profile_policy': 'current', 'profile_scale': 5.0, 'profile_trace_id': 'current_scale_5.0', 'profile_shape': '1024x1024'}, 'height': 1024, 'width': 1024, 'num_inference_steps': 50, 'seed': 1273, 'reference_cost_ms': 23089.30584229529, 'slo_ms': 115446.52921147645, 'arrival_time_s': 1779505544.564424, 'deadline_time_s': 1779505660.0109532, 'client_request_id': 'current_scale_5.0-0039'}
[0;36m(APIServer pid=1439463)[0;0m INFO 05-23 11:05:44 [stage_diffusion_client.py:313] [StageDiffusionClient] stage-0 [rep-3] add request: chatcmpl-438fd1c03fe045e3
[0;36m(APIServer pid=1439463)[0;0m INFO 05-23 11:05:45 [serving_chat.py:2938] Diffusion chat completed for request chatcmpl-4164c80839ed404a: output_type=image, image_count=1
[0;36m(APIServer pid=1439463)[0;0m INFO:     127.0.0.1:48392 - "POST /v1/chat/completions HTTP/1.1" 200 OK
[0;36m(APIServer pid=1439463)[0;0m INFO 05-23 11:05:47 [serving_chat.py:2938] Diffusion chat completed for request chatcmpl-b300eb1dbe8a48f6: output_type=image, image_count=1
[0;36m(APIServer pid=1439463)[0;0m INFO:     127.0.0.1:58120 - "POST /v1/chat/completions HTTP/1.1" 200 OK
[0;36m(APIServer pid=1439463)[0;0m INFO 05-23 11:05:48 [serving_chat.py:2938] Diffusion chat completed for request chatcmpl-093de025ec55431d: output_type=image, image_count=1
[0;36m(APIServer pid=1439463)[0;0m INFO:     127.0.0.1:35620 - "POST /v1/chat/completions HTTP/1.1" 200 OK
[0;36m(APIServer pid=1439463)[0;0m INFO 05-23 11:05:48 [serving_chat.py:2650] Diffusion chat request chatcmpl-7001781aa97a4bcc: prompt='a high quality photo of a American chameleon, deta...', ref_images=0, params={'extra_args': {'profile_mode': 'e2e_slo_first', 'profile_policy': 'current', 'profile_scale': 5.0, 'profile_trace_id': 'current_scale_5.0', 'profile_shape': '512x512'}, 'height': 512, 'width': 512, 'num_inference_steps': 50, 'seed': 1274, 'reference_cost_ms': 16651.144148781896, 'slo_ms': 83255.72074390948, 'arrival_time_s': 1779505548.814424, 'deadline_time_s': 1779505632.070145, 'client_request_id': 'current_scale_5.0-0040'}
[0;36m(APIServer pid=1439463)[0;0m INFO 05-23 11:05:48 [stage_diffusion_client.py:313] [StageDiffusionClient] stage-0 [rep-2] add request: chatcmpl-7001781aa97a4bcc
[0;36m(APIServer pid=1439463)[0;0m INFO 05-23 11:05:53 [serving_chat.py:2650] Diffusion chat request chatcmpl-e01e9b1e2026497e: prompt='a realistic documentary photograph showing a whipt...', ref_images=0, params={'extra_args': {'profile_mode': 'e2e_slo_first', 'profile_policy': 'current', 'profile_scale': 5.0, 'profile_trace_id': 'current_scale_5.0', 'profile_shape': '768x768'}, 'height': 768, 'width': 768, 'num_inference_steps': 50, 'seed': 1275, 'reference_cost_ms': 16463.377065956593, 'slo_ms': 82316.88532978296, 'arrival_time_s': 1779505553.064424, 'deadline_time_s': 1779505635.3813093, 'client_request_id': 'current_scale_5.0-0041'}
[0;36m(APIServer pid=1439463)[0;0m INFO 05-23 11:05:53 [stage_diffusion_client.py:313] [StageDiffusionClient] stage-0 [rep-2] add request: chatcmpl-e01e9b1e2026497e
[0;36m(APIServer pid=1439463)[0;0m INFO 05-23 11:05:53 [serving_chat.py:2938] Diffusion chat completed for request chatcmpl-a4fd537613894f34: output_type=image, image_count=1
[0;36m(APIServer pid=1439463)[0;0m INFO:     127.0.0.1:53836 - "POST /v1/chat/completions HTTP/1.1" 200 OK
[0;36m(APIServer pid=1439463)[0;0m INFO 05-23 11:05:57 [serving_chat.py:2650] Diffusion chat request chatcmpl-6eb71d4aa8774ab5: prompt='a sharp studio image of a agama, clear composition...', ref_images=0, params={'extra_args': {'profile_mode': 'e2e_slo_first', 'profile_policy': 'current', 'profile_scale': 5.0, 'profile_trace_id': 'current_scale_5.0', 'profile_shape': '512x512'}, 'height': 512, 'width': 512, 'num_inference_steps': 50, 'seed': 1276, 'reference_cost_ms': 16651.144148781896, 'slo_ms': 83255.72074390948, 'arrival_time_s': 1779505557.314424, 'deadline_time_s': 1779505640.570145, 'client_request_id': 'current_scale_5.0-0042'}
[0;36m(APIServer pid=1439463)[0;0m INFO 05-23 11:05:57 [stage_diffusion_client.py:313] [StageDiffusionClient] stage-0 [rep-0] add request: chatcmpl-6eb71d4aa8774ab5
[0;36m(APIServer pid=1439463)[0;0m INFO 05-23 11:06:01 [serving_chat.py:2650] Diffusion chat request chatcmpl-ddf4e0ef867a449b: prompt='a photo-realistic scene centered on a frilled liza...', ref_images=0, params={'extra_args': {'profile_mode': 'e2e_slo_first', 'profile_policy': 'current', 'profile_scale': 5.0, 'profile_trace_id': 'current_scale_5.0', 'profile_shape': '768x768'}, 'height': 768, 'width': 768, 'num_inference_steps': 50, 'seed': 1277, 'reference_cost_ms': 16463.377065956593, 'slo_ms': 82316.88532978296, 'arrival_time_s': 1779505561.564424, 'deadline_time_s': 1779505643.8813093, 'client_request_id': 'current_scale_5.0-0043'}
[0;36m(APIServer pid=1439463)[0;0m INFO 05-23 11:06:01 [stage_diffusion_client.py:313] [StageDiffusionClient] stage-0 [rep-3] add request: chatcmpl-ddf4e0ef867a449b
[0;36m(APIServer pid=1439463)[0;0m INFO 05-23 11:06:04 [serving_chat.py:2938] Diffusion chat completed for request chatcmpl-e23950e71e2646a4: output_type=image, image_count=1
[0;36m(APIServer pid=1439463)[0;0m INFO:     127.0.0.1:41200 - "POST /v1/chat/completions HTTP/1.1" 200 OK
[0;36m(APIServer pid=1439463)[0;0m INFO 05-23 11:06:05 [serving_chat.py:2938] Diffusion chat completed for request chatcmpl-1e588708b5eb4a81: output_type=image, image_count=1
[0;36m(APIServer pid=1439463)[0;0m INFO:     127.0.0.1:60320 - "POST /v1/chat/completions HTTP/1.1" 200 OK
[0;36m(APIServer pid=1439463)[0;0m INFO 05-23 11:06:05 [serving_chat.py:2650] Diffusion chat request chatcmpl-86505063ebc54d74: prompt='a high quality photo of a alligator lizard, detail...', ref_images=0, params={'extra_args': {'profile_mode': 'e2e_slo_first', 'profile_policy': 'current', 'profile_scale': 5.0, 'profile_trace_id': 'current_scale_5.0', 'profile_shape': '1024x1024'}, 'height': 1024, 'width': 1024, 'num_inference_steps': 50, 'seed': 1278, 'reference_cost_ms': 23089.30584229529, 'slo_ms': 115446.52921147645, 'arrival_time_s': 1779505565.814424, 'deadline_time_s': 1779505681.2609532, 'client_request_id': 'current_scale_5.0-0044'}
[0;36m(APIServer pid=1439463)[0;0m INFO 05-23 11:06:05 [stage_diffusion_client.py:313] [StageDiffusionClient] stage-0 [rep-2] add request: chatcmpl-86505063ebc54d74
[0;36m(APIServer pid=1439463)[0;0m INFO 05-23 11:06:09 [serving_chat.py:2938] Diffusion chat completed for request chatcmpl-4cfe46c480924d53: output_type=image, image_count=1
[0;36m(APIServer pid=1439463)[0;0m INFO:     127.0.0.1:35634 - "POST /v1/chat/completions HTTP/1.1" 200 OK
[0;36m(APIServer pid=1439463)[0;0m INFO 05-23 11:06:10 [serving_chat.py:2650] Diffusion chat request chatcmpl-3e3b594671964212: prompt='a realistic documentary photograph showing a Gila ...', ref_images=0, params={'extra_args': {'profile_mode': 'e2e_slo_first', 'profile_policy': 'current', 'profile_scale': 5.0, 'profile_trace_id': 'current_scale_5.0', 'profile_shape': '512x512'}, 'height': 512, 'width': 512, 'num_inference_steps': 50, 'seed': 1279, 'reference_cost_ms': 16651.144148781896, 'slo_ms': 83255.72074390948, 'arrival_time_s': 1779505570.064424, 'deadline_time_s': 1779505653.320145, 'client_request_id': 'current_scale_5.0-0045'}
[0;36m(APIServer pid=1439463)[0;0m INFO 05-23 11:06:10 [stage_diffusion_client.py:313] [StageDiffusionClient] stage-0 [rep-2] add request: chatcmpl-3e3b594671964212
[0;36m(APIServer pid=1439463)[0;0m INFO 05-23 11:06:14 [serving_chat.py:2650] Diffusion chat request chatcmpl-d56e76de477645ef: prompt='a sharp studio image of a green lizard, clear comp...', ref_images=0, params={'extra_args': {'profile_mode': 'e2e_slo_first', 'profile_policy': 'current', 'profile_scale': 5.0, 'profile_trace_id': 'current_scale_5.0', 'profile_shape': '768x768'}, 'height': 768, 'width': 768, 'num_inference_steps': 50, 'seed': 1280, 'reference_cost_ms': 16463.377065956593, 'slo_ms': 82316.88532978296, 'arrival_time_s': 1779505574.314424, 'deadline_time_s': 1779505656.6313093, 'client_request_id': 'current_scale_5.0-0046'}
[0;36m(APIServer pid=1439463)[0;0m INFO 05-23 11:06:14 [stage_diffusion_client.py:313] [StageDiffusionClient] stage-0 [rep-3] add request: chatcmpl-d56e76de477645ef
[0;36m(APIServer pid=1439463)[0;0m INFO 05-23 11:06:18 [serving_chat.py:2650] Diffusion chat request chatcmpl-cb9b1d5defb84057: prompt='a photo-realistic scene centered on a African cham...', ref_images=0, params={'extra_args': {'profile_mode': 'e2e_slo_first', 'profile_policy': 'current', 'profile_scale': 5.0, 'profile_trace_id': 'current_scale_5.0', 'profile_shape': '512x512'}, 'height': 512, 'width': 512, 'num_inference_steps': 50, 'seed': 1281, 'reference_cost_ms': 16651.144148781896, 'slo_ms': 83255.72074390948, 'arrival_time_s': 1779505578.564424, 'deadline_time_s': 1779505661.820145, 'client_request_id': 'current_scale_5.0-0047'}
[0;36m(APIServer pid=1439463)[0;0m INFO 05-23 11:06:18 [stage_diffusion_client.py:313] [StageDiffusionClient] stage-0 [rep-0] add request: chatcmpl-cb9b1d5defb84057
[0;36m(APIServer pid=1439463)[0;0m INFO 05-23 11:06:22 [serving_chat.py:2938] Diffusion chat completed for request chatcmpl-799adb6217354aa3: output_type=image, image_count=1
[0;36m(APIServer pid=1439463)[0;0m INFO:     127.0.0.1:44846 - "POST /v1/chat/completions HTTP/1.1" 200 OK
[0;36m(APIServer pid=1439463)[0;0m INFO 05-23 11:06:22 [serving_chat.py:2650] Diffusion chat request chatcmpl-05b62c0fc0ba45cf: prompt='a high quality photo of a Komodo dragon, detailed,...', ref_images=0, params={'extra_args': {'profile_mode': 'e2e_slo_first', 'profile_policy': 'current', 'profile_scale': 5.0, 'profile_trace_id': 'current_scale_5.0', 'profile_shape': '768x768'}, 'height': 768, 'width': 768, 'num_inference_steps': 50, 'seed': 1282, 'reference_cost_ms': 16463.377065956593, 'slo_ms': 82316.88532978296, 'arrival_time_s': 1779505582.814424, 'deadline_time_s': 1779505665.1313093, 'client_request_id': 'current_scale_5.0-0048'}
[0;36m(APIServer pid=1439463)[0;0m INFO 05-23 11:06:22 [stage_diffusion_client.py:313] [StageDiffusionClient] stage-0 [rep-0] add request: chatcmpl-05b62c0fc0ba45cf
[0;36m(APIServer pid=1439463)[0;0m INFO 05-23 11:06:23 [serving_chat.py:2938] Diffusion chat completed for request chatcmpl-0bd902a90e10415a: output_type=image, image_count=1
[0;36m(APIServer pid=1439463)[0;0m INFO:     127.0.0.1:53848 - "POST /v1/chat/completions HTTP/1.1" 200 OK
[0;36m(APIServer pid=1439463)[0;0m INFO 05-23 11:06:26 [serving_chat.py:2938] Diffusion chat completed for request chatcmpl-6eb71d4aa8774ab5: output_type=image, image_count=1
[0;36m(APIServer pid=1439463)[0;0m INFO:     127.0.0.1:53836 - "POST /v1/chat/completions HTTP/1.1" 200 OK
[0;36m(APIServer pid=1439463)[0;0m INFO 05-23 11:06:26 [serving_chat.py:2938] Diffusion chat completed for request chatcmpl-d106ee161e9a4ff6: output_type=image, image_count=1
[0;36m(APIServer pid=1439463)[0;0m INFO:     127.0.0.1:41244 - "POST /v1/chat/completions HTTP/1.1" 200 OK
[0;36m(APIServer pid=1439463)[0;0m INFO 05-23 11:06:27 [serving_chat.py:2650] Diffusion chat request chatcmpl-89cf8dbd130c4f11: prompt='a realistic documentary photograph showing a Afric...', ref_images=0, params={'extra_args': {'profile_mode': 'e2e_slo_first', 'profile_policy': 'current', 'profile_scale': 5.0, 'profile_trace_id': 'current_scale_5.0', 'profile_shape': '1024x1024'}, 'height': 1024, 'width': 1024, 'num_inference_steps': 50, 'seed': 1283, 'reference_cost_ms': 23089.30584229529, 'slo_ms': 115446.52921147645, 'arrival_time_s': 1779505587.064424, 'deadline_time_s': 1779505702.5109532, 'client_request_id': 'current_scale_5.0-0049'}
[0;36m(APIServer pid=1439463)[0;0m INFO 05-23 11:06:27 [stage_diffusion_client.py:313] [StageDiffusionClient] stage-0 [rep-1] add request: chatcmpl-89cf8dbd130c4f11
[0;36m(APIServer pid=1439463)[0;0m INFO 05-23 11:06:31 [serving_chat.py:2650] Diffusion chat request chatcmpl-80792e8fd56f489f: prompt='a sharp studio image of a American alligator, clea...', ref_images=0, params={'extra_args': {'profile_mode': 'e2e_slo_first', 'profile_policy': 'current', 'profile_scale': 5.0, 'profile_trace_id': 'current_scale_5.0', 'profile_shape': '512x512'}, 'height': 512, 'width': 512, 'num_inference_steps': 50, 'seed': 1284, 'reference_cost_ms': 16651.144148781896, 'slo_ms': 83255.72074390948, 'arrival_time_s': 1779505591.314424, 'deadline_time_s': 1779505674.570145, 'client_request_id': 'current_scale_5.0-0050'}
[0;36m(APIServer pid=1439463)[0;0m INFO 05-23 11:06:31 [stage_diffusion_client.py:313] [StageDiffusionClient] stage-0 [rep-0] add request: chatcmpl-80792e8fd56f489f
[0;36m(APIServer pid=1439463)[0;0m INFO 05-23 11:06:35 [serving_chat.py:2650] Diffusion chat request chatcmpl-e3d3df109c0a4f61: prompt='a photo-realistic scene centered on a triceratops,...', ref_images=0, params={'extra_args': {'profile_mode': 'e2e_slo_first', 'profile_policy': 'current', 'profile_scale': 5.0, 'profile_trace_id': 'current_scale_5.0', 'profile_shape': '768x768'}, 'height': 768, 'width': 768, 'num_inference_steps': 50, 'seed': 1285, 'reference_cost_ms': 16463.377065956593, 'slo_ms': 82316.88532978296, 'arrival_time_s': 1779505595.564424, 'deadline_time_s': 1779505677.8813093, 'client_request_id': 'current_scale_5.0-0051'}
[0;36m(APIServer pid=1439463)[0;0m INFO 05-23 11:06:35 [stage_diffusion_client.py:313] [StageDiffusionClient] stage-0 [rep-3] add request: chatcmpl-e3d3df109c0a4f61
[0;36m(APIServer pid=1439463)[0;0m INFO 05-23 11:06:36 [serving_chat.py:2938] Diffusion chat completed for request chatcmpl-cb9b1d5defb84057: output_type=image, image_count=1
[0;36m(APIServer pid=1439463)[0;0m INFO:     127.0.0.1:60092 - "POST /v1/chat/completions HTTP/1.1" 200 OK
[0;36m(APIServer pid=1439463)[0;0m INFO 05-23 11:06:39 [serving_chat.py:2938] Diffusion chat completed for request chatcmpl-7001781aa97a4bcc: output_type=image, image_count=1
[0;36m(APIServer pid=1439463)[0;0m INFO:     127.0.0.1:48392 - "POST /v1/chat/completions HTTP/1.1" 200 OK
[0;36m(APIServer pid=1439463)[0;0m INFO 05-23 11:06:39 [serving_chat.py:2650] Diffusion chat request chatcmpl-2c44f95136ea40ec: prompt='a high quality photo of a thunder snake, detailed,...', ref_images=0, params={'extra_args': {'profile_mode': 'e2e_slo_first', 'profile_policy': 'current', 'profile_scale': 5.0, 'profile_trace_id': 'current_scale_5.0', 'profile_shape': '512x512'}, 'height': 512, 'width': 512, 'num_inference_steps': 50, 'seed': 1286, 'reference_cost_ms': 16651.144148781896, 'slo_ms': 83255.72074390948, 'arrival_time_s': 1779505599.814424, 'deadline_time_s': 1779505683.070145, 'client_request_id': 'current_scale_5.0-0052'}
[0;36m(APIServer pid=1439463)[0;0m INFO 05-23 11:06:39 [stage_diffusion_client.py:313] [StageDiffusionClient] stage-0 [rep-2] add request: chatcmpl-2c44f95136ea40ec
[0;36m(APIServer pid=1439463)[0;0m INFO 05-23 11:06:44 [serving_chat.py:2650] Diffusion chat request chatcmpl-cece945c22cb4afe: prompt='a realistic documentary photograph showing a ringn...', ref_images=0, params={'extra_args': {'profile_mode': 'e2e_slo_first', 'profile_policy': 'current', 'profile_scale': 5.0, 'profile_trace_id': 'current_scale_5.0', 'profile_shape': '768x768'}, 'height': 768, 'width': 768, 'num_inference_steps': 50, 'seed': 1287, 'reference_cost_ms': 16463.377065956593, 'slo_ms': 82316.88532978296, 'arrival_time_s': 1779505604.064424, 'deadline_time_s': 1779505686.3813093, 'client_request_id': 'current_scale_5.0-0053'}
[0;36m(APIServer pid=1439463)[0;0m INFO 05-23 11:06:44 [stage_diffusion_client.py:313] [StageDiffusionClient] stage-0 [rep-2] add request: chatcmpl-cece945c22cb4afe
[0;36m(APIServer pid=1439463)[0;0m INFO 05-23 11:06:47 [serving_chat.py:2938] Diffusion chat completed for request chatcmpl-438fd1c03fe045e3: output_type=image, image_count=1
[0;36m(APIServer pid=1439463)[0;0m INFO:     127.0.0.1:43052 - "POST /v1/chat/completions HTTP/1.1" 200 OK
[0;36m(APIServer pid=1439463)[0;0m INFO 05-23 11:06:48 [serving_chat.py:2650] Diffusion chat request chatcmpl-4a7557288f0d4073: prompt='a sharp studio image of a hognose snake, clear com...', ref_images=0, params={'extra_args': {'profile_mode': 'e2e_slo_first', 'profile_policy': 'current', 'profile_scale': 5.0, 'profile_trace_id': 'current_scale_5.0', 'profile_shape': '1024x1024'}, 'height': 1024, 'width': 1024, 'num_inference_steps': 50, 'seed': 1288, 'reference_cost_ms': 23089.30584229529, 'slo_ms': 115446.52921147645, 'arrival_time_s': 1779505608.314424, 'deadline_time_s': 1779505723.7609532, 'client_request_id': 'current_scale_5.0-0054'}
[0;36m(APIServer pid=1439463)[0;0m INFO 05-23 11:06:48 [stage_diffusion_client.py:313] [StageDiffusionClient] stage-0 [rep-2] add request: chatcmpl-4a7557288f0d4073
[0;36m(APIServer pid=1439463)[0;0m INFO 05-23 11:06:51 [serving_chat.py:2938] Diffusion chat completed for request chatcmpl-89cf8dbd130c4f11: output_type=image, image_count=1
[0;36m(APIServer pid=1439463)[0;0m INFO:     127.0.0.1:53848 - "POST /v1/chat/completions HTTP/1.1" 200 OK
[0;36m(APIServer pid=1439463)[0;0m INFO 05-23 11:06:52 [serving_chat.py:2650] Diffusion chat request chatcmpl-c24395b833cb48d0: prompt='a photo-realistic scene centered on a green snake,...', ref_images=0, params={'extra_args': {'profile_mode': 'e2e_slo_first', 'profile_policy': 'current', 'profile_scale': 5.0, 'profile_trace_id': 'current_scale_5.0', 'profile_shape': '512x512'}, 'height': 512, 'width': 512, 'num_inference_steps': 50, 'seed': 1289, 'reference_cost_ms': 16651.144148781896, 'slo_ms': 83255.72074390948, 'arrival_time_s': 1779505612.564424, 'deadline_time_s': 1779505695.820145, 'client_request_id': 'current_scale_5.0-0055'}
[0;36m(APIServer pid=1439463)[0;0m INFO 05-23 11:06:52 [stage_diffusion_client.py:313] [StageDiffusionClient] stage-0 [rep-1] add request: chatcmpl-c24395b833cb48d0
[0;36m(APIServer pid=1439463)[0;0m INFO 05-23 11:06:53 [serving_chat.py:2938] Diffusion chat completed for request chatcmpl-05b62c0fc0ba45cf: output_type=image, image_count=1
[0;36m(APIServer pid=1439463)[0;0m INFO:     127.0.0.1:44846 - "POST /v1/chat/completions HTTP/1.1" 200 OK
[0;36m(APIServer pid=1439463)[0;0m INFO 05-23 11:06:57 [serving_chat.py:2938] Diffusion chat completed for request chatcmpl-e01e9b1e2026497e: output_type=image, image_count=1
[0;36m(APIServer pid=1439463)[0;0m INFO:     127.0.0.1:35620 - "POST /v1/chat/completions HTTP/1.1" 200 OK
[0;36m(APIServer pid=1439463)[0;0m INFO 05-23 11:06:57 [serving_chat.py:2650] Diffusion chat request chatcmpl-6bc487c6877e4017: prompt='a high quality photo of a king snake, detailed, na...', ref_images=0, params={'extra_args': {'profile_mode': 'e2e_slo_first', 'profile_policy': 'current', 'profile_scale': 5.0, 'profile_trace_id': 'current_scale_5.0', 'profile_shape': '768x768'}, 'height': 768, 'width': 768, 'num_inference_steps': 50, 'seed': 1290, 'reference_cost_ms': 16463.377065956593, 'slo_ms': 82316.88532978296, 'arrival_time_s': 1779505616.814424, 'deadline_time_s': 1779505699.1313093, 'client_request_id': 'current_scale_5.0-0056'}
[0;36m(APIServer pid=1439463)[0;0m INFO 05-23 11:06:57 [stage_diffusion_client.py:313] [StageDiffusionClient] stage-0 [rep-0] add request: chatcmpl-6bc487c6877e4017
[0;36m(APIServer pid=1439463)[0;0m INFO 05-23 11:07:01 [serving_chat.py:2650] Diffusion chat request chatcmpl-7d3f584551c4414a: prompt='a realistic documentary photograph showing a garte...', ref_images=0, params={'extra_args': {'profile_mode': 'e2e_slo_first', 'profile_policy': 'current', 'profile_scale': 5.0, 'profile_trace_id': 'current_scale_5.0', 'profile_shape': '512x512'}, 'height': 512, 'width': 512, 'num_inference_steps': 50, 'seed': 1291, 'reference_cost_ms': 16651.144148781896, 'slo_ms': 83255.72074390948, 'arrival_time_s': 1779505621.064424, 'deadline_time_s': 1779505704.320145, 'client_request_id': 'current_scale_5.0-0057'}
[0;36m(APIServer pid=1439463)[0;0m INFO 05-23 11:07:01 [stage_diffusion_client.py:313] [StageDiffusionClient] stage-0 [rep-0] add request: chatcmpl-7d3f584551c4414a
[0;36m(APIServer pid=1439463)[0;0m INFO 05-23 11:07:05 [serving_chat.py:2650] Diffusion chat request chatcmpl-adf4785c0c7145e1: prompt='a sharp studio image of a water snake, clear compo...', ref_images=0, params={'extra_args': {'profile_mode': 'e2e_slo_first', 'profile_policy': 'current', 'profile_scale': 5.0, 'profile_trace_id': 'current_scale_5.0', 'profile_shape': '768x768'}, 'height': 768, 'width': 768, 'num_inference_steps': 50, 'seed': 1292, 'reference_cost_ms': 16463.377065956593, 'slo_ms': 82316.88532978296, 'arrival_time_s': 1779505625.314424, 'deadline_time_s': 1779505707.6313093, 'client_request_id': 'current_scale_5.0-0058'}
[0;36m(APIServer pid=1439463)[0;0m INFO 05-23 11:07:05 [stage_diffusion_client.py:313] [StageDiffusionClient] stage-0 [rep-1] add request: chatcmpl-adf4785c0c7145e1
[0;36m(APIServer pid=1439463)[0;0m INFO 05-23 11:07:09 [serving_chat.py:2938] Diffusion chat completed for request chatcmpl-80792e8fd56f489f: output_type=image, image_count=1
[0;36m(APIServer pid=1439463)[0;0m INFO:     127.0.0.1:53836 - "POST /v1/chat/completions HTTP/1.1" 200 OK
[0;36m(APIServer pid=1439463)[0;0m INFO 05-23 11:07:09 [serving_chat.py:2650] Diffusion chat request chatcmpl-96a3b6428cae42ff: prompt='a photo-realistic scene centered on a vine snake, ...', ref_images=0, params={'extra_args': {'profile_mode': 'e2e_slo_first', 'profile_policy': 'current', 'profile_scale': 5.0, 'profile_trace_id': 'current_scale_5.0', 'profile_shape': '1024x1024'}, 'height': 1024, 'width': 1024, 'num_inference_steps': 50, 'seed': 1293, 'reference_cost_ms': 23089.30584229529, 'slo_ms': 115446.52921147645, 'arrival_time_s': 1779505629.564424, 'deadline_time_s': 1779505745.0109532, 'client_request_id': 'current_scale_5.0-0059'}
[0;36m(APIServer pid=1439463)[0;0m INFO 05-23 11:07:09 [stage_diffusion_client.py:313] [StageDiffusionClient] stage-0 [rep-2] add request: chatcmpl-96a3b6428cae42ff
[0;36m(APIServer pid=1439463)[0;0m INFO 05-23 11:07:10 [serving_chat.py:2938] Diffusion chat completed for request chatcmpl-c24395b833cb48d0: output_type=image, image_count=1
[0;36m(APIServer pid=1439463)[0;0m INFO:     127.0.0.1:53848 - "POST /v1/chat/completions HTTP/1.1" 200 OK
[0;36m(APIServer pid=1439463)[0;0m INFO 05-23 11:07:13 [serving_chat.py:2650] Diffusion chat request chatcmpl-797658dc301448b6: prompt='a high quality photo of a night snake, detailed, n...', ref_images=0, params={'extra_args': {'profile_mode': 'e2e_slo_first', 'profile_policy': 'current', 'profile_scale': 5.0, 'profile_trace_id': 'current_scale_5.0', 'profile_shape': '512x512'}, 'height': 512, 'width': 512, 'num_inference_steps': 50, 'seed': 1294, 'reference_cost_ms': 16651.144148781896, 'slo_ms': 83255.72074390948, 'arrival_time_s': 1779505633.814424, 'deadline_time_s': 1779505717.070145, 'client_request_id': 'current_scale_5.0-0060'}
[0;36m(APIServer pid=1439463)[0;0m INFO 05-23 11:07:13 [stage_diffusion_client.py:313] [StageDiffusionClient] stage-0 [rep-0] add request: chatcmpl-797658dc301448b6
[0;36m(APIServer pid=1439463)[0;0m INFO 05-23 11:07:18 [serving_chat.py:2650] Diffusion chat request chatcmpl-636dee3c9b5d4637: prompt='a realistic documentary photograph showing a boa c...', ref_images=0, params={'extra_args': {'profile_mode': 'e2e_slo_first', 'profile_policy': 'current', 'profile_scale': 5.0, 'profile_trace_id': 'current_scale_5.0', 'profile_shape': '768x768'}, 'height': 768, 'width': 768, 'num_inference_steps': 50, 'seed': 1295, 'reference_cost_ms': 16463.377065956593, 'slo_ms': 82316.88532978296, 'arrival_time_s': 1779505638.064424, 'deadline_time_s': 1779505720.3813093, 'client_request_id': 'current_scale_5.0-0061'}
[0;36m(APIServer pid=1439463)[0;0m INFO 05-23 11:07:18 [stage_diffusion_client.py:313] [StageDiffusionClient] stage-0 [rep-0] add request: chatcmpl-636dee3c9b5d4637
[0;36m(APIServer pid=1439463)[0;0m INFO 05-23 11:07:20 [serving_chat.py:2938] Diffusion chat completed for request chatcmpl-86505063ebc54d74: output_type=image, image_count=1
[0;36m(APIServer pid=1439463)[0;0m INFO:     127.0.0.1:41200 - "POST /v1/chat/completions HTTP/1.1" 200 OK
[0;36m(APIServer pid=1439463)[0;0m INFO 05-23 11:07:22 [serving_chat.py:2650] Diffusion chat request chatcmpl-1ca65777b64d473f: prompt='a sharp studio image of a rock python, clear compo...', ref_images=0, params={'extra_args': {'profile_mode': 'e2e_slo_first', 'profile_policy': 'current', 'profile_scale': 5.0, 'profile_trace_id': 'current_scale_5.0', 'profile_shape': '512x512'}, 'height': 512, 'width': 512, 'num_inference_steps': 50, 'seed': 1296, 'reference_cost_ms': 16651.144148781896, 'slo_ms': 83255.72074390948, 'arrival_time_s': 1779505642.314424, 'deadline_time_s': 1779505725.570145, 'client_request_id': 'current_scale_5.0-0062'}
[0;36m(APIServer pid=1439463)[0;0m INFO 05-23 11:07:22 [stage_diffusion_client.py:313] [StageDiffusionClient] stage-0 [rep-3] add request: chatcmpl-1ca65777b64d473f
[0;36m(APIServer pid=1439463)[0;0m INFO 05-23 11:07:23 [serving_chat.py:2938] Diffusion chat completed for request chatcmpl-d56e76de477645ef: output_type=image, image_count=1
[0;36m(APIServer pid=1439463)[0;0m INFO:     127.0.0.1:60086 - "POST /v1/chat/completions HTTP/1.1" 200 OK
[0;36m(APIServer pid=1439463)[0;0m INFO 05-23 11:07:23 [serving_chat.py:2938] Diffusion chat completed for request chatcmpl-e3d3df109c0a4f61: output_type=image, image_count=1
[0;36m(APIServer pid=1439463)[0;0m INFO 05-23 11:07:23 [serving_chat.py:2938] Diffusion chat completed for request chatcmpl-ddf4e0ef867a449b: output_type=image, image_count=1
[0;36m(APIServer pid=1439463)[0;0m INFO:     127.0.0.1:49928 - "POST /v1/chat/completions HTTP/1.1" 200 OK
[0;36m(APIServer pid=1439463)[0;0m INFO:     127.0.0.1:59188 - "POST /v1/chat/completions HTTP/1.1" 200 OK
[0;36m(APIServer pid=1439463)[0;0m INFO 05-23 11:07:25 [serving_chat.py:2938] Diffusion chat completed for request chatcmpl-6bc487c6877e4017: output_type=image, image_count=1
[0;36m(APIServer pid=1439463)[0;0m INFO:     127.0.0.1:44846 - "POST /v1/chat/completions HTTP/1.1" 200 OK
[0;36m(APIServer pid=1439463)[0;0m INFO 05-23 11:07:26 [serving_chat.py:2650] Diffusion chat request chatcmpl-02aa19e621fb4c06: prompt='a photo-realistic scene centered on a Indian cobra...', ref_images=0, params={'extra_args': {'profile_mode': 'e2e_slo_first', 'profile_policy': 'current', 'profile_scale': 5.0, 'profile_trace_id': 'current_scale_5.0', 'profile_shape': '768x768'}, 'height': 768, 'width': 768, 'num_inference_steps': 50, 'seed': 1297, 'reference_cost_ms': 16463.377065956593, 'slo_ms': 82316.88532978296, 'arrival_time_s': 1779505646.564424, 'deadline_time_s': 1779505728.8813093, 'client_request_id': 'current_scale_5.0-0063'}
[0;36m(APIServer pid=1439463)[0;0m INFO 05-23 11:07:26 [stage_diffusion_client.py:313] [StageDiffusionClient] stage-0 [rep-1] add request: chatcmpl-02aa19e621fb4c06
[0;36m(APIServer pid=1439463)[0;0m INFO 05-23 11:07:28 [serving_chat.py:2938] Diffusion chat completed for request chatcmpl-adf4785c0c7145e1: output_type=image, image_count=1
[0;36m(APIServer pid=1439463)[0;0m INFO:     127.0.0.1:40268 - "POST /v1/chat/completions HTTP/1.1" 200 OK
[0;36m(APIServer pid=1439463)[0;0m INFO 05-23 11:07:30 [serving_chat.py:2650] Diffusion chat request chatcmpl-28e5e9c8f2ff4cac: prompt='a high quality photo of a green mamba, detailed, n...', ref_images=0, params={'extra_args': {'profile_mode': 'e2e_slo_first', 'profile_policy': 'current', 'profile_scale': 5.0, 'profile_trace_id': 'current_scale_5.0', 'profile_shape': '1024x1024'}, 'height': 1024, 'width': 1024, 'num_inference_steps': 50, 'seed': 1298, 'reference_cost_ms': 23089.30584229529, 'slo_ms': 115446.52921147645, 'arrival_time_s': 1779505650.814424, 'deadline_time_s': 1779505766.2609532, 'client_request_id': 'current_scale_5.0-0064'}
[0;36m(APIServer pid=1439463)[0;0m INFO 05-23 11:07:30 [stage_diffusion_client.py:313] [StageDiffusionClient] stage-0 [rep-2] add request: chatcmpl-28e5e9c8f2ff4cac
[0;36m(APIServer pid=1439463)[0;0m INFO 05-23 11:07:35 [serving_chat.py:2650] Diffusion chat request chatcmpl-716c3e05208b45ad: prompt='a realistic documentary photograph showing a sea s...', ref_images=0, params={'extra_args': {'profile_mode': 'e2e_slo_first', 'profile_policy': 'current', 'profile_scale': 5.0, 'profile_trace_id': 'current_scale_5.0', 'profile_shape': '512x512'}, 'height': 512, 'width': 512, 'num_inference_steps': 50, 'seed': 1299, 'reference_cost_ms': 16651.144148781896, 'slo_ms': 83255.72074390948, 'arrival_time_s': 1779505655.064424, 'deadline_time_s': 1779505738.320145, 'client_request_id': 'current_scale_5.0-0065'}
[0;36m(APIServer pid=1439463)[0;0m INFO 05-23 11:07:35 [stage_diffusion_client.py:313] [StageDiffusionClient] stage-0 [rep-3] add request: chatcmpl-716c3e05208b45ad
[0;36m(APIServer pid=1439463)[0;0m INFO 05-23 11:07:37 [serving_chat.py:2938] Diffusion chat completed for request chatcmpl-3e3b594671964212: output_type=image, image_count=1
[0;36m(APIServer pid=1439463)[0;0m INFO:     127.0.0.1:60320 - "POST /v1/chat/completions HTTP/1.1" 200 OK
[0;36m(APIServer pid=1439463)[0;0m INFO 05-23 11:07:37 [serving_chat.py:2938] Diffusion chat completed for request chatcmpl-2c44f95136ea40ec: output_type=image, image_count=1
[0;36m(APIServer pid=1439463)[0;0m INFO:     127.0.0.1:60092 - "POST /v1/chat/completions HTTP/1.1" 200 OK
[0;36m(APIServer pid=1439463)[0;0m INFO 05-23 11:07:39 [serving_chat.py:2650] Diffusion chat request chatcmpl-d6f7df464dab45d9: prompt='a sharp studio image of a horned viper, clear comp...', ref_images=0, params={'extra_args': {'profile_mode': 'e2e_slo_first', 'profile_policy': 'current', 'profile_scale': 5.0, 'profile_trace_id': 'current_scale_5.0', 'profile_shape': '768x768'}, 'height': 768, 'width': 768, 'num_inference_steps': 50, 'seed': 1300, 'reference_cost_ms': 16463.377065956593, 'slo_ms': 82316.88532978296, 'arrival_time_s': 1779505659.314424, 'deadline_time_s': 1779505741.6313093, 'client_request_id': 'current_scale_5.0-0066'}
[0;36m(APIServer pid=1439463)[0;0m INFO 05-23 11:07:39 [stage_diffusion_client.py:313] [StageDiffusionClient] stage-0 [rep-2] add request: chatcmpl-d6f7df464dab45d9
[0;36m(APIServer pid=1439463)[0;0m INFO 05-23 11:07:41 [serving_chat.py:2938] Diffusion chat completed for request chatcmpl-1ca65777b64d473f: output_type=image, image_count=1
[0;36m(APIServer pid=1439463)[0;0m INFO:     127.0.0.1:41200 - "POST /v1/chat/completions HTTP/1.1" 200 OK
[0;36m(APIServer pid=1439463)[0;0m INFO 05-23 11:07:42 [serving_chat.py:2938] Diffusion chat completed for request chatcmpl-7d3f584551c4414a: output_type=image, image_count=1
[0;36m(APIServer pid=1439463)[0;0m INFO:     127.0.0.1:35620 - "POST /v1/chat/completions HTTP/1.1" 200 OK
[0;36m(APIServer pid=1439463)[0;0m INFO 05-23 11:07:42 [serving_chat.py:2938] Diffusion chat completed for request chatcmpl-797658dc301448b6: output_type=image, image_count=1
[0;36m(APIServer pid=1439463)[0;0m INFO:     127.0.0.1:53848 - "POST /v1/chat/completions HTTP/1.1" 200 OK
[0;36m(APIServer pid=1439463)[0;0m INFO 05-23 11:07:43 [serving_chat.py:2650] Diffusion chat request chatcmpl-4c2a8a2bbb4b4ec7: prompt='a photo-realistic scene centered on a diamondback,...', ref_images=0, params={'extra_args': {'profile_mode': 'e2e_slo_first', 'profile_policy': 'current', 'profile_scale': 5.0, 'profile_trace_id': 'current_scale_5.0', 'profile_shape': '512x512'}, 'height': 512, 'width': 512, 'num_inference_steps': 50, 'seed': 1301, 'reference_cost_ms': 16651.144148781896, 'slo_ms': 83255.72074390948, 'arrival_time_s': 1779505663.564424, 'deadline_time_s': 1779505746.820145, 'client_request_id': 'current_scale_5.0-0067'}
[0;36m(APIServer pid=1439463)[0;0m INFO 05-23 11:07:43 [stage_diffusion_client.py:313] [StageDiffusionClient] stage-0 [rep-0] add request: chatcmpl-4c2a8a2bbb4b4ec7
[0;36m(APIServer pid=1439463)[0;0m INFO 05-23 11:07:45 [serving_chat.py:2938] Diffusion chat completed for request chatcmpl-02aa19e621fb4c06: output_type=image, image_count=1
[0;36m(APIServer pid=1439463)[0;0m INFO:     127.0.0.1:60086 - "POST /v1/chat/completions HTTP/1.1" 200 OK
[0;36m(APIServer pid=1439463)[0;0m INFO 05-23 11:07:47 [serving_chat.py:2650] Diffusion chat request chatcmpl-8cbbcdcc9cc94489: prompt='a high quality photo of a sidewinder, detailed, na...', ref_images=0, params={'extra_args': {'profile_mode': 'e2e_slo_first', 'profile_policy': 'current', 'profile_scale': 5.0, 'profile_trace_id': 'current_scale_5.0', 'profile_shape': '768x768'}, 'height': 768, 'width': 768, 'num_inference_steps': 50, 'seed': 1302, 'reference_cost_ms': 16463.377065956593, 'slo_ms': 82316.88532978296, 'arrival_time_s': 1779505667.814424, 'deadline_time_s': 1779505750.1313093, 'client_request_id': 'current_scale_5.0-0068'}
[0;36m(APIServer pid=1439463)[0;0m INFO 05-23 11:07:47 [stage_diffusion_client.py:313] [StageDiffusionClient] stage-0 [rep-2] add request: chatcmpl-8cbbcdcc9cc94489
[0;36m(APIServer pid=1439463)[0;0m INFO 05-23 11:07:52 [serving_chat.py:2650] Diffusion chat request chatcmpl-e14b9614b51d4ded: prompt='a realistic documentary photograph showing a trilo...', ref_images=0, params={'extra_args': {'profile_mode': 'e2e_slo_first', 'profile_policy': 'current', 'profile_scale': 5.0, 'profile_trace_id': 'current_scale_5.0', 'profile_shape': '1024x1024'}, 'height': 1024, 'width': 1024, 'num_inference_steps': 50, 'seed': 1303, 'reference_cost_ms': 23089.30584229529, 'slo_ms': 115446.52921147645, 'arrival_time_s': 1779505672.064424, 'deadline_time_s': 1779505787.5109532, 'client_request_id': 'current_scale_5.0-0069'}
[0;36m(APIServer pid=1439463)[0;0m INFO 05-23 11:07:52 [stage_diffusion_client.py:313] [StageDiffusionClient] stage-0 [rep-1] add request: chatcmpl-e14b9614b51d4ded
[0;36m(APIServer pid=1439463)[0;0m INFO 05-23 11:07:53 [serving_chat.py:2938] Diffusion chat completed for request chatcmpl-716c3e05208b45ad: output_type=image, image_count=1
[0;36m(APIServer pid=1439463)[0;0m INFO:     127.0.0.1:59418 - "POST /v1/chat/completions HTTP/1.1" 200 OK
[0;36m(APIServer pid=1439463)[0;0m INFO 05-23 11:07:55 [serving_chat.py:2938] Diffusion chat completed for request chatcmpl-cece945c22cb4afe: output_type=image, image_count=1
[0;36m(APIServer pid=1439463)[0;0m INFO:     127.0.0.1:48392 - "POST /v1/chat/completions HTTP/1.1" 200 OK
[0;36m(APIServer pid=1439463)[0;0m INFO 05-23 11:07:56 [serving_chat.py:2650] Diffusion chat request chatcmpl-89992f8cd0ec4f4e: prompt='a sharp studio image of a harvestman, clear compos...', ref_images=0, params={'extra_args': {'profile_mode': 'e2e_slo_first', 'profile_policy': 'current', 'profile_scale': 5.0, 'profile_trace_id': 'current_scale_5.0', 'profile_shape': '512x512'}, 'height': 512, 'width': 512, 'num_inference_steps': 50, 'seed': 1304, 'reference_cost_ms': 16651.144148781896, 'slo_ms': 83255.72074390948, 'arrival_time_s': 1779505676.314424, 'deadline_time_s': 1779505759.570145, 'client_request_id': 'current_scale_5.0-0070'}
[0;36m(APIServer pid=1439463)[0;0m INFO 05-23 11:07:56 [stage_diffusion_client.py:313] [StageDiffusionClient] stage-0 [rep-1] add request: chatcmpl-89992f8cd0ec4f4e
[0;36m(APIServer pid=1439463)[0;0m INFO 05-23 11:07:59 [serving_chat.py:2938] Diffusion chat completed for request chatcmpl-636dee3c9b5d4637: output_type=image, image_count=1
[0;36m(APIServer pid=1439463)[0;0m INFO:     127.0.0.1:54032 - "POST /v1/chat/completions HTTP/1.1" 200 OK
[0;36m(APIServer pid=1439463)[0;0m INFO 05-23 11:08:00 [serving_chat.py:2650] Diffusion chat request chatcmpl-35ecab61d118470f: prompt='a photo-realistic scene centered on a scorpion, ba...', ref_images=0, params={'extra_args': {'profile_mode': 'e2e_slo_first', 'profile_policy': 'current', 'profile_scale': 5.0, 'profile_trace_id': 'current_scale_5.0', 'profile_shape': '768x768'}, 'height': 768, 'width': 768, 'num_inference_steps': 50, 'seed': 1305, 'reference_cost_ms': 16463.377065956593, 'slo_ms': 82316.88532978296, 'arrival_time_s': 1779505680.564424, 'deadline_time_s': 1779505762.8813093, 'client_request_id': 'current_scale_5.0-0071'}
[0;36m(APIServer pid=1439463)[0;0m INFO 05-23 11:08:00 [stage_diffusion_client.py:313] [StageDiffusionClient] stage-0 [rep-3] add request: chatcmpl-35ecab61d118470f
[0;36m(APIServer pid=1439463)[0;0m INFO 05-23 11:08:04 [serving_chat.py:2650] Diffusion chat request chatcmpl-d370f79947f04efe: prompt='a high quality photo of a black and gold garden sp...', ref_images=0, params={'extra_args': {'profile_mode': 'e2e_slo_first', 'profile_policy': 'current', 'profile_scale': 5.0, 'profile_trace_id': 'current_scale_5.0', 'profile_shape': '512x512'}, 'height': 512, 'width': 512, 'num_inference_steps': 50, 'seed': 1306, 'reference_cost_ms': 16651.144148781896, 'slo_ms': 83255.72074390948, 'arrival_time_s': 1779505684.814424, 'deadline_time_s': 1779505768.070145, 'client_request_id': 'current_scale_5.0-0072'}
[0;36m(APIServer pid=1439463)[0;0m INFO 05-23 11:08:04 [stage_diffusion_client.py:313] [StageDiffusionClient] stage-0 [rep-3] add request: chatcmpl-d370f79947f04efe
[0;36m(APIServer pid=1439463)[0;0m INFO 05-23 11:08:09 [serving_chat.py:2650] Diffusion chat request chatcmpl-1efcd2decf2540b9: prompt='a realistic documentary photograph showing a barn ...', ref_images=0, params={'extra_args': {'profile_mode': 'e2e_slo_first', 'profile_policy': 'current', 'profile_scale': 5.0, 'profile_trace_id': 'current_scale_5.0', 'profile_shape': '768x768'}, 'height': 768, 'width': 768, 'num_inference_steps': 50, 'seed': 1307, 'reference_cost_ms': 16463.377065956593, 'slo_ms': 82316.88532978296, 'arrival_time_s': 1779505689.064424, 'deadline_time_s': 1779505771.3813093, 'client_request_id': 'current_scale_5.0-0073'}
[0;36m(APIServer pid=1439463)[0;0m INFO 05-23 11:08:09 [stage_diffusion_client.py:313] [StageDiffusionClient] stage-0 [rep-2] add request: chatcmpl-1efcd2decf2540b9
[0;36m(APIServer pid=1439463)[0;0m INFO 05-23 11:08:13 [serving_chat.py:2650] Diffusion chat request chatcmpl-1c156bb9496249f2: prompt='a sharp studio image of a garden spider, clear com...', ref_images=0, params={'extra_args': {'profile_mode': 'e2e_slo_first', 'profile_policy': 'current', 'profile_scale': 5.0, 'profile_trace_id': 'current_scale_5.0', 'profile_shape': '1024x1024'}, 'height': 1024, 'width': 1024, 'num_inference_steps': 50, 'seed': 1308, 'reference_cost_ms': 23089.30584229529, 'slo_ms': 115446.52921147645, 'arrival_time_s': 1779505693.314424, 'deadline_time_s': 1779505808.7609532, 'client_request_id': 'current_scale_5.0-0074'}
[0;36m(APIServer pid=1439463)[0;0m INFO 05-23 11:08:13 [stage_diffusion_client.py:313] [StageDiffusionClient] stage-0 [rep-2] add request: chatcmpl-1c156bb9496249f2
[0;36m(APIServer pid=1439463)[0;0m INFO 05-23 11:08:15 [serving_chat.py:2938] Diffusion chat completed for request chatcmpl-4c2a8a2bbb4b4ec7: output_type=image, image_count=1
[0;36m(APIServer pid=1439463)[0;0m INFO:     127.0.0.1:41200 - "POST /v1/chat/completions HTTP/1.1" 200 OK
[0;36m(APIServer pid=1439463)[0;0m INFO 05-23 11:08:16 [serving_chat.py:2938] Diffusion chat completed for request chatcmpl-e14b9614b51d4ded: output_type=image, image_count=1
[0;36m(APIServer pid=1439463)[0;0m INFO:     127.0.0.1:56374 - "POST /v1/chat/completions HTTP/1.1" 200 OK
[0;36m(APIServer pid=1439463)[0;0m INFO 05-23 11:08:17 [serving_chat.py:2650] Diffusion chat request chatcmpl-40f7c43722304f20: prompt='a photo-realistic scene centered on a black widow,...', ref_images=0, params={'extra_args': {'profile_mode': 'e2e_slo_first', 'profile_policy': 'current', 'profile_scale': 5.0, 'profile_trace_id': 'current_scale_5.0', 'profile_shape': '512x512'}, 'height': 512, 'width': 512, 'num_inference_steps': 50, 'seed': 1309, 'reference_cost_ms': 16651.144148781896, 'slo_ms': 83255.72074390948, 'arrival_time_s': 1779505697.564424, 'deadline_time_s': 1779505780.820145, 'client_request_id': 'current_scale_5.0-0075'}
[0;36m(APIServer pid=1439463)[0;0m INFO 05-23 11:08:17 [stage_diffusion_client.py:313] [StageDiffusionClient] stage-0 [rep-2] add request: chatcmpl-40f7c43722304f20
[0;36m(APIServer pid=1439463)[0;0m INFO 05-23 11:08:18 [serving_chat.py:2938] Diffusion chat completed for request chatcmpl-35ecab61d118470f: output_type=image, image_count=1
[0;36m(APIServer pid=1439463)[0;0m INFO:     127.0.0.1:54032 - "POST /v1/chat/completions HTTP/1.1" 200 OK
[0;36m(APIServer pid=1439463)[0;0m INFO 05-23 11:08:21 [serving_chat.py:2650] Diffusion chat request chatcmpl-1137a49c9d334503: prompt='a high quality photo of a tarantula, detailed, nat...', ref_images=0, params={'extra_args': {'profile_mode': 'e2e_slo_first', 'profile_policy': 'current', 'profile_scale': 5.0, 'profile_trace_id': 'current_scale_5.0', 'profile_shape': '768x768'}, 'height': 768, 'width': 768, 'num_inference_steps': 50, 'seed': 1310, 'reference_cost_ms': 16463.377065956593, 'slo_ms': 82316.88532978296, 'arrival_time_s': 1779505701.814424, 'deadline_time_s': 1779505784.1313093, 'client_request_id': 'current_scale_5.0-0076'}
[0;36m(APIServer pid=1439463)[0;0m INFO 05-23 11:08:21 [stage_diffusion_client.py:313] [StageDiffusionClient] stage-0 [rep-2] add request: chatcmpl-1137a49c9d334503
[0;36m(APIServer pid=1439463)[0;0m INFO 05-23 11:08:26 [serving_chat.py:2650] Diffusion chat request chatcmpl-d481c83e220140d9: prompt='a realistic documentary photograph showing a wolf ...', ref_images=0, params={'extra_args': {'profile_mode': 'e2e_slo_first', 'profile_policy': 'current', 'profile_scale': 5.0, 'profile_trace_id': 'current_scale_5.0', 'profile_shape': '512x512'}, 'height': 512, 'width': 512, 'num_inference_steps': 50, 'seed': 1311, 'reference_cost_ms': 16651.144148781896, 'slo_ms': 83255.72074390948, 'arrival_time_s': 1779505706.064424, 'deadline_time_s': 1779505789.320145, 'client_request_id': 'current_scale_5.0-0077'}
[0;36m(APIServer pid=1439463)[0;0m INFO 05-23 11:08:26 [stage_diffusion_client.py:313] [StageDiffusionClient] stage-0 [rep-3] add request: chatcmpl-d481c83e220140d9
[0;36m(APIServer pid=1439463)[0;0m INFO 05-23 11:08:30 [serving_chat.py:2650] Diffusion chat request chatcmpl-e7f5f6578dae46e6: prompt='a sharp studio image of a tick, clear composition ...', ref_images=0, params={'extra_args': {'profile_mode': 'e2e_slo_first', 'profile_policy': 'current', 'profile_scale': 5.0, 'profile_trace_id': 'current_scale_5.0', 'profile_shape': '768x768'}, 'height': 768, 'width': 768, 'num_inference_steps': 50, 'seed': 1312, 'reference_cost_ms': 16463.377065956593, 'slo_ms': 82316.88532978296, 'arrival_time_s': 1779505710.314424, 'deadline_time_s': 1779505792.6313093, 'client_request_id': 'current_scale_5.0-0078'}
[0;36m(APIServer pid=1439463)[0;0m INFO 05-23 11:08:30 [stage_diffusion_client.py:313] [StageDiffusionClient] stage-0 [rep-3] add request: chatcmpl-e7f5f6578dae46e6
[0;36m(APIServer pid=1439463)[0;0m INFO 05-23 11:08:33 [serving_chat.py:2938] Diffusion chat completed for request chatcmpl-89992f8cd0ec4f4e: output_type=image, image_count=1
[0;36m(APIServer pid=1439463)[0;0m INFO:     127.0.0.1:59418 - "POST /v1/chat/completions HTTP/1.1" 200 OK
[0;36m(APIServer pid=1439463)[0;0m INFO 05-23 11:08:34 [serving_chat.py:2650] Diffusion chat request chatcmpl-191f858d495f4177: prompt='a photo-realistic scene centered on a centipede, b...', ref_images=0, params={'extra_args': {'profile_mode': 'e2e_slo_first', 'profile_policy': 'current', 'profile_scale': 5.0, 'profile_trace_id': 'current_scale_5.0', 'profile_shape': '1024x1024'}, 'height': 1024, 'width': 1024, 'num_inference_steps': 50, 'seed': 1313, 'reference_cost_ms': 23089.30584229529, 'slo_ms': 115446.52921147645, 'arrival_time_s': 1779505714.564424, 'deadline_time_s': 1779505830.0109532, 'client_request_id': 'current_scale_5.0-0079'}
[0;36m(APIServer pid=1439463)[0;0m INFO 05-23 11:08:34 [stage_diffusion_client.py:313] [StageDiffusionClient] stage-0 [rep-3] add request: chatcmpl-191f858d495f4177
[0;36m(APIServer pid=1439463)[0;0m INFO 05-23 11:08:36 [serving_chat.py:2938] Diffusion chat completed for request chatcmpl-d370f79947f04efe: output_type=image, image_count=1
[0;36m(APIServer pid=1439463)[0;0m INFO:     127.0.0.1:44922 - "POST /v1/chat/completions HTTP/1.1" 200 OK
[0;36m(APIServer pid=1439463)[0;0m INFO 05-23 11:08:44 [serving_chat.py:2938] Diffusion chat completed for request chatcmpl-d481c83e220140d9: output_type=image, image_count=1
[0;36m(APIServer pid=1439463)[0;0m INFO:     127.0.0.1:39204 - "POST /v1/chat/completions HTTP/1.1" 200 OK
[0;36m(APIServer pid=1439463)[0;0m INFO 05-23 11:08:59 [serving_chat.py:2938] Diffusion chat completed for request chatcmpl-4a7557288f0d4073: output_type=image, image_count=1
[0;36m(APIServer pid=1439463)[0;0m INFO:     127.0.0.1:43052 - "POST /v1/chat/completions HTTP/1.1" 200 OK
[0;36m(APIServer pid=1439463)[0;0m INFO 05-23 11:08:59 [serving_chat.py:2938] Diffusion chat completed for request chatcmpl-28e5e9c8f2ff4cac: output_type=image, image_count=1
[0;36m(APIServer pid=1439463)[0;0m INFO 05-23 11:09:00 [serving_chat.py:2938] Diffusion chat completed for request chatcmpl-96a3b6428cae42ff: output_type=image, image_count=1
[0;36m(APIServer pid=1439463)[0;0m INFO:     127.0.0.1:44846 - "POST /v1/chat/completions HTTP/1.1" 200 OK
[0;36m(APIServer pid=1439463)[0;0m INFO:     127.0.0.1:53836 - "POST /v1/chat/completions HTTP/1.1" 200 OK
[0;36m(APIServer pid=1439463)[0;0m INFO 05-23 11:09:02 [serving_chat.py:2938] Diffusion chat completed for request chatcmpl-e7f5f6578dae46e6: output_type=image, image_count=1
[0;36m(APIServer pid=1439463)[0;0m INFO:     127.0.0.1:39206 - "POST /v1/chat/completions HTTP/1.1" 200 OK
[0;36m(APIServer pid=1439463)[0;0m INFO 05-23 11:09:26 [serving_chat.py:2938] Diffusion chat completed for request chatcmpl-191f858d495f4177: output_type=image, image_count=1
[0;36m(APIServer pid=1439463)[0;0m INFO:     127.0.0.1:59418 - "POST /v1/chat/completions HTTP/1.1" 200 OK
[0;36m(APIServer pid=1439463)[0;0m INFO 05-23 11:09:35 [serving_chat.py:2938] Diffusion chat completed for request chatcmpl-8cbbcdcc9cc94489: output_type=image, image_count=1
[0;36m(APIServer pid=1439463)[0;0m INFO:     127.0.0.1:60086 - "POST /v1/chat/completions HTTP/1.1" 200 OK
[0;36m(APIServer pid=1439463)[0;0m INFO 05-23 11:09:35 [serving_chat.py:2938] Diffusion chat completed for request chatcmpl-d6f7df464dab45d9: output_type=image, image_count=1
[0;36m(APIServer pid=1439463)[0;0m INFO 05-23 11:09:35 [serving_chat.py:2938] Diffusion chat completed for request chatcmpl-1efcd2decf2540b9: output_type=image, image_count=1
[0;36m(APIServer pid=1439463)[0;0m INFO:     127.0.0.1:60320 - "POST /v1/chat/completions HTTP/1.1" 200 OK
[0;36m(APIServer pid=1439463)[0;0m INFO:     127.0.0.1:44926 - "POST /v1/chat/completions HTTP/1.1" 200 OK
[0;36m(APIServer pid=1439463)[0;0m INFO 05-23 11:09:58 [serving_chat.py:2938] Diffusion chat completed for request chatcmpl-1c156bb9496249f2: output_type=image, image_count=1
[0;36m(APIServer pid=1439463)[0;0m INFO:     127.0.0.1:44934 - "POST /v1/chat/completions HTTP/1.1" 200 OK
[0;36m(APIServer pid=1439463)[0;0m INFO 05-23 11:10:15 [serving_chat.py:2938] Diffusion chat completed for request chatcmpl-40f7c43722304f20: output_type=image, image_count=1
[0;36m(APIServer pid=1439463)[0;0m INFO:     127.0.0.1:41200 - "POST /v1/chat/completions HTTP/1.1" 200 OK
[0;36m(APIServer pid=1439463)[0;0m INFO 05-23 11:10:32 [serving_chat.py:2938] Diffusion chat completed for request chatcmpl-1137a49c9d334503: output_type=image, image_count=1
[0;36m(APIServer pid=1439463)[0;0m INFO:     127.0.0.1:54032 - "POST /v1/chat/completions HTTP/1.1" 200 OK
[0;36m(APIServer pid=1439463)[0;0m INFO:     Shutting down
[0;36m(APIServer pid=1439463)[0;0m INFO:     Waiting for application shutdown.
[0;36m(APIServer pid=1439463)[0;0m INFO:     Application shutdown complete.
[0;36m(APIServer pid=1439463)[0;0m INFO:     Finished server process [1439463]
[0;36m(APIServer pid=1439463)[0;0m INFO 05-23 11:10:50 [omni_base.py:463] [AsyncOmni] Shutting down
[0;36m(APIServer pid=1439463)[0;0m INFO 05-23 11:10:50 [async_omni_engine.py:2406] [AsyncOmniEngine] Shutting down Orchestrator
[0;36m(APIServer pid=1439463)[0;0m INFO 05-23 11:10:50 [orchestrator.py:351] [Orchestrator] Received shutdown signal
[0;36m(APIServer pid=1439463)[0;0m INFO 05-23 11:10:50 [orchestrator.py:1359] [Orchestrator] Shutting down all 4 client(s)
Exception in thread Thread-2:
Traceback (most recent call last):
  File "/home/lzg/.local/share/uv/python/cpython-3.11.15-linux-aarch64-gnu/lib/python3.11/threading.py", line 1045, in _bootstrap_inner
    self.run()
  File "/usr/local/Ascend/cann-8.5.1/python/site-packages/tbe/common/repository_manager/utils/multiprocess_util.py", line 68, in run
    item = self.task_q.get()
           ^^^^^^^^^^^^^^^^^
  File "<string>", line 2, in get
  File "/home/lzg/.local/share/uv/python/cpython-3.11.15-linux-aarch64-gnu/lib/python3.11/multiprocessing/managers.py", line 822, in _callmethod
    kind, result = conn.recv()
                   ^^^^^^^^^^^
  File "/home/lzg/.local/share/uv/python/cpython-3.11.15-linux-aarch64-gnu/lib/python3.11/multiprocessing/connection.py", line 250, in recv
    buf = self._recv_bytes()
          ^^^^^^^^^^^^^^^^^^
  File "/home/lzg/.local/share/uv/python/cpython-3.11.15-linux-aarch64-gnu/lib/python3.11/multiprocessing/connection.py", line 430, in _recv_bytes
    buf = self._recv(4)
          ^^^^^^^^^^^^^
  File "/home/lzg/.local/share/uv/python/cpython-3.11.15-linux-aarch64-gnu/lib/python3.11/multiprocessing/connection.py", line 399, in _recv
    raise EOFError
EOFError
Exception in thread Thread-2:
Traceback (most recent call last):
  File "/home/lzg/.local/share/uv/python/cpython-3.11.15-linux-aarch64-gnu/lib/python3.11/threading.py", line 1045, in _bootstrap_inner
Exception in thread Thread-2:
Traceback (most recent call last):
  File "/home/lzg/.local/share/uv/python/cpython-3.11.15-linux-aarch64-gnu/lib/python3.11/threading.py", line 1045, in _bootstrap_inner
    self.run()
  File "/usr/local/Ascend/cann-8.5.1/python/site-packages/tbe/common/repository_manager/utils/multiprocess_util.py", line 68, in run
    item = self.task_q.get()
           ^^^^^^^^^^^^^^^^^
  File "<string>", line 2, in get
  File "/home/lzg/.local/share/uv/python/cpython-3.11.15-linux-aarch64-gnu/lib/python3.11/multiprocessing/managers.py", line 822, in _callmethod
    self.run()
    kind, result = conn.recv()
  File "/usr/local/Ascend/cann-8.5.1/python/site-packages/tbe/common/repository_manager/utils/multiprocess_util.py", line 68, in run
                   ^^^^^^^^^^^
  File "/home/lzg/.local/share/uv/python/cpython-3.11.15-linux-aarch64-gnu/lib/python3.11/multiprocessing/connection.py", line 250, in recv
    item = self.task_q.get()
    buf = self._recv_bytes()
           ^^^^^^^^^^^^^^^^^
          ^^^^^^^^^^^^^^^^^^
  File "<string>", line 2, in get
  File "/home/lzg/.local/share/uv/python/cpython-3.11.15-linux-aarch64-gnu/lib/python3.11/multiprocessing/connection.py", line 430, in _recv_bytes
  File "/home/lzg/.local/share/uv/python/cpython-3.11.15-linux-aarch64-gnu/lib/python3.11/multiprocessing/managers.py", line 822, in _callmethod
    buf = self._recv(4)
          ^^^^^^^^^^^^^
  File "/home/lzg/.local/share/uv/python/cpython-3.11.15-linux-aarch64-gnu/lib/python3.11/multiprocessing/connection.py", line 399, in _recv
    kind, result = conn.recv()
                   ^^^^^^^^^^^
  File "/home/lzg/.local/share/uv/python/cpython-3.11.15-linux-aarch64-gnu/lib/python3.11/multiprocessing/connection.py", line 250, in recv
    raise EOFError
EOFError
    buf = self._recv_bytes()
          ^^^^^^^^^^^^^^^^^^
  File "/home/lzg/.local/share/uv/python/cpython-3.11.15-linux-aarch64-gnu/lib/python3.11/multiprocessing/connection.py", line 430, in _recv_bytes
    buf = self._recv(4)
          ^^^^^^^^^^^^^
  File "/home/lzg/.local/share/uv/python/cpython-3.11.15-linux-aarch64-gnu/lib/python3.11/multiprocessing/connection.py", line 399, in _recv
    raise EOFError
EOFError
Exception in thread Thread-2:
Traceback (most recent call last):
  File "/home/lzg/.local/share/uv/python/cpython-3.11.15-linux-aarch64-gnu/lib/python3.11/threading.py", line 1045, in _bootstrap_inner
    self.run()
  File "/usr/local/Ascend/cann-8.5.1/python/site-packages/tbe/common/repository_manager/utils/multiprocess_util.py", line 68, in run
    item = self.task_q.get()
           ^^^^^^^^^^^^^^^^^
  File "<string>", line 2, in get
  File "/home/lzg/.local/share/uv/python/cpython-3.11.15-linux-aarch64-gnu/lib/python3.11/multiprocessing/managers.py", line 822, in _callmethod
    kind, result = conn.recv()
                   ^^^^^^^^^^^
  File "/home/lzg/.local/share/uv/python/cpython-3.11.15-linux-aarch64-gnu/lib/python3.11/multiprocessing/connection.py", line 250, in recv
    buf = self._recv_bytes()
          ^^^^^^^^^^^^^^^^^^
  File "/home/lzg/.local/share/uv/python/cpython-3.11.15-linux-aarch64-gnu/lib/python3.11/multiprocessing/connection.py", line 430, in _recv_bytes
    buf = self._recv(4)
          ^^^^^^^^^^^^^
  File "/home/lzg/.local/share/uv/python/cpython-3.11.15-linux-aarch64-gnu/lib/python3.11/multiprocessing/connection.py", line 399, in _recv
    raise EOFError
EOFError
Exception in thread Thread-2:
Traceback (most recent call last):
  File "/home/lzg/.local/share/uv/python/cpython-3.11.15-linux-aarch64-gnu/lib/python3.11/threading.py", line 1045, in _bootstrap_inner
    self.run()
  File "/usr/local/Ascend/cann-8.5.1/python/site-packages/tbe/common/repository_manager/utils/multiprocess_util.py", line 68, in run
    item = self.task_q.get()
           ^^^^^^^^^^^^^^^^^
  File "<string>", line 2, in get
  File "/home/lzg/.local/share/uv/python/cpython-3.11.15-linux-aarch64-gnu/lib/python3.11/multiprocessing/managers.py", line 822, in _callmethod
    kind, result = conn.recv()
                   ^^^^^^^^^^^
  File "/home/lzg/.local/share/uv/python/cpython-3.11.15-linux-aarch64-gnu/lib/python3.11/multiprocessing/connection.py", line 250, in recv
    buf = self._recv_bytes()
          ^^^^^^^^^^^^^^^^^^
  File "/home/lzg/.local/share/uv/python/cpython-3.11.15-linux-aarch64-gnu/lib/python3.11/multiprocessing/connection.py", line 430, in _recv_bytes
    buf = self._recv(4)
          ^^^^^^^^^^^^^
  File "/home/lzg/.local/share/uv/python/cpython-3.11.15-linux-aarch64-gnu/lib/python3.11/multiprocessing/connection.py", line 399, in _recv
    raise EOFError
EOFError
Exception in thread Thread-2:
Traceback (most recent call last):
  File "/home/lzg/.local/share/uv/python/cpython-3.11.15-linux-aarch64-gnu/lib/python3.11/threading.py", line 1045, in _bootstrap_inner
    self.run()
  File "/usr/local/Ascend/cann-8.5.1/python/site-packages/tbe/common/repository_manager/utils/multiprocess_util.py", line 68, in run
    item = self.task_q.get()
           ^^^^^^^^^^^^^^^^^
  File "<string>", line 2, in get
  File "/home/lzg/.local/share/uv/python/cpython-3.11.15-linux-aarch64-gnu/lib/python3.11/multiprocessing/managers.py", line 822, in _callmethod
    kind, result = conn.recv()
                   ^^^^^^^^^^^
  File "/home/lzg/.local/share/uv/python/cpython-3.11.15-linux-aarch64-gnu/lib/python3.11/multiprocessing/connection.py", line 250, in recv
    buf = self._recv_bytes()
          ^^^^^^^^^^^^^^^^^^
  File "/home/lzg/.local/share/uv/python/cpython-3.11.15-linux-aarch64-gnu/lib/python3.11/multiprocessing/connection.py", line 430, in _recv_bytes
    buf = self._recv(4)
          ^^^^^^^^^^^^^
  File "/home/lzg/.local/share/uv/python/cpython-3.11.15-linux-aarch64-gnu/lib/python3.11/multiprocessing/connection.py", line 399, in _recv
    raise EOFError
EOFError
Exception in thread Thread-2:
Traceback (most recent call last):
  File "/home/lzg/.local/share/uv/python/cpython-3.11.15-linux-aarch64-gnu/lib/python3.11/threading.py", line 1045, in _bootstrap_inner
    self.run()
  File "/usr/local/Ascend/cann-8.5.1/python/site-packages/tbe/common/repository_manager/utils/multiprocess_util.py", line 68, in run
    item = self.task_q.get()
           ^^^^^^^^^^^^^^^^^
  File "<string>", line 2, in get
  File "/home/lzg/.local/share/uv/python/cpython-3.11.15-linux-aarch64-gnu/lib/python3.11/multiprocessing/managers.py", line 822, in _callmethod
    kind, result = conn.recv()
                   ^^^^^^^^^^^
  File "/home/lzg/.local/share/uv/python/cpython-3.11.15-linux-aarch64-gnu/lib/python3.11/multiprocessing/connection.py", line 250, in recv
    buf = self._recv_bytes()
          ^^^^^^^^^^^^^^^^^^
  File "/home/lzg/.local/share/uv/python/cpython-3.11.15-linux-aarch64-gnu/lib/python3.11/multiprocessing/connection.py", line 430, in _recv_bytes
    buf = self._recv(4)
          ^^^^^^^^^^^^^
  File "/home/lzg/.local/share/uv/python/cpython-3.11.15-linux-aarch64-gnu/lib/python3.11/multiprocessing/connection.py", line 399, in _recv
    raise EOFError
EOFError
Exception in thread Thread-2:
Traceback (most recent call last):
  File "/home/lzg/.local/share/uv/python/cpython-3.11.15-linux-aarch64-gnu/lib/python3.11/threading.py", line 1045, in _bootstrap_inner
    self.run()
  File "/usr/local/Ascend/cann-8.5.1/python/site-packages/tbe/common/repository_manager/utils/multiprocess_util.py", line 68, in run
    item = self.task_q.get()
           ^^^^^^^^^^^^^^^^^
  File "<string>", line 2, in get
  File "/home/lzg/.local/share/uv/python/cpython-3.11.15-linux-aarch64-gnu/lib/python3.11/multiprocessing/managers.py", line 822, in _callmethod
    kind, result = conn.recv()
                   ^^^^^^^^^^^
  File "/home/lzg/.local/share/uv/python/cpython-3.11.15-linux-aarch64-gnu/lib/python3.11/multiprocessing/connection.py", line 250, in recv
    buf = self._recv_bytes()
          ^^^^^^^^^^^^^^^^^^
  File "/home/lzg/.local/share/uv/python/cpython-3.11.15-linux-aarch64-gnu/lib/python3.11/multiprocessing/connection.py", line 430, in _recv_bytes
    buf = self._recv(4)
          ^^^^^^^^^^^^^
  File "/home/lzg/.local/share/uv/python/cpython-3.11.15-linux-aarch64-gnu/lib/python3.11/multiprocessing/connection.py", line 399, in _recv
    raise EOFError
EOFError
[0;36m(APIServer pid=1439463)[0;0m INFO 05-23 11:10:59 [stage_pool.py:1236] [StagePool] Stage 0 replica 0 shut down
[0;36m(APIServer pid=1439463)[0;0m INFO 05-23 11:10:59 [stage_pool.py:1236] [StagePool] Stage 0 replica 1 shut down
[0;36m(APIServer pid=1439463)[0;0m INFO 05-23 11:11:00 [stage_pool.py:1236] [StagePool] Stage 0 replica 2 shut down
[0;36m(APIServer pid=1439463)[0;0m WARNING 05-23 11:11:00 [async_omni_engine.py:2415] [AsyncOmniEngine] Orchestrator thread did not exit in time
[0;36m(APIServer pid=1439463)[0;0m INFO 05-23 11:11:00 [stage_pool.py:1236] [StagePool] Stage 0 replica 3 shut down
[0;36m(APIServer pid=1439463)[0;0m INFO 05-23 11:11:04 [stage_engine_startup.py:412] [OmniMasterServer] Server thread exiting.
[0;36m(APIServer pid=1439463)[0;0m sys:1: DeprecationWarning: builtin type swigvarlink has no __module__ attribute
/home/lzg/.local/share/uv/python/cpython-3.11.15-linux-aarch64-gnu/lib/python3.11/multiprocessing/resource_tracker.py:254: UserWarning: resource_tracker: There appear to be 248 leaked semaphore objects to clean up at shutdown
  warnings.warn('resource_tracker: There appear to be %d '
/home/lzg/.local/share/uv/python/cpython-3.11.15-linux-aarch64-gnu/lib/python3.11/multiprocessing/resource_tracker.py:254: UserWarning: resource_tracker: There appear to be 4 leaked shared_memory objects to clean up at shutdown
  warnings.warn('resource_tracker: There appear to be %d '
