workload,interarrival_s,policy,repeat,slo_scale,profile_trace_id,replica_id,shape_key,sched_req_id,status,resident,remaining_steps,optimistic_laxity_ms,projected_laxity_ms,would_drop_admission,would_drop_step,projected_miss
current-mix,2.5,slo_no_preemption_pard_dry_run,0,4.0,current-mix_ia_2p5_slo_no_preemption_pard_dry_run_r0_scale_4,0,1024x1024,chatcmpl-2bbafc4c29614441,WAITING,False,50,-64.80539031326771,-1657.1271400898695,True,False,True
current-mix,2.5,slo_no_preemption_pard_dry_run,0,4.0,current-mix_ia_2p5_slo_no_preemption_pard_dry_run_r0_scale_4,0,1024x1024,chatcmpl-2bbafc4c29614441,WAITING,False,50,-528.0703324824572,-2120.392082259059,True,False,True
current-mix,2.5,slo_no_preemption_pard_dry_run,0,4.0,current-mix_ia_2p5_slo_no_preemption_pard_dry_run_r0_scale_4,0,1024x1024,chatcmpl-2bbafc4c29614441,WAITING,False,50,-993.9731378108263,-2586.294887587428,True,False,True
current-mix,2.5,slo_no_preemption_pard_dry_run,0,4.0,current-mix_ia_2p5_slo_no_preemption_pard_dry_run_r0_scale_4,0,1024x1024,chatcmpl-2bbafc4c29614441,WAITING,False,50,-1458.0284375697374,-3050.350187346339,True,False,True
current-mix,2.5,slo_no_preemption_pard_dry_run,0,4.0,current-mix_ia_2p5_slo_no_preemption_pard_dry_run_r0_scale_4,0,1024x1024,chatcmpl-2bbafc4c29614441,WAITING,False,50,-1922.4191922694445,-3514.7409420460463,True,False,True
current-mix,2.5,slo_no_preemption_pard_dry_run,0,4.0,current-mix_ia_2p5_slo_no_preemption_pard_dry_run_r0_scale_4,0,1024x1024,chatcmpl-2bbafc4c29614441,WAITING,False,50,-2386.0777635127306,-3978.3995132893324,True,False,True
current-mix,2.5,slo_no_preemption_pard_dry_run,0,4.0,current-mix_ia_2p5_slo_no_preemption_pard_dry_run_r0_scale_4,0,1024x1024,chatcmpl-2bbafc4c29614441,WAITING,False,50,-2849.0263242274523,-4441.348074004054,True,False,True
current-mix,2.5,slo_no_preemption_pard_dry_run,0,4.0,current-mix_ia_2p5_slo_no_preemption_pard_dry_run_r0_scale_4,0,1024x1024,chatcmpl-2bbafc4c29614441,WAITING,False,50,-3311.6549272090197,-4903.976676985621,True,False,True
current-mix,2.5,slo_no_preemption_pard_dry_run,0,4.0,current-mix_ia_2p5_slo_no_preemption_pard_dry_run_r0_scale_4,0,1024x1024,chatcmpl-2bbafc4c29614441,WAITING,False,50,-3774.8271245509386,-5367.14887432754,True,False,True
current-mix,2.5,slo_no_preemption_pard_dry_run,0,4.0,current-mix_ia_2p5_slo_no_preemption_pard_dry_run_r0_scale_4,0,1024x1024,chatcmpl-28260246cbba441b,WAITING,False,50,1225.1728754490614,-367.1488743275404,False,False,True
current-mix,2.5,slo_no_preemption_pard_dry_run,0,4.0,current-mix_ia_2p5_slo_no_preemption_pard_dry_run_r0_scale_4,0,1024x1024,chatcmpl-2bbafc4c29614441,WAITING,False,50,-4237.724663689733,-5830.046413466334,True,False,True
current-mix,2.5,slo_no_preemption_pard_dry_run,0,4.0,current-mix_ia_2p5_slo_no_preemption_pard_dry_run_r0_scale_4,0,1024x1024,chatcmpl-28260246cbba441b,WAITING,False,50,762.2753363102674,-830.0464134663343,False,False,True
current-mix,2.5,slo_no_preemption_pard_dry_run,0,4.0,current-mix_ia_2p5_slo_no_preemption_pard_dry_run_r0_scale_4,0,1024x1024,chatcmpl-2bbafc4c29614441,WAITING,False,50,-4701.365830376744,-6293.687580153346,True,False,True
current-mix,2.5,slo_no_preemption_pard_dry_run,0,4.0,current-mix_ia_2p5_slo_no_preemption_pard_dry_run_r0_scale_4,0,1024x1024,chatcmpl-28260246cbba441b,WAITING,False,50,298.63416962325573,-1293.687580153346,False,False,True
current-mix,2.5,slo_no_preemption_pard_dry_run,0,4.0,current-mix_ia_2p5_slo_no_preemption_pard_dry_run_r0_scale_4,0,1024x1024,chatcmpl-2bbafc4c29614441,WAITING,False,50,-5164.506079629064,-6756.827829405665,True,False,True
current-mix,2.5,slo_no_preemption_pard_dry_run,0,4.0,current-mix_ia_2p5_slo_no_preemption_pard_dry_run_r0_scale_4,0,1024x1024,chatcmpl-28260246cbba441b,WAITING,False,50,-164.5060796290636,-1756.8278294056654,True,False,True
current-mix,2.5,slo_no_preemption_pard_dry_run,0,4.0,current-mix_ia_2p5_slo_no_preemption_pard_dry_run_r0_scale_4,0,1024x1024,chatcmpl-2bbafc4c29614441,WAITING,False,50,-5626.939656212926,-7219.261405989528,True,False,True
current-mix,2.5,slo_no_preemption_pard_dry_run,0,4.0,current-mix_ia_2p5_slo_no_preemption_pard_dry_run_r0_scale_4,0,1024x1024,chatcmpl-28260246cbba441b,WAITING,False,50,-626.9396562129259,-2219.2614059895277,True,False,True
current-mix,2.5,slo_no_preemption_pard_dry_run,0,4.0,current-mix_ia_2p5_slo_no_preemption_pard_dry_run_r0_scale_4,0,1024x1024,chatcmpl-2bbafc4c29614441,WAITING,False,50,-6089.8152608424425,-7682.137010619044,True,False,True
current-mix,2.5,slo_no_preemption_pard_dry_run,0,4.0,current-mix_ia_2p5_slo_no_preemption_pard_dry_run_r0_scale_4,0,1024x1024,chatcmpl-28260246cbba441b,WAITING,False,50,-1089.8152608424425,-2682.1370106190443,True,False,True
current-mix,2.5,slo_no_preemption_pard_dry_run,0,4.0,current-mix_ia_2p5_slo_no_preemption_pard_dry_run_r0_scale_4,0,1024x1024,chatcmpl-2bbafc4c29614441,WAITING,False,50,-6552.87110991776,-8145.192859694362,True,False,True
current-mix,2.5,slo_no_preemption_pard_dry_run,0,4.0,current-mix_ia_2p5_slo_no_preemption_pard_dry_run_r0_scale_4,0,1024x1024,chatcmpl-28260246cbba441b,WAITING,False,50,-1552.87110991776,-3145.1928596943617,True,False,True
current-mix,2.5,slo_no_preemption_pard_dry_run,0,4.0,current-mix_ia_2p5_slo_no_preemption_pard_dry_run_r0_scale_4,0,1024x1024,chatcmpl-2bbafc4c29614441,WAITING,False,50,-7016.231181100011,-8608.552930876613,True,False,True
current-mix,2.5,slo_no_preemption_pard_dry_run,0,4.0,current-mix_ia_2p5_slo_no_preemption_pard_dry_run_r0_scale_4,0,1024x1024,chatcmpl-28260246cbba441b,WAITING,False,50,-2016.2311811000109,-3608.5529308766127,True,False,True
current-mix,2.5,slo_no_preemption_pard_dry_run,0,4.0,current-mix_ia_2p5_slo_no_preemption_pard_dry_run_r0_scale_4,0,1024x1024,chatcmpl-2bbafc4c29614441,WAITING,False,50,-7479.023816064,-9071.345565840602,True,False,True
current-mix,2.5,slo_no_preemption_pard_dry_run,0,4.0,current-mix_ia_2p5_slo_no_preemption_pard_dry_run_r0_scale_4,0,1024x1024,chatcmpl-28260246cbba441b,WAITING,False,50,-2479.023816064,-4071.345565840602,True,False,True
current-mix,2.5,slo_no_preemption_pard_dry_run,0,4.0,current-mix_ia_2p5_slo_no_preemption_pard_dry_run_r0_scale_4,0,1024x1024,chatcmpl-2bbafc4c29614441,WAITING,False,50,-7941.945673897862,-9534.267423674464,True,False,True
current-mix,2.5,slo_no_preemption_pard_dry_run,0,4.0,current-mix_ia_2p5_slo_no_preemption_pard_dry_run_r0_scale_4,0,1024x1024,chatcmpl-28260246cbba441b,WAITING,False,50,-2941.9456738978624,-4534.267423674464,True,False,True
current-mix,2.5,slo_no_preemption_pard_dry_run,0,4.0,current-mix_ia_2p5_slo_no_preemption_pard_dry_run_r0_scale_4,0,1024x1024,chatcmpl-2bbafc4c29614441,WAITING,False,50,-8405.151726678014,-9997.473476454616,True,False,True
current-mix,2.5,slo_no_preemption_pard_dry_run,0,4.0,current-mix_ia_2p5_slo_no_preemption_pard_dry_run_r0_scale_4,0,1024x1024,chatcmpl-28260246cbba441b,WAITING,False,50,-3405.151726678014,-4997.473476454616,True,False,True
current-mix,2.5,slo_no_preemption_pard_dry_run,0,4.0,current-mix_ia_2p5_slo_no_preemption_pard_dry_run_r0_scale_4,0,1024x1024,chatcmpl-2bbafc4c29614441,WAITING,False,50,-8872.259022668004,-10464.580772444606,True,False,True
current-mix,2.5,slo_no_preemption_pard_dry_run,0,4.0,current-mix_ia_2p5_slo_no_preemption_pard_dry_run_r0_scale_4,0,1024x1024,chatcmpl-28260246cbba441b,WAITING,False,50,-3872.259022668004,-5464.580772444606,True,False,True
current-mix,2.5,slo_no_preemption_pard_dry_run,0,4.0,current-mix_ia_2p5_slo_no_preemption_pard_dry_run_r0_scale_4,0,512x512,chatcmpl-2bbafc4c29614441,WAITING,False,50,-9832.655312493443,-11424.977062270045,True,False,True
current-mix,2.5,slo_no_preemption_pard_dry_run,0,4.0,current-mix_ia_2p5_slo_no_preemption_pard_dry_run_r0_scale_4,0,512x512,chatcmpl-28260246cbba441b,WAITING,False,50,-4832.6553124934435,-6424.977062270045,True,False,True
current-mix,2.5,slo_no_preemption_pard_dry_run,0,4.0,current-mix_ia_2p5_slo_no_preemption_pard_dry_run_r0_scale_4,0,512x512,chatcmpl-2bbafc4c29614441,RUNNING,True,49,-10114.846300520003,-11675.321615301073,False,True,True
current-mix,2.5,slo_no_preemption_pard_dry_run,0,4.0,current-mix_ia_2p5_slo_no_preemption_pard_dry_run_r0_scale_4,0,512x512,chatcmpl-28260246cbba441b,RUNNING,True,49,-5114.846300520003,-6675.321615301073,False,True,True
current-mix,2.5,slo_no_preemption_pard_dry_run,0,4.0,current-mix_ia_2p5_slo_no_preemption_pard_dry_run_r0_scale_4,0,512x512,chatcmpl-2bbafc4c29614441,RUNNING,True,48,-10174.11114871502,-11702.740028500557,False,True,True
current-mix,2.5,slo_no_preemption_pard_dry_run,0,4.0,current-mix_ia_2p5_slo_no_preemption_pard_dry_run_r0_scale_4,0,512x512,chatcmpl-28260246cbba441b,RUNNING,True,48,-5174.111148715019,-6702.740028500557,False,True,True
current-mix,2.5,slo_no_preemption_pard_dry_run,0,4.0,current-mix_ia_2p5_slo_no_preemption_pard_dry_run_r0_scale_4,0,512x512,chatcmpl-2bbafc4c29614441,RUNNING,True,47,-10241.554707847536,-11738.337152637541,False,True,True
current-mix,2.5,slo_no_preemption_pard_dry_run,0,4.0,current-mix_ia_2p5_slo_no_preemption_pard_dry_run_r0_scale_4,0,512x512,chatcmpl-28260246cbba441b,RUNNING,True,47,-5241.554707847536,-6738.337152637541,False,True,True
current-mix,2.5,slo_no_preemption_pard_dry_run,0,4.0,current-mix_ia_2p5_slo_no_preemption_pard_dry_run_r0_scale_4,0,512x512,chatcmpl-2bbafc4c29614441,RUNNING,True,46,-10296.049753949046,-11760.98576374352,False,True,True
current-mix,2.5,slo_no_preemption_pard_dry_run,0,4.0,current-mix_ia_2p5_slo_no_preemption_pard_dry_run_r0_scale_4,0,512x512,chatcmpl-28260246cbba441b,RUNNING,True,46,-5296.049753949046,-6760.98576374352,False,True,True
current-mix,2.5,slo_no_preemption_pard_dry_run,0,4.0,current-mix_ia_2p5_slo_no_preemption_pard_dry_run_r0_scale_4,0,512x512,chatcmpl-2bbafc4c29614441,RUNNING,True,45,-10354.013790376484,-11787.103365175426,False,True,True
current-mix,2.5,slo_no_preemption_pard_dry_run,0,4.0,current-mix_ia_2p5_slo_no_preemption_pard_dry_run_r0_scale_4,0,512x512,chatcmpl-28260246cbba441b,RUNNING,True,45,-5354.013790376484,-6787.103365175426,False,True,True
current-mix,2.5,slo_no_preemption_pard_dry_run,0,4.0,current-mix_ia_2p5_slo_no_preemption_pard_dry_run_r0_scale_4,0,512x512,chatcmpl-2bbafc4c29614441,RUNNING,True,44,-10410.16060039401,-11811.40374019742,False,True,True
current-mix,2.5,slo_no_preemption_pard_dry_run,0,4.0,current-mix_ia_2p5_slo_no_preemption_pard_dry_run_r0_scale_4,0,512x512,chatcmpl-28260246cbba441b,RUNNING,True,44,-5410.1606003940105,-6811.40374019742,False,True,True
current-mix,2.5,slo_no_preemption_pard_dry_run,0,4.0,current-mix_ia_2p5_slo_no_preemption_pard_dry_run_r0_scale_4,0,512x512,chatcmpl-2bbafc4c29614441,RUNNING,True,43,-10469.134577922523,-11838.5312827304,False,True,True
current-mix,2.5,slo_no_preemption_pard_dry_run,0,4.0,current-mix_ia_2p5_slo_no_preemption_pard_dry_run_r0_scale_4,0,512x512,chatcmpl-28260246cbba441b,RUNNING,True,43,-5469.134577922523,-6838.531282730401,False,True,True
current-mix,2.5,slo_no_preemption_pard_dry_run,0,4.0,current-mix_ia_2p5_slo_no_preemption_pard_dry_run_r0_scale_4,0,512x512,chatcmpl-2bbafc4c29614441,RUNNING,True,42,-10529.034811630845,-11866.58508144319,False,True,True
current-mix,2.5,slo_no_preemption_pard_dry_run,0,4.0,current-mix_ia_2p5_slo_no_preemption_pard_dry_run_r0_scale_4,0,512x512,chatcmpl-28260246cbba441b,RUNNING,True,42,-5529.034811630845,-6866.585081443191,False,True,True
current-mix,2.5,slo_no_preemption_pard_dry_run,0,4.0,current-mix_ia_2p5_slo_no_preemption_pard_dry_run_r0_scale_4,0,512x512,chatcmpl-2bbafc4c29614441,RUNNING,True,41,-10586.16652879864,-11891.870363615453,False,True,True
current-mix,2.5,slo_no_preemption_pard_dry_run,0,4.0,current-mix_ia_2p5_slo_no_preemption_pard_dry_run_r0_scale_4,0,512x512,chatcmpl-28260246cbba441b,RUNNING,True,41,-5586.16652879864,-6891.870363615453,False,True,True
current-mix,2.5,slo_no_preemption_pard_dry_run,0,4.0,current-mix_ia_2p5_slo_no_preemption_pard_dry_run_r0_scale_4,0,512x512,chatcmpl-2bbafc4c29614441,RUNNING,True,40,-10648.755170404911,-11922.612570226192,False,True,True
current-mix,2.5,slo_no_preemption_pard_dry_run,0,4.0,current-mix_ia_2p5_slo_no_preemption_pard_dry_run_r0_scale_4,0,512x512,chatcmpl-28260246cbba441b,RUNNING,True,40,-5648.755170404911,-6922.6125702261925,False,True,True
current-mix,2.5,slo_no_preemption_pard_dry_run,0,4.0,current-mix_ia_2p5_slo_no_preemption_pard_dry_run_r0_scale_4,0,512x512,chatcmpl-2bbafc4c29614441,RUNNING,True,39,-10712.938355468214,-11954.949320293963,False,True,True
current-mix,2.5,slo_no_preemption_pard_dry_run,0,4.0,current-mix_ia_2p5_slo_no_preemption_pard_dry_run_r0_scale_4,0,512x512,chatcmpl-28260246cbba441b,RUNNING,True,39,-5712.938355468214,-6954.949320293963,False,True,True
current-mix,2.5,slo_no_preemption_pard_dry_run,0,4.0,current-mix_ia_2p5_slo_no_preemption_pard_dry_run_r0_scale_4,0,512x512,chatcmpl-2bbafc4c29614441,RUNNING,True,38,-10773.074623569846,-11983.239153400064,False,True,True
current-mix,2.5,slo_no_preemption_pard_dry_run,0,4.0,current-mix_ia_2p5_slo_no_preemption_pard_dry_run_r0_scale_4,0,512x512,chatcmpl-28260246cbba441b,RUNNING,True,38,-5773.074623569846,-6983.2391534000635,False,True,True
current-mix,2.5,slo_no_preemption_pard_dry_run,0,4.0,current-mix_ia_2p5_slo_no_preemption_pard_dry_run_r0_scale_4,0,512x512,chatcmpl-2bbafc4c29614441,RUNNING,True,37,-10830.411857552826,-12008.729952387512,False,True,True
current-mix,2.5,slo_no_preemption_pard_dry_run,0,4.0,current-mix_ia_2p5_slo_no_preemption_pard_dry_run_r0_scale_4,0,512x512,chatcmpl-28260246cbba441b,RUNNING,True,37,-5830.411857552826,-7008.729952387512,False,True,True
current-mix,2.5,slo_no_preemption_pard_dry_run,0,4.0,current-mix_ia_2p5_slo_no_preemption_pard_dry_run_r0_scale_4,0,512x512,chatcmpl-2bbafc4c29614441,RUNNING,True,36,-10886.933223158121,-12033.404882997274,False,True,True
current-mix,2.5,slo_no_preemption_pard_dry_run,0,4.0,current-mix_ia_2p5_slo_no_preemption_pard_dry_run_r0_scale_4,0,512x512,chatcmpl-28260246cbba441b,RUNNING,True,36,-5886.933223158121,-7033.404882997274,False,True,True
current-mix,2.5,slo_no_preemption_pard_dry_run,0,4.0,current-mix_ia_2p5_slo_no_preemption_pard_dry_run_r0_scale_4,0,512x512,chatcmpl-2bbafc4c29614441,RUNNING,True,35,-10943.351591937244,-12057.976816780865,False,True,True
current-mix,2.5,slo_no_preemption_pard_dry_run,0,4.0,current-mix_ia_2p5_slo_no_preemption_pard_dry_run_r0_scale_4,0,512x512,chatcmpl-28260246cbba441b,RUNNING,True,35,-5943.351591937244,-7057.976816780865,False,True,True
current-mix,2.5,slo_no_preemption_pard_dry_run,0,4.0,current-mix_ia_2p5_slo_no_preemption_pard_dry_run_r0_scale_4,0,512x512,chatcmpl-2bbafc4c29614441,RUNNING,True,34,-11003.470455482602,-12086.249245330691,False,True,True
current-mix,2.5,slo_no_preemption_pard_dry_run,0,4.0,current-mix_ia_2p5_slo_no_preemption_pard_dry_run_r0_scale_4,0,512x512,chatcmpl-28260246cbba441b,RUNNING,True,34,-6003.470455482602,-7086.249245330691,False,True,True
current-mix,2.5,slo_no_preemption_pard_dry_run,0,4.0,current-mix_ia_2p5_slo_no_preemption_pard_dry_run_r0_scale_4,0,512x512,chatcmpl-2bbafc4c29614441,RUNNING,True,33,-11059.472068585455,-12110.404423438013,False,True,True
current-mix,2.5,slo_no_preemption_pard_dry_run,0,4.0,current-mix_ia_2p5_slo_no_preemption_pard_dry_run_r0_scale_4,0,512x512,chatcmpl-28260246cbba441b,RUNNING,True,33,-6059.472068585455,-7110.404423438013,False,True,True
current-mix,2.5,slo_no_preemption_pard_dry_run,0,4.0,current-mix_ia_2p5_slo_no_preemption_pard_dry_run_r0_scale_4,0,512x512,chatcmpl-2bbafc4c29614441,RUNNING,True,32,-11119.751387834549,-12138.837307691574,False,True,True
current-mix,2.5,slo_no_preemption_pard_dry_run,0,4.0,current-mix_ia_2p5_slo_no_preemption_pard_dry_run_r0_scale_4,0,512x512,chatcmpl-28260246cbba441b,RUNNING,True,32,-6119.751387834549,-7138.837307691574,False,True,True
current-mix,2.5,slo_no_preemption_pard_dry_run,0,4.0,current-mix_ia_2p5_slo_no_preemption_pard_dry_run_r0_scale_4,0,512x512,chatcmpl-2bbafc4c29614441,RUNNING,True,31,-11180.642250739038,-12167.881735600531,False,True,True
current-mix,2.5,slo_no_preemption_pard_dry_run,0,4.0,current-mix_ia_2p5_slo_no_preemption_pard_dry_run_r0_scale_4,0,512x512,chatcmpl-28260246cbba441b,RUNNING,True,31,-6180.642250739038,-7167.881735600531,False,True,True
current-mix,2.5,slo_no_preemption_pard_dry_run,0,4.0,current-mix_ia_2p5_slo_no_preemption_pard_dry_run_r0_scale_4,0,512x512,chatcmpl-2bbafc4c29614441,RUNNING,True,30,-11234.976841136813,-12190.369891002774,False,True,True
current-mix,2.5,slo_no_preemption_pard_dry_run,0,4.0,current-mix_ia_2p5_slo_no_preemption_pard_dry_run_r0_scale_4,0,512x512,chatcmpl-28260246cbba441b,RUNNING,True,30,-6234.976841136813,-7190.369891002774,False,True,True
current-mix,2.5,slo_no_preemption_pard_dry_run,0,4.0,current-mix_ia_2p5_slo_no_preemption_pard_dry_run_r0_scale_4,0,512x512,chatcmpl-2bbafc4c29614441,RUNNING,True,29,-11301.545404084027,-12225.092018954456,False,True,True
current-mix,2.5,slo_no_preemption_pard_dry_run,0,4.0,current-mix_ia_2p5_slo_no_preemption_pard_dry_run_r0_scale_4,0,512x512,chatcmpl-28260246cbba441b,RUNNING,True,29,-6301.545404084027,-7225.092018954456,False,True,True
current-mix,2.5,slo_no_preemption_pard_dry_run,0,4.0,current-mix_ia_2p5_slo_no_preemption_pard_dry_run_r0_scale_4,0,512x512,chatcmpl-2bbafc4c29614441,RUNNING,True,28,-11375.937672704458,-12267.637852579355,False,True,True
current-mix,2.5,slo_no_preemption_pard_dry_run,0,4.0,current-mix_ia_2p5_slo_no_preemption_pard_dry_run_r0_scale_4,0,512x512,chatcmpl-28260246cbba441b,RUNNING,True,28,-6375.937672704458,-7267.637852579355,False,True,True
current-mix,2.5,slo_no_preemption_pard_dry_run,0,4.0,current-mix_ia_2p5_slo_no_preemption_pard_dry_run_r0_scale_4,0,512x512,chatcmpl-2bbafc4c29614441,RUNNING,True,27,-11438.270968012512,-12298.124712891877,False,True,True
current-mix,2.5,slo_no_preemption_pard_dry_run,0,4.0,current-mix_ia_2p5_slo_no_preemption_pard_dry_run_r0_scale_4,0,512x512,chatcmpl-28260246cbba441b,RUNNING,True,27,-6438.270968012512,-7298.124712891877,False,True,True
current-mix,2.5,slo_no_preemption_pard_dry_run,0,4.0,current-mix_ia_2p5_slo_no_preemption_pard_dry_run_r0_scale_4,0,512x512,chatcmpl-2bbafc4c29614441,RUNNING,True,26,-11496.10482789576,-12324.112137779593,False,True,True
current-mix,2.5,slo_no_preemption_pard_dry_run,0,4.0,current-mix_ia_2p5_slo_no_preemption_pard_dry_run_r0_scale_4,0,512x512,chatcmpl-28260246cbba441b,RUNNING,True,26,-6496.1048278957605,-7324.1121377795935,False,True,True
current-mix,2.5,slo_no_preemption_pard_dry_run,0,4.0,current-mix_ia_2p5_slo_no_preemption_pard_dry_run_r0_scale_4,0,512x512,chatcmpl-2bbafc4c29614441,RUNNING,True,25,-11550.537408329546,-12346.698283217847,False,True,True
current-mix,2.5,slo_no_preemption_pard_dry_run,0,4.0,current-mix_ia_2p5_slo_no_preemption_pard_dry_run_r0_scale_4,0,512x512,chatcmpl-28260246cbba441b,RUNNING,True,25,-6550.537408329546,-7346.698283217847,False,True,True
current-mix,2.5,slo_no_preemption_pard_dry_run,0,4.0,current-mix_ia_2p5_slo_no_preemption_pard_dry_run_r0_scale_4,0,512x512,chatcmpl-2bbafc4c29614441,RUNNING,True,24,-11615.591298043728,-12379.905737936497,False,True,True
current-mix,2.5,slo_no_preemption_pard_dry_run,0,4.0,current-mix_ia_2p5_slo_no_preemption_pard_dry_run_r0_scale_4,0,512x512,chatcmpl-28260246cbba441b,RUNNING,True,24,-6615.591298043728,-7379.905737936497,False,True,True
current-mix,2.5,slo_no_preemption_pard_dry_run,0,4.0,current-mix_ia_2p5_slo_no_preemption_pard_dry_run_r0_scale_4,0,512x512,chatcmpl-2bbafc4c29614441,RUNNING,True,23,-11670.675953291357,-12403.143958188593,False,True,True
current-mix,2.5,slo_no_preemption_pard_dry_run,0,4.0,current-mix_ia_2p5_slo_no_preemption_pard_dry_run_r0_scale_4,0,512x512,chatcmpl-28260246cbba441b,RUNNING,True,23,-6670.675953291357,-7403.143958188593,False,True,True
current-mix,2.5,slo_no_preemption_pard_dry_run,0,4.0,current-mix_ia_2p5_slo_no_preemption_pard_dry_run_r0_scale_4,0,512x512,chatcmpl-2bbafc4c29614441,RUNNING,True,22,-11729.830890521407,-12430.452460423112,False,True,True
current-mix,2.5,slo_no_preemption_pard_dry_run,0,4.0,current-mix_ia_2p5_slo_no_preemption_pard_dry_run_r0_scale_4,0,512x512,chatcmpl-28260246cbba441b,RUNNING,True,22,-6729.830890521407,-7430.452460423112,False,True,True
current-mix,2.5,slo_no_preemption_pard_dry_run,0,4.0,current-mix_ia_2p5_slo_no_preemption_pard_dry_run_r0_scale_4,0,512x512,chatcmpl-2bbafc4c29614441,RUNNING,True,21,-11790.440419502556,-12459.215554408729,False,True,True
current-mix,2.5,slo_no_preemption_pard_dry_run,0,4.0,current-mix_ia_2p5_slo_no_preemption_pard_dry_run_r0_scale_4,0,512x512,chatcmpl-28260246cbba441b,RUNNING,True,21,-6790.440419502556,-7459.215554408729,False,True,True
current-mix,2.5,slo_no_preemption_pard_dry_run,0,4.0,current-mix_ia_2p5_slo_no_preemption_pard_dry_run_r0_scale_4,0,512x512,chatcmpl-2bbafc4c29614441,RUNNING,True,20,-11854.540634900331,-12491.469334810972,False,True,True
current-mix,2.5,slo_no_preemption_pard_dry_run,0,4.0,current-mix_ia_2p5_slo_no_preemption_pard_dry_run_r0_scale_4,0,512x512,chatcmpl-28260246cbba441b,RUNNING,True,20,-6854.5406349003315,-7491.469334810972,False,True,True
current-mix,2.5,slo_no_preemption_pard_dry_run,0,4.0,current-mix_ia_2p5_slo_no_preemption_pard_dry_run_r0_scale_4,0,512x512,chatcmpl-2bbafc4c29614441,RUNNING,True,19,-11912.127493135631,-12517.20975805074,False,True,True
current-mix,2.5,slo_no_preemption_pard_dry_run,0,4.0,current-mix_ia_2p5_slo_no_preemption_pard_dry_run_r0_scale_4,0,512x512,chatcmpl-28260246cbba441b,RUNNING,True,19,-6912.127493135631,-7517.20975805074,False,True,True
current-mix,2.5,slo_no_preemption_pard_dry_run,0,4.0,current-mix_ia_2p5_slo_no_preemption_pard_dry_run_r0_scale_4,0,512x512,chatcmpl-361937a2b5fe4fdf,RUNNING,True,19,587.8725068643689,-17.209758050739765,False,False,True
current-mix,2.5,slo_no_preemption_pard_dry_run,0,4.0,current-mix_ia_2p5_slo_no_preemption_pard_dry_run_r0_scale_4,0,512x512,chatcmpl-2bbafc4c29614441,RUNNING,True,18,-11969.555803015828,-12542.791632935405,False,True,True
current-mix,2.5,slo_no_preemption_pard_dry_run,0,4.0,current-mix_ia_2p5_slo_no_preemption_pard_dry_run_r0_scale_4,0,512x512,chatcmpl-28260246cbba441b,RUNNING,True,18,-6969.555803015828,-7542.791632935405,False,True,True
current-mix,2.5,slo_no_preemption_pard_dry_run,0,4.0,current-mix_ia_2p5_slo_no_preemption_pard_dry_run_r0_scale_4,0,512x512,chatcmpl-361937a2b5fe4fdf,RUNNING,True,18,530.4441969841719,-42.79163293540478,False,False,True
current-mix,2.5,slo_no_preemption_pard_dry_run,0,4.0,current-mix_ia_2p5_slo_no_preemption_pard_dry_run_r0_scale_4,0,512x512,chatcmpl-2bbafc4c29614441,RUNNING,True,17,-12026.165860332549,-12567.555255256593,False,True,True
current-mix,2.5,slo_no_preemption_pard_dry_run,0,4.0,current-mix_ia_2p5_slo_no_preemption_pard_dry_run_r0_scale_4,0,512x512,chatcmpl-28260246cbba441b,RUNNING,True,17,-7026.165860332549,-7567.555255256593,False,True,True
current-mix,2.5,slo_no_preemption_pard_dry_run,0,4.0,current-mix_ia_2p5_slo_no_preemption_pard_dry_run_r0_scale_4,0,512x512,chatcmpl-361937a2b5fe4fdf,RUNNING,True,17,473.8341396674514,-67.55525525659323,False,False,True
current-mix,2.5,slo_no_preemption_pard_dry_run,0,4.0,current-mix_ia_2p5_slo_no_preemption_pard_dry_run_r0_scale_4,0,512x512,chatcmpl-2bbafc4c29614441,RUNNING,True,16,-12087.614622712135,-12597.157582640648,False,True,True
current-mix,2.5,slo_no_preemption_pard_dry_run,0,4.0,current-mix_ia_2p5_slo_no_preemption_pard_dry_run_r0_scale_4,0,512x512,chatcmpl-28260246cbba441b,RUNNING,True,16,-7087.614622712135,-7597.157582640648,False,True,True
current-mix,2.5,slo_no_preemption_pard_dry_run,0,4.0,current-mix_ia_2p5_slo_no_preemption_pard_dry_run_r0_scale_4,0,512x512,chatcmpl-361937a2b5fe4fdf,RUNNING,True,16,412.3853772878647,-97.15758264064789,False,False,True
current-mix,2.5,slo_no_preemption_pard_dry_run,0,4.0,current-mix_ia_2p5_slo_no_preemption_pard_dry_run_r0_scale_4,0,512x512,chatcmpl-2bbafc4c29614441,RUNNING,True,15,-12144.789255224168,-12622.485780157149,False,True,True
current-mix,2.5,slo_no_preemption_pard_dry_run,0,4.0,current-mix_ia_2p5_slo_no_preemption_pard_dry_run_r0_scale_4,0,512x512,chatcmpl-28260246cbba441b,RUNNING,True,15,-7144.789255224168,-7622.485780157149,False,True,True
current-mix,2.5,slo_no_preemption_pard_dry_run,0,4.0,current-mix_ia_2p5_slo_no_preemption_pard_dry_run_r0_scale_4,0,512x512,chatcmpl-361937a2b5fe4fdf,RUNNING,True,15,355.2107447758317,-122.48578015714884,False,False,True
current-mix,2.5,slo_no_preemption_pard_dry_run,0,4.0,current-mix_ia_2p5_slo_no_preemption_pard_dry_run_r0_scale_4,0,512x512,chatcmpl-2bbafc4c29614441,RUNNING,True,14,-12208.943830057979,-12654.793919995427,False,True,True
current-mix,2.5,slo_no_preemption_pard_dry_run,0,4.0,current-mix_ia_2p5_slo_no_preemption_pard_dry_run_r0_scale_4,0,512x512,chatcmpl-28260246cbba441b,RUNNING,True,14,-7208.943830057979,-7654.793919995427,False,True,True
current-mix,2.5,slo_no_preemption_pard_dry_run,0,4.0,current-mix_ia_2p5_slo_no_preemption_pard_dry_run_r0_scale_4,0,512x512,chatcmpl-361937a2b5fe4fdf,RUNNING,True,14,291.05616994202137,-154.79391999542713,False,False,True
current-mix,2.5,slo_no_preemption_pard_dry_run,0,4.0,current-mix_ia_2p5_slo_no_preemption_pard_dry_run_r0_scale_4,0,512x512,chatcmpl-2bbafc4c29614441,RUNNING,True,13,-12263.804371841252,-12677.808026783168,False,True,True
current-mix,2.5,slo_no_preemption_pard_dry_run,0,4.0,current-mix_ia_2p5_slo_no_preemption_pard_dry_run_r0_scale_4,0,512x512,chatcmpl-28260246cbba441b,RUNNING,True,13,-7263.804371841252,-7677.808026783168,False,True,True
current-mix,2.5,slo_no_preemption_pard_dry_run,0,4.0,current-mix_ia_2p5_slo_no_preemption_pard_dry_run_r0_scale_4,0,512x512,chatcmpl-361937a2b5fe4fdf,RUNNING,True,13,236.19562815874815,-177.80802678316832,False,False,True
current-mix,2.5,slo_no_preemption_pard_dry_run,0,4.0,current-mix_ia_2p5_slo_no_preemption_pard_dry_run_r0_scale_4,0,512x512,chatcmpl-2bbafc4c29614441,RUNNING,True,12,-12316.809540241957,-12698.966760188341,False,True,True
current-mix,2.5,slo_no_preemption_pard_dry_run,0,4.0,current-mix_ia_2p5_slo_no_preemption_pard_dry_run_r0_scale_4,0,512x512,chatcmpl-28260246cbba441b,RUNNING,True,12,-7316.809540241957,-7698.966760188341,False,True,True
current-mix,2.5,slo_no_preemption_pard_dry_run,0,4.0,current-mix_ia_2p5_slo_no_preemption_pard_dry_run_r0_scale_4,0,512x512,chatcmpl-361937a2b5fe4fdf,RUNNING,True,12,183.1904597580433,-198.96676018834114,False,False,True
current-mix,2.5,slo_no_preemption_pard_dry_run,0,4.0,current-mix_ia_2p5_slo_no_preemption_pard_dry_run_r0_scale_4,0,512x512,chatcmpl-2bbafc4c29614441,RUNNING,True,11,-12379.648998193443,-12729.959783144295,False,True,True
current-mix,2.5,slo_no_preemption_pard_dry_run,0,4.0,current-mix_ia_2p5_slo_no_preemption_pard_dry_run_r0_scale_4,0,512x512,chatcmpl-28260246cbba441b,RUNNING,True,11,-7379.648998193443,-7729.959783144295,False,True,True
current-mix,2.5,slo_no_preemption_pard_dry_run,0,4.0,current-mix_ia_2p5_slo_no_preemption_pard_dry_run_r0_scale_4,0,512x512,chatcmpl-361937a2b5fe4fdf,RUNNING,True,11,120.35100180655718,-229.95978314429522,False,False,True
current-mix,2.5,slo_no_preemption_pard_dry_run,0,4.0,current-mix_ia_2p5_slo_no_preemption_pard_dry_run_r0_scale_4,0,512x512,chatcmpl-2bbafc4c29614441,RUNNING,True,10,-12441.732430830598,-12760.196780785918,False,True,True
current-mix,2.5,slo_no_preemption_pard_dry_run,0,4.0,current-mix_ia_2p5_slo_no_preemption_pard_dry_run_r0_scale_4,0,512x512,chatcmpl-28260246cbba441b,RUNNING,True,10,-7441.732430830598,-7760.196780785918,False,True,True
current-mix,2.5,slo_no_preemption_pard_dry_run,0,4.0,current-mix_ia_2p5_slo_no_preemption_pard_dry_run_r0_scale_4,0,512x512,chatcmpl-361937a2b5fe4fdf,RUNNING,True,10,58.26756916940212,-260.19678078591824,False,False,True
current-mix,2.5,slo_no_preemption_pard_dry_run,0,4.0,current-mix_ia_2p5_slo_no_preemption_pard_dry_run_r0_scale_4,0,512x512,chatcmpl-2bbafc4c29614441,RUNNING,True,9,-12506.379101611674,-12792.997016571462,False,True,True
current-mix,2.5,slo_no_preemption_pard_dry_run,0,4.0,current-mix_ia_2p5_slo_no_preemption_pard_dry_run_r0_scale_4,0,512x512,chatcmpl-28260246cbba441b,RUNNING,True,9,-7506.379101611674,-7792.997016571462,False,True,True
current-mix,2.5,slo_no_preemption_pard_dry_run,0,4.0,current-mix_ia_2p5_slo_no_preemption_pard_dry_run_r0_scale_4,0,512x512,chatcmpl-361937a2b5fe4fdf,RUNNING,True,9,-6.379101611673832,-292.99701657146215,False,True,True
current-mix,2.5,slo_no_preemption_pard_dry_run,0,4.0,current-mix_ia_2p5_slo_no_preemption_pard_dry_run_r0_scale_4,0,512x512,chatcmpl-2bbafc4c29614441,RUNNING,True,8,-12577.771826088428,-12832.543306052685,False,True,True
current-mix,2.5,slo_no_preemption_pard_dry_run,0,4.0,current-mix_ia_2p5_slo_no_preemption_pard_dry_run_r0_scale_4,0,512x512,chatcmpl-28260246cbba441b,RUNNING,True,8,-7577.7718260884285,-7832.543306052685,False,True,True
current-mix,2.5,slo_no_preemption_pard_dry_run,0,4.0,current-mix_ia_2p5_slo_no_preemption_pard_dry_run_r0_scale_4,0,512x512,chatcmpl-361937a2b5fe4fdf,RUNNING,True,8,-77.7718260884285,-332.5433060526848,False,True,True
current-mix,2.5,slo_no_preemption_pard_dry_run,0,4.0,current-mix_ia_2p5_slo_no_preemption_pard_dry_run_r0_scale_4,0,512x512,chatcmpl-2bbafc4c29614441,RUNNING,True,7,-12660.365932248533,-12883.290977217257,False,True,True
current-mix,2.5,slo_no_preemption_pard_dry_run,0,4.0,current-mix_ia_2p5_slo_no_preemption_pard_dry_run_r0_scale_4,0,512x512,chatcmpl-28260246cbba441b,RUNNING,True,7,-7660.365932248533,-7883.290977217257,False,True,True
current-mix,2.5,slo_no_preemption_pard_dry_run,0,4.0,current-mix_ia_2p5_slo_no_preemption_pard_dry_run_r0_scale_4,0,512x512,chatcmpl-361937a2b5fe4fdf,RUNNING,True,7,-160.36593224853277,-383.290977217257,False,True,True
current-mix,2.5,slo_no_preemption_pard_dry_run,0,4.0,current-mix_ia_2p5_slo_no_preemption_pard_dry_run_r0_scale_4,0,512x512,chatcmpl-2bbafc4c29614441,RUNNING,True,6,-12778.987469896674,-12970.066079869866,False,True,True
current-mix,2.5,slo_no_preemption_pard_dry_run,0,4.0,current-mix_ia_2p5_slo_no_preemption_pard_dry_run_r0_scale_4,0,512x512,chatcmpl-28260246cbba441b,RUNNING,True,6,-7778.987469896674,-7970.066079869866,False,True,True
current-mix,2.5,slo_no_preemption_pard_dry_run,0,4.0,current-mix_ia_2p5_slo_no_preemption_pard_dry_run_r0_scale_4,0,512x512,chatcmpl-361937a2b5fe4fdf,RUNNING,True,6,-278.98746989667416,-470.06607986986637,False,True,True
current-mix,2.5,slo_no_preemption_pard_dry_run,0,4.0,current-mix_ia_2p5_slo_no_preemption_pard_dry_run_r0_scale_4,0,512x512,chatcmpl-2bbafc4c29614441,RUNNING,True,5,-12839.302551932633,-12998.534726910293,False,True,True
current-mix,2.5,slo_no_preemption_pard_dry_run,0,4.0,current-mix_ia_2p5_slo_no_preemption_pard_dry_run_r0_scale_4,0,512x512,chatcmpl-28260246cbba441b,RUNNING,True,5,-7839.302551932633,-7998.534726910293,False,True,True
current-mix,2.5,slo_no_preemption_pard_dry_run,0,4.0,current-mix_ia_2p5_slo_no_preemption_pard_dry_run_r0_scale_4,0,512x512,chatcmpl-361937a2b5fe4fdf,RUNNING,True,5,-339.3025519326329,-498.5347269102931,False,True,True
current-mix,2.5,slo_no_preemption_pard_dry_run,0,4.0,current-mix_ia_2p5_slo_no_preemption_pard_dry_run_r0_scale_4,0,512x512,chatcmpl-2bbafc4c29614441,RUNNING,True,4,-12896.787367016077,-13024.173106998205,False,True,True
current-mix,2.5,slo_no_preemption_pard_dry_run,0,4.0,current-mix_ia_2p5_slo_no_preemption_pard_dry_run_r0_scale_4,0,512x512,chatcmpl-28260246cbba441b,RUNNING,True,4,-7896.787367016077,-8024.173106998205,False,True,True
current-mix,2.5,slo_no_preemption_pard_dry_run,0,4.0,current-mix_ia_2p5_slo_no_preemption_pard_dry_run_r0_scale_4,0,512x512,chatcmpl-361937a2b5fe4fdf,RUNNING,True,4,-396.78736701607704,-524.1731069982052,False,True,True
current-mix,2.5,slo_no_preemption_pard_dry_run,0,4.0,current-mix_ia_2p5_slo_no_preemption_pard_dry_run_r0_scale_4,0,512x512,chatcmpl-2bbafc4c29614441,RUNNING,True,3,-12955.642850510776,-13051.182155497372,False,True,True
current-mix,2.5,slo_no_preemption_pard_dry_run,0,4.0,current-mix_ia_2p5_slo_no_preemption_pard_dry_run_r0_scale_4,0,512x512,chatcmpl-28260246cbba441b,RUNNING,True,3,-7955.642850510776,-8051.182155497372,False,True,True
current-mix,2.5,slo_no_preemption_pard_dry_run,0,4.0,current-mix_ia_2p5_slo_no_preemption_pard_dry_run_r0_scale_4,0,512x512,chatcmpl-361937a2b5fe4fdf,RUNNING,True,3,-455.64285051077604,-551.1821554973722,False,True,True
current-mix,2.5,slo_no_preemption_pard_dry_run,0,4.0,current-mix_ia_2p5_slo_no_preemption_pard_dry_run_r0_scale_4,0,512x512,chatcmpl-2bbafc4c29614441,RUNNING,True,2,-13027.761797979474,-13091.454667970538,False,True,True
current-mix,2.5,slo_no_preemption_pard_dry_run,0,4.0,current-mix_ia_2p5_slo_no_preemption_pard_dry_run_r0_scale_4,0,512x512,chatcmpl-28260246cbba441b,RUNNING,True,2,-8027.761797979474,-8091.454667970538,False,True,True
current-mix,2.5,slo_no_preemption_pard_dry_run,0,4.0,current-mix_ia_2p5_slo_no_preemption_pard_dry_run_r0_scale_4,0,512x512,chatcmpl-361937a2b5fe4fdf,RUNNING,True,2,-527.7617979794741,-591.4546679705381,False,True,True
current-mix,2.5,slo_no_preemption_pard_dry_run,0,4.0,current-mix_ia_2p5_slo_no_preemption_pard_dry_run_r0_scale_4,0,512x512,chatcmpl-2bbafc4c29614441,RUNNING,True,1,-13110.143711604178,-13141.99014659971,False,True,True
current-mix,2.5,slo_no_preemption_pard_dry_run,0,4.0,current-mix_ia_2p5_slo_no_preemption_pard_dry_run_r0_scale_4,0,512x512,chatcmpl-28260246cbba441b,RUNNING,True,1,-8110.143711604178,-8141.99014659971,False,True,True
current-mix,2.5,slo_no_preemption_pard_dry_run,0,4.0,current-mix_ia_2p5_slo_no_preemption_pard_dry_run_r0_scale_4,0,512x512,chatcmpl-361937a2b5fe4fdf,RUNNING,True,1,-610.143711604178,-641.99014659971,False,True,True
current-mix,2.5,slo_no_preemption_pard_dry_run,0,4.0,current-mix_ia_2p5_slo_no_preemption_pard_dry_run_r0_scale_4,1,768x768,chatcmpl-9a235022ce6b4a75,RUNNING,True,24,-13.992065191268921,-8599.488016963005,False,True,True
current-mix,2.5,slo_no_preemption_pard_dry_run,0,4.0,current-mix_ia_2p5_slo_no_preemption_pard_dry_run_r0_scale_4,1,768x768,chatcmpl-9a235022ce6b4a75,RUNNING,True,23,-540.6145595014095,-8768.381513282657,False,True,True
current-mix,2.5,slo_no_preemption_pard_dry_run,0,4.0,current-mix_ia_2p5_slo_no_preemption_pard_dry_run_r0_scale_4,1,768x768,chatcmpl-9a235022ce6b4a75,RUNNING,True,22,-935.2022752165794,-8805.240231007338,False,True,True
current-mix,2.5,slo_no_preemption_pard_dry_run,0,4.0,current-mix_ia_2p5_slo_no_preemption_pard_dry_run_r0_scale_4,1,768x768,chatcmpl-9a235022ce6b4a75,RUNNING,True,21,-1330.009812861681,-8842.31877066195,False,True,True
current-mix,2.5,slo_no_preemption_pard_dry_run,0,4.0,current-mix_ia_2p5_slo_no_preemption_pard_dry_run_r0_scale_4,1,768x768,chatcmpl-9a235022ce6b4a75,RUNNING,True,20,-1725.6291657686234,-8880.209125578403,False,True,True
current-mix,2.5,slo_no_preemption_pard_dry_run,0,4.0,current-mix_ia_2p5_slo_no_preemption_pard_dry_run_r0_scale_4,1,768x768,chatcmpl-9a235022ce6b4a75,RUNNING,True,19,-2114.906107634306,-8911.757069453597,False,True,True
current-mix,2.5,slo_no_preemption_pard_dry_run,0,4.0,current-mix_ia_2p5_slo_no_preemption_pard_dry_run_r0_scale_4,1,768x768,chatcmpl-9a235022ce6b4a75,RUNNING,True,18,-2503.5464718937874,-8942.66843572259,False,True,True
current-mix,2.5,slo_no_preemption_pard_dry_run,0,4.0,current-mix_ia_2p5_slo_no_preemption_pard_dry_run_r0_scale_4,1,768x768,chatcmpl-d447a681186f4d4e,WAITING,False,50,-540.1077941060066,-540.1077941060066,True,False,True
current-mix,2.5,slo_no_preemption_pard_dry_run,0,4.0,current-mix_ia_2p5_slo_no_preemption_pard_dry_run_r0_scale_4,1,768x768,chatcmpl-9a235022ce6b4a75,RUNNING,True,17,-2890.6292475759983,-8972.022213414311,False,True,True
current-mix,2.5,slo_no_preemption_pard_dry_run,0,4.0,current-mix_ia_2p5_slo_no_preemption_pard_dry_run_r0_scale_4,1,768x768,chatcmpl-d447a681186f4d4e,WAITING,False,50,-1256.4581111073494,-1256.4581111073494,True,False,True
current-mix,2.5,slo_no_preemption_pard_dry_run,0,4.0,current-mix_ia_2p5_slo_no_preemption_pard_dry_run_r0_scale_4,1,768x768,chatcmpl-9a235022ce6b4a75,RUNNING,True,16,-3280.5761456489563,-9004.24011349678,False,True,True
current-mix,2.5,slo_no_preemption_pard_dry_run,0,4.0,current-mix_ia_2p5_slo_no_preemption_pard_dry_run_r0_scale_4,1,768x768,chatcmpl-d447a681186f4d4e,WAITING,False,50,-1975.6725504994392,-1975.6725504994392,True,False,True
current-mix,2.5,slo_no_preemption_pard_dry_run,0,4.0,current-mix_ia_2p5_slo_no_preemption_pard_dry_run_r0_scale_4,1,768x768,chatcmpl-9a235022ce6b4a75,RUNNING,True,15,-3671.9981394708157,-9037.93310932815,False,True,True
current-mix,2.5,slo_no_preemption_pard_dry_run,0,4.0,current-mix_ia_2p5_slo_no_preemption_pard_dry_run_r0_scale_4,1,768x768,chatcmpl-d447a681186f4d4e,WAITING,False,50,-2696.3620856404305,-2696.3620856404305,True,False,True
current-mix,2.5,slo_no_preemption_pard_dry_run,0,4.0,current-mix_ia_2p5_slo_no_preemption_pard_dry_run_r0_scale_4,1,768x768,chatcmpl-9a235022ce6b4a75,RUNNING,True,14,-4060.046748816967,-9068.252720683813,False,True,True
current-mix,2.5,slo_no_preemption_pard_dry_run,0,4.0,current-mix_ia_2p5_slo_no_preemption_pard_dry_run_r0_scale_4,1,768x768,chatcmpl-d447a681186f4d4e,WAITING,False,50,-3413.6782363057137,-3413.6782363057137,True,False,True
current-mix,2.5,slo_no_preemption_pard_dry_run,0,4.0,current-mix_ia_2p5_slo_no_preemption_pard_dry_run_r0_scale_4,1,768x768,chatcmpl-9a235022ce6b4a75,RUNNING,True,13,-4453.120983392,-9103.597957268357,False,True,True
current-mix,2.5,slo_no_preemption_pard_dry_run,0,4.0,current-mix_ia_2p5_slo_no_preemption_pard_dry_run_r0_scale_4,1,768x768,chatcmpl-d447a681186f4d4e,WAITING,False,50,-4136.020012199879,-4136.020012199879,True,False,True
current-mix,2.5,slo_no_preemption_pard_dry_run,0,4.0,current-mix_ia_2p5_slo_no_preemption_pard_dry_run_r0_scale_4,1,768x768,chatcmpl-d447a681186f4d4e,WAITING,False,50,-4856.834717094898,-4856.834717094898,True,False,True
current-mix,2.5,slo_no_preemption_pard_dry_run,0,4.0,current-mix_ia_2p5_slo_no_preemption_pard_dry_run_r0_scale_4,1,768x768,chatcmpl-9a235022ce6b4a75,RUNNING,True,12,-4844.668146967888,-9137.416122853756,False,True,True
current-mix,2.5,slo_no_preemption_pard_dry_run,0,4.0,current-mix_ia_2p5_slo_no_preemption_pard_dry_run_r0_scale_4,1,768x768,chatcmpl-d447a681186f4d4e,WAITING,False,50,-5578.950710594654,-5578.950710594654,True,False,True
current-mix,2.5,slo_no_preemption_pard_dry_run,0,4.0,current-mix_ia_2p5_slo_no_preemption_pard_dry_run_r0_scale_4,1,768x768,chatcmpl-9a235022ce6b4a75,RUNNING,True,11,-5237.516599148512,-9172.535577043891,False,True,True
current-mix,2.5,slo_no_preemption_pard_dry_run,0,4.0,current-mix_ia_2p5_slo_no_preemption_pard_dry_run_r0_scale_4,1,768x768,chatcmpl-d447a681186f4d4e,WAITING,False,50,-6300.950355827808,-6300.950355827808,True,False,True
current-mix,2.5,slo_no_preemption_pard_dry_run,0,4.0,current-mix_ia_2p5_slo_no_preemption_pard_dry_run_r0_scale_4,1,768x768,chatcmpl-9a235022ce6b4a75,RUNNING,True,10,-5630.248703062534,-9207.538682967424,False,True,True
current-mix,2.5,slo_no_preemption_pard_dry_run,0,4.0,current-mix_ia_2p5_slo_no_preemption_pard_dry_run_r0_scale_4,1,768x768,chatcmpl-d447a681186f4d4e,WAITING,False,50,-7019.025631248951,-7019.025631248951,True,False,True
current-mix,2.5,slo_no_preemption_pard_dry_run,0,4.0,current-mix_ia_2p5_slo_no_preemption_pard_dry_run_r0_scale_4,1,768x768,chatcmpl-9a235022ce6b4a75,RUNNING,True,9,-6019.056437164545,-9238.617419078946,False,True,True
current-mix,2.5,slo_no_preemption_pard_dry_run,0,4.0,current-mix_ia_2p5_slo_no_preemption_pard_dry_run_r0_scale_4,1,768x768,chatcmpl-d447a681186f4d4e,WAITING,False,50,-7734.959669411182,-7734.959669411182,True,False,True
current-mix,2.5,slo_no_preemption_pard_dry_run,0,4.0,current-mix_ia_2p5_slo_no_preemption_pard_dry_run_r0_scale_4,1,768x768,chatcmpl-9a235022ce6b4a75,RUNNING,True,8,-6405.722934007645,-9267.554917931557,False,True,True
current-mix,2.5,slo_no_preemption_pard_dry_run,0,4.0,current-mix_ia_2p5_slo_no_preemption_pard_dry_run_r0_scale_4,1,768x768,chatcmpl-d447a681186f4d4e,WAITING,False,50,-8451.963253319263,-8451.963253319263,True,False,True
current-mix,2.5,slo_no_preemption_pard_dry_run,0,4.0,current-mix_ia_2p5_slo_no_preemption_pard_dry_run_r0_scale_4,1,768x768,chatcmpl-9a235022ce6b4a75,RUNNING,True,7,-6793.458976596594,-9297.561962530017,False,True,True
current-mix,2.5,slo_no_preemption_pard_dry_run,0,4.0,current-mix_ia_2p5_slo_no_preemption_pard_dry_run_r0_scale_4,1,768x768,chatcmpl-d447a681186f4d4e,WAITING,False,50,-9168.990440666676,-9168.990440666676,True,False,True
current-mix,2.5,slo_no_preemption_pard_dry_run,0,4.0,current-mix_ia_2p5_slo_no_preemption_pard_dry_run_r0_scale_4,1,768x768,chatcmpl-9a235022ce6b4a75,RUNNING,True,6,-7181.218622624874,-9327.592610567808,False,True,True
current-mix,2.5,slo_no_preemption_pard_dry_run,0,4.0,current-mix_ia_2p5_slo_no_preemption_pard_dry_run_r0_scale_4,1,768x768,chatcmpl-d447a681186f4d4e,WAITING,False,50,-9888.578481972218,-9888.578481972218,True,False,True
current-mix,2.5,slo_no_preemption_pard_dry_run,0,4.0,current-mix_ia_2p5_slo_no_preemption_pard_dry_run_r0_scale_4,1,768x768,chatcmpl-9a235022ce6b4a75,RUNNING,True,5,-7571.539122611284,-9360.18411256373,False,True,True
current-mix,2.5,slo_no_preemption_pard_dry_run,0,4.0,current-mix_ia_2p5_slo_no_preemption_pard_dry_run_r0_scale_4,1,768x768,chatcmpl-d447a681186f4d4e,WAITING,False,50,-10609.601087868214,-10609.601087868214,True,False,True
current-mix,2.5,slo_no_preemption_pard_dry_run,0,4.0,current-mix_ia_2p5_slo_no_preemption_pard_dry_run_r0_scale_4,1,768x768,chatcmpl-9a235022ce6b4a75,RUNNING,True,4,-7963.2941871881485,-9394.210179150105,False,True,True
current-mix,2.5,slo_no_preemption_pard_dry_run,0,4.0,current-mix_ia_2p5_slo_no_preemption_pard_dry_run_r0_scale_4,1,768x768,chatcmpl-d447a681186f4d4e,WAITING,False,50,-11328.173227608204,-11328.173227608204,True,False,True
current-mix,2.5,slo_no_preemption_pard_dry_run,0,4.0,current-mix_ia_2p5_slo_no_preemption_pard_dry_run_r0_scale_4,1,768x768,chatcmpl-9a235022ce6b4a75,RUNNING,True,3,-8352.598785609007,-9425.785779580474,False,True,True
current-mix,2.5,slo_no_preemption_pard_dry_run,0,4.0,current-mix_ia_2p5_slo_no_preemption_pard_dry_run_r0_scale_4,1,768x768,chatcmpl-d447a681186f4d4e,WAITING,False,50,-12044.611282646656,-12044.611282646656,True,False,True
current-mix,2.5,slo_no_preemption_pard_dry_run,0,4.0,current-mix_ia_2p5_slo_no_preemption_pard_dry_run_r0_scale_4,1,768x768,chatcmpl-9a235022ce6b4a75,RUNNING,True,2,-8739.769299328327,-9455.227295309305,False,True,True
current-mix,2.5,slo_no_preemption_pard_dry_run,0,4.0,current-mix_ia_2p5_slo_no_preemption_pard_dry_run_r0_scale_4,1,768x768,chatcmpl-d447a681186f4d4e,WAITING,False,50,-12760.270185768604,-12760.270185768604,True,False,True
current-mix,2.5,slo_no_preemption_pard_dry_run,0,4.0,current-mix_ia_2p5_slo_no_preemption_pard_dry_run_r0_scale_4,1,768x768,chatcmpl-9a235022ce6b4a75,RUNNING,True,1,-9126.160661131144,-9483.889659121633,False,True,True
current-mix,2.5,slo_no_preemption_pard_dry_run,0,4.0,current-mix_ia_2p5_slo_no_preemption_pard_dry_run_r0_scale_4,1,768x768,chatcmpl-d447a681186f4d4e,WAITING,False,50,-13581.30294829607,-13581.30294829607,True,False,True
current-mix,2.5,slo_no_preemption_pard_dry_run,0,4.0,current-mix_ia_2p5_slo_no_preemption_pard_dry_run_r0_scale_4,1,768x768,chatcmpl-d447a681186f4d4e,WAITING,False,50,-14106.459684669971,-14106.459684669971,True,False,True
current-mix,2.5,slo_no_preemption_pard_dry_run,0,4.0,current-mix_ia_2p5_slo_no_preemption_pard_dry_run_r0_scale_4,1,768x768,chatcmpl-d447a681186f4d4e,WAITING,False,50,-14627.69252806902,-14627.69252806902,True,False,True
current-mix,2.5,slo_no_preemption_pard_dry_run,0,4.0,current-mix_ia_2p5_slo_no_preemption_pard_dry_run_r0_scale_4,1,768x768,chatcmpl-d447a681186f4d4e,WAITING,False,50,-15149.425812065601,-15149.425812065601,True,False,True
current-mix,2.5,slo_no_preemption_pard_dry_run,0,4.0,current-mix_ia_2p5_slo_no_preemption_pard_dry_run_r0_scale_4,1,768x768,chatcmpl-d447a681186f4d4e,WAITING,False,50,-15670.599050819874,-15670.599050819874,True,False,True
current-mix,2.5,slo_no_preemption_pard_dry_run,0,4.0,current-mix_ia_2p5_slo_no_preemption_pard_dry_run_r0_scale_4,1,768x768,chatcmpl-d447a681186f4d4e,WAITING,False,50,-16193.343706429005,-16193.343706429005,True,False,True
current-mix,2.5,slo_no_preemption_pard_dry_run,0,4.0,current-mix_ia_2p5_slo_no_preemption_pard_dry_run_r0_scale_4,1,768x768,chatcmpl-d447a681186f4d4e,WAITING,False,50,-16727.061338722706,-16727.061338722706,True,False,True
current-mix,2.5,slo_no_preemption_pard_dry_run,0,4.0,current-mix_ia_2p5_slo_no_preemption_pard_dry_run_r0_scale_4,1,768x768,chatcmpl-d447a681186f4d4e,WAITING,False,50,-17251.845188438892,-17251.845188438892,True,False,True
current-mix,2.5,slo_no_preemption_pard_dry_run,0,4.0,current-mix_ia_2p5_slo_no_preemption_pard_dry_run_r0_scale_4,1,768x768,chatcmpl-d447a681186f4d4e,WAITING,False,50,-17774.310417473316,-17774.310417473316,True,False,True
current-mix,2.5,slo_no_preemption_pard_dry_run,0,4.0,current-mix_ia_2p5_slo_no_preemption_pard_dry_run_r0_scale_4,1,768x768,chatcmpl-d447a681186f4d4e,WAITING,False,50,-18298.955745995045,-18298.955745995045,True,False,True
current-mix,2.5,slo_no_preemption_pard_dry_run,0,4.0,current-mix_ia_2p5_slo_no_preemption_pard_dry_run_r0_scale_4,1,768x768,chatcmpl-0c4d582038df443f,WAITING,False,50,-235.65447516739368,-372.1384294331074,True,False,True
current-mix,2.5,slo_no_preemption_pard_dry_run,0,4.0,current-mix_ia_2p5_slo_no_preemption_pard_dry_run_r0_scale_4,1,768x768,chatcmpl-d447a681186f4d4e,WAITING,False,50,-18825.41138678789,-18825.41138678789,True,False,True
current-mix,2.5,slo_no_preemption_pard_dry_run,0,4.0,current-mix_ia_2p5_slo_no_preemption_pard_dry_run_r0_scale_4,1,768x768,chatcmpl-0c4d582038df443f,WAITING,False,50,-762.1101159602404,-898.594070225954,True,False,True
current-mix,2.5,slo_no_preemption_pard_dry_run,0,4.0,current-mix_ia_2p5_slo_no_preemption_pard_dry_run_r0_scale_4,1,768x768,chatcmpl-d447a681186f4d4e,WAITING,False,50,-19350.50255805254,-19350.50255805254,True,False,True
current-mix,2.5,slo_no_preemption_pard_dry_run,0,4.0,current-mix_ia_2p5_slo_no_preemption_pard_dry_run_r0_scale_4,1,768x768,chatcmpl-0c4d582038df443f,WAITING,False,50,-1287.2012872248888,-1423.6852414906025,True,False,True
current-mix,2.5,slo_no_preemption_pard_dry_run,0,4.0,current-mix_ia_2p5_slo_no_preemption_pard_dry_run_r0_scale_4,1,768x768,chatcmpl-d447a681186f4d4e,WAITING,False,50,-19877.889700233936,-19877.889700233936,True,False,True
current-mix,2.5,slo_no_preemption_pard_dry_run,0,4.0,current-mix_ia_2p5_slo_no_preemption_pard_dry_run_r0_scale_4,1,768x768,chatcmpl-0c4d582038df443f,WAITING,False,50,-1814.5884294062853,-1951.072383671999,True,False,True
current-mix,2.5,slo_no_preemption_pard_dry_run,0,4.0,current-mix_ia_2p5_slo_no_preemption_pard_dry_run_r0_scale_4,1,768x768,chatcmpl-d447a681186f4d4e,WAITING,False,50,-20404.240913689137,-20404.240913689137,True,False,True
current-mix,2.5,slo_no_preemption_pard_dry_run,0,4.0,current-mix_ia_2p5_slo_no_preemption_pard_dry_run_r0_scale_4,1,768x768,chatcmpl-0c4d582038df443f,WAITING,False,50,-2340.9396428614855,-2477.423597127199,True,False,True
current-mix,2.5,slo_no_preemption_pard_dry_run,0,4.0,current-mix_ia_2p5_slo_no_preemption_pard_dry_run_r0_scale_4,1,768x768,chatcmpl-d447a681186f4d4e,WAITING,False,50,-20927.467174828053,-20927.467174828053,True,False,True
current-mix,2.5,slo_no_preemption_pard_dry_run,0,4.0,current-mix_ia_2p5_slo_no_preemption_pard_dry_run_r0_scale_4,1,768x768,chatcmpl-0c4d582038df443f,WAITING,False,50,-2864.1659040004015,-3000.649858266115,True,False,True
current-mix,2.5,slo_no_preemption_pard_dry_run,0,4.0,current-mix_ia_2p5_slo_no_preemption_pard_dry_run_r0_scale_4,1,768x768,chatcmpl-d447a681186f4d4e,WAITING,False,50,-21450.07211714983,-21450.07211714983,True,False,True
current-mix,2.5,slo_no_preemption_pard_dry_run,0,4.0,current-mix_ia_2p5_slo_no_preemption_pard_dry_run_r0_scale_4,1,768x768,chatcmpl-0c4d582038df443f,WAITING,False,50,-3386.770846322179,-3523.2548005878925,True,False,True
current-mix,2.5,slo_no_preemption_pard_dry_run,0,4.0,current-mix_ia_2p5_slo_no_preemption_pard_dry_run_r0_scale_4,1,768x768,chatcmpl-d447a681186f4d4e,WAITING,False,50,-21971.66258841753,-21971.66258841753,True,False,True
current-mix,2.5,slo_no_preemption_pard_dry_run,0,4.0,current-mix_ia_2p5_slo_no_preemption_pard_dry_run_r0_scale_4,1,768x768,chatcmpl-0c4d582038df443f,WAITING,False,50,-3908.361317589879,-4044.8452718555927,True,False,True
current-mix,2.5,slo_no_preemption_pard_dry_run,0,4.0,current-mix_ia_2p5_slo_no_preemption_pard_dry_run_r0_scale_4,1,768x768,chatcmpl-d447a681186f4d4e,WAITING,False,50,-22494.68643218279,-22494.68643218279,True,False,True
current-mix,2.5,slo_no_preemption_pard_dry_run,0,4.0,current-mix_ia_2p5_slo_no_preemption_pard_dry_run_r0_scale_4,1,768x768,chatcmpl-0c4d582038df443f,WAITING,False,50,-4431.385161355138,-4567.8691156208515,True,False,True
current-mix,2.5,slo_no_preemption_pard_dry_run,0,4.0,current-mix_ia_2p5_slo_no_preemption_pard_dry_run_r0_scale_4,1,768x768,chatcmpl-d447a681186f4d4e,WAITING,False,50,-23018.03619414568,-23018.03619414568,True,False,True
current-mix,2.5,slo_no_preemption_pard_dry_run,0,4.0,current-mix_ia_2p5_slo_no_preemption_pard_dry_run_r0_scale_4,1,768x768,chatcmpl-0c4d582038df443f,WAITING,False,50,-4954.734923318028,-5091.218877583742,True,False,True
current-mix,2.5,slo_no_preemption_pard_dry_run,0,4.0,current-mix_ia_2p5_slo_no_preemption_pard_dry_run_r0_scale_4,1,768x768,chatcmpl-d447a681186f4d4e,WAITING,False,50,-23542.252607643604,-23542.252607643604,True,False,True
current-mix,2.5,slo_no_preemption_pard_dry_run,0,4.0,current-mix_ia_2p5_slo_no_preemption_pard_dry_run_r0_scale_4,1,768x768,chatcmpl-0c4d582038df443f,WAITING,False,50,-5478.951336815953,-5615.435291081667,True,False,True
current-mix,2.5,slo_no_preemption_pard_dry_run,0,4.0,current-mix_ia_2p5_slo_no_preemption_pard_dry_run_r0_scale_4,1,768x768,chatcmpl-d447a681186f4d4e,WAITING,False,50,-24065.986461937428,-24065.986461937428,True,False,True
current-mix,2.5,slo_no_preemption_pard_dry_run,0,4.0,current-mix_ia_2p5_slo_no_preemption_pard_dry_run_r0_scale_4,1,768x768,chatcmpl-0c4d582038df443f,WAITING,False,50,-6002.6851911097765,-6139.16914537549,True,False,True
current-mix,2.5,slo_no_preemption_pard_dry_run,0,4.0,current-mix_ia_2p5_slo_no_preemption_pard_dry_run_r0_scale_4,1,768x768,chatcmpl-d447a681186f4d4e,WAITING,False,50,-24588.800258934498,-24588.800258934498,True,False,True
current-mix,2.5,slo_no_preemption_pard_dry_run,0,4.0,current-mix_ia_2p5_slo_no_preemption_pard_dry_run_r0_scale_4,1,768x768,chatcmpl-0c4d582038df443f,WAITING,False,50,-6525.498988106847,-6661.9829423725605,True,False,True
current-mix,2.5,slo_no_preemption_pard_dry_run,0,4.0,current-mix_ia_2p5_slo_no_preemption_pard_dry_run_r0_scale_4,1,768x768,chatcmpl-d447a681186f4d4e,WAITING,False,50,-25122.644491493702,-25122.644491493702,True,False,True
current-mix,2.5,slo_no_preemption_pard_dry_run,0,4.0,current-mix_ia_2p5_slo_no_preemption_pard_dry_run_r0_scale_4,1,768x768,chatcmpl-0c4d582038df443f,WAITING,False,50,-7059.343220666051,-7195.827174931765,True,False,True
current-mix,2.5,slo_no_preemption_pard_dry_run,0,4.0,current-mix_ia_2p5_slo_no_preemption_pard_dry_run_r0_scale_4,1,768x768,chatcmpl-d447a681186f4d4e,WAITING,False,50,-25647.86798506975,-25647.86798506975,True,False,True
current-mix,2.5,slo_no_preemption_pard_dry_run,0,4.0,current-mix_ia_2p5_slo_no_preemption_pard_dry_run_r0_scale_4,1,768x768,chatcmpl-0c4d582038df443f,WAITING,False,50,-7584.566714242101,-7721.050668507814,True,False,True
current-mix,2.5,slo_no_preemption_pard_dry_run,0,4.0,current-mix_ia_2p5_slo_no_preemption_pard_dry_run_r0_scale_4,1,768x768,chatcmpl-d447a681186f4d4e,WAITING,False,50,-26170.15177756548,-26170.15177756548,True,False,True
current-mix,2.5,slo_no_preemption_pard_dry_run,0,4.0,current-mix_ia_2p5_slo_no_preemption_pard_dry_run_r0_scale_4,1,768x768,chatcmpl-0c4d582038df443f,WAITING,False,50,-8106.850506737828,-8243.334461003542,True,False,True
current-mix,2.5,slo_no_preemption_pard_dry_run,0,4.0,current-mix_ia_2p5_slo_no_preemption_pard_dry_run_r0_scale_4,1,768x768,chatcmpl-d447a681186f4d4e,WAITING,False,50,-26692.97105818987,-26692.97105818987,True,False,True
current-mix,2.5,slo_no_preemption_pard_dry_run,0,4.0,current-mix_ia_2p5_slo_no_preemption_pard_dry_run_r0_scale_4,1,768x768,chatcmpl-0c4d582038df443f,WAITING,False,50,-8629.669787362218,-8766.153741627932,True,False,True
current-mix,2.5,slo_no_preemption_pard_dry_run,0,4.0,current-mix_ia_2p5_slo_no_preemption_pard_dry_run_r0_scale_4,1,768x768,chatcmpl-d447a681186f4d4e,WAITING,False,50,-27710.831470787525,-27710.831470787525,True,False,True
current-mix,2.5,slo_no_preemption_pard_dry_run,0,4.0,current-mix_ia_2p5_slo_no_preemption_pard_dry_run_r0_scale_4,1,768x768,chatcmpl-0c4d582038df443f,WAITING,False,50,-9647.530199959874,-9784.014154225588,True,False,True
current-mix,2.5,slo_no_preemption_pard_dry_run,0,4.0,current-mix_ia_2p5_slo_no_preemption_pard_dry_run_r0_scale_4,1,768x768,chatcmpl-d447a681186f4d4e,RUNNING,True,49,-27795.26069536805,-27795.26069536805,False,True,True
current-mix,2.5,slo_no_preemption_pard_dry_run,0,4.0,current-mix_ia_2p5_slo_no_preemption_pard_dry_run_r0_scale_4,1,768x768,chatcmpl-0c4d582038df443f,WAITING,False,50,-10061.226965859532,-10197.710920125246,True,False,True
current-mix,2.5,slo_no_preemption_pard_dry_run,0,4.0,current-mix_ia_2p5_slo_no_preemption_pard_dry_run_r0_scale_4,1,768x768,chatcmpl-d447a681186f4d4e,RUNNING,True,48,-27808.76873731613,-27808.76873731613,False,True,True
current-mix,2.5,slo_no_preemption_pard_dry_run,0,4.0,current-mix_ia_2p5_slo_no_preemption_pard_dry_run_r0_scale_4,1,768x768,chatcmpl-0c4d582038df443f,WAITING,False,50,-10404.002549126744,-10540.486503392458,True,False,True
current-mix,2.5,slo_no_preemption_pard_dry_run,0,4.0,current-mix_ia_2p5_slo_no_preemption_pard_dry_run_r0_scale_4,1,768x768,chatcmpl-d447a681186f4d4e,RUNNING,True,47,-27829.061218351126,-27829.061218351126,False,True,True
current-mix,2.5,slo_no_preemption_pard_dry_run,0,4.0,current-mix_ia_2p5_slo_no_preemption_pard_dry_run_r0_scale_4,1,768x768,chatcmpl-0c4d582038df443f,WAITING,False,50,-10753.56257148087,-10890.046525746584,True,False,True
current-mix,2.5,slo_no_preemption_pard_dry_run,0,4.0,current-mix_ia_2p5_slo_no_preemption_pard_dry_run_r0_scale_4,1,768x768,chatcmpl-d447a681186f4d4e,RUNNING,True,46,-27850.92225521803,-27850.92225521803,False,True,True
current-mix,2.5,slo_no_preemption_pard_dry_run,0,4.0,current-mix_ia_2p5_slo_no_preemption_pard_dry_run_r0_scale_4,1,768x768,chatcmpl-0c4d582038df443f,WAITING,False,50,-11104.691149666905,-11241.17510393262,True,False,True
current-mix,2.5,slo_no_preemption_pard_dry_run,0,4.0,current-mix_ia_2p5_slo_no_preemption_pard_dry_run_r0_scale_4,1,768x768,chatcmpl-d447a681186f4d4e,RUNNING,True,45,-27862.425435334444,-27862.425435334444,False,True,True
current-mix,2.5,slo_no_preemption_pard_dry_run,0,4.0,current-mix_ia_2p5_slo_no_preemption_pard_dry_run_r0_scale_4,1,768x768,chatcmpl-0c4d582038df443f,WAITING,False,50,-11445.461871102452,-11581.945825368166,True,False,True
current-mix,2.5,slo_no_preemption_pard_dry_run,0,4.0,current-mix_ia_2p5_slo_no_preemption_pard_dry_run_r0_scale_4,1,768x768,chatcmpl-d447a681186f4d4e,RUNNING,True,44,-27871.455976366997,-27871.455976366997,False,True,True
current-mix,2.5,slo_no_preemption_pard_dry_run,0,4.0,current-mix_ia_2p5_slo_no_preemption_pard_dry_run_r0_scale_4,1,768x768,chatcmpl-0c4d582038df443f,WAITING,False,50,-11783.759953454137,-11920.24390771985,True,False,True
current-mix,2.5,slo_no_preemption_pard_dry_run,0,4.0,current-mix_ia_2p5_slo_no_preemption_pard_dry_run_r0_scale_4,1,768x768,chatcmpl-d447a681186f4d4e,RUNNING,True,43,-27885.142832249403,-27885.142832249403,False,True,True
current-mix,2.5,slo_no_preemption_pard_dry_run,0,4.0,current-mix_ia_2p5_slo_no_preemption_pard_dry_run_r0_scale_4,1,768x768,chatcmpl-0c4d582038df443f,WAITING,False,50,-12126.714350655675,-12263.198304921389,True,False,True
current-mix,2.5,slo_no_preemption_pard_dry_run,0,4.0,current-mix_ia_2p5_slo_no_preemption_pard_dry_run_r0_scale_4,1,768x768,chatcmpl-d447a681186f4d4e,RUNNING,True,42,-27897.902001440525,-27897.902001440525,False,True,True
current-mix,2.5,slo_no_preemption_pard_dry_run,0,4.0,current-mix_ia_2p5_slo_no_preemption_pard_dry_run_r0_scale_4,1,768x768,chatcmpl-0c4d582038df443f,WAITING,False,50,-12468.741061165929,-12605.225015431643,True,False,True
current-mix,2.5,slo_no_preemption_pard_dry_run,0,4.0,current-mix_ia_2p5_slo_no_preemption_pard_dry_run_r0_scale_4,1,768x768,chatcmpl-d447a681186f4d4e,RUNNING,True,41,-27905.907104164362,-27905.907104164362,False,True,True
current-mix,2.5,slo_no_preemption_pard_dry_run,0,4.0,current-mix_ia_2p5_slo_no_preemption_pard_dry_run_r0_scale_4,1,768x768,chatcmpl-0c4d582038df443f,WAITING,False,50,-12806.013705208898,-12942.497659474611,True,False,True
current-mix,2.5,slo_no_preemption_pard_dry_run,0,4.0,current-mix_ia_2p5_slo_no_preemption_pard_dry_run_r0_scale_4,1,768x768,chatcmpl-d447a681186f4d4e,RUNNING,True,40,-27919.453531503677,-27919.453531503677,False,True,True
current-mix,2.5,slo_no_preemption_pard_dry_run,0,4.0,current-mix_ia_2p5_slo_no_preemption_pard_dry_run_r0_scale_4,1,768x768,chatcmpl-0c4d582038df443f,WAITING,False,50,-13148.827673867345,-13285.311628133059,True,False,True
current-mix,2.5,slo_no_preemption_pard_dry_run,0,4.0,current-mix_ia_2p5_slo_no_preemption_pard_dry_run_r0_scale_4,1,768x768,chatcmpl-d447a681186f4d4e,RUNNING,True,39,-27933.648695796728,-27933.648695796728,False,True,True
current-mix,2.5,slo_no_preemption_pard_dry_run,0,4.0,current-mix_ia_2p5_slo_no_preemption_pard_dry_run_r0_scale_4,1,768x768,chatcmpl-0c4d582038df443f,WAITING,False,50,-13492.290379479527,-13628.774333745241,True,False,True
current-mix,2.5,slo_no_preemption_pard_dry_run,0,4.0,current-mix_ia_2p5_slo_no_preemption_pard_dry_run_r0_scale_4,1,768x768,chatcmpl-d447a681186f4d4e,RUNNING,True,38,-27965.871165692806,-27965.871165692806,False,True,True
current-mix,2.5,slo_no_preemption_pard_dry_run,0,4.0,current-mix_ia_2p5_slo_no_preemption_pard_dry_run_r0_scale_4,1,768x768,chatcmpl-0c4d582038df443f,WAITING,False,50,-13853.780390694737,-13990.264344960451,True,False,True
current-mix,2.5,slo_no_preemption_pard_dry_run,0,4.0,current-mix_ia_2p5_slo_no_preemption_pard_dry_run_r0_scale_4,1,768x768,chatcmpl-d447a681186f4d4e,RUNNING,True,37,-28002.464801818132,-28002.464801818132,False,True,True
current-mix,2.5,slo_no_preemption_pard_dry_run,0,4.0,current-mix_ia_2p5_slo_no_preemption_pard_dry_run_r0_scale_4,1,768x768,chatcmpl-0c4d582038df443f,WAITING,False,50,-14219.641568139195,-14356.12552240491,True,False,True
current-mix,2.5,slo_no_preemption_pard_dry_run,0,4.0,current-mix_ia_2p5_slo_no_preemption_pard_dry_run_r0_scale_4,1,768x768,chatcmpl-d447a681186f4d4e,RUNNING,True,36,-28008.368721604347,-28008.368721604347,False,True,True
current-mix,2.5,slo_no_preemption_pard_dry_run,0,4.0,current-mix_ia_2p5_slo_no_preemption_pard_dry_run_r0_scale_4,1,768x768,chatcmpl-0c4d582038df443f,WAITING,False,50,-14554.813029244542,-14691.296983510256,True,False,True
current-mix,2.5,slo_no_preemption_pard_dry_run,0,4.0,current-mix_ia_2p5_slo_no_preemption_pard_dry_run_r0_scale_4,1,768x768,chatcmpl-d447a681186f4d4e,RUNNING,True,35,-28012.385319918394,-28012.385319918394,False,True,True
current-mix,2.5,slo_no_preemption_pard_dry_run,0,4.0,current-mix_ia_2p5_slo_no_preemption_pard_dry_run_r0_scale_4,1,768x768,chatcmpl-0c4d582038df443f,WAITING,False,50,-14888.09716887772,-15024.581123143435,True,False,True
current-mix,2.5,slo_no_preemption_pard_dry_run,0,4.0,current-mix_ia_2p5_slo_no_preemption_pard_dry_run_r0_scale_4,1,768x768,chatcmpl-d447a681186f4d4e,RUNNING,True,34,-28022.811563313007,-28022.811563313007,False,True,True
current-mix,2.5,slo_no_preemption_pard_dry_run,0,4.0,current-mix_ia_2p5_slo_no_preemption_pard_dry_run_r0_scale_4,1,768x768,chatcmpl-0c4d582038df443f,WAITING,False,50,-15227.790953591466,-15364.27490785718,True,False,True
current-mix,2.5,slo_no_preemption_pard_dry_run,0,4.0,current-mix_ia_2p5_slo_no_preemption_pard_dry_run_r0_scale_4,1,768x768,chatcmpl-d447a681186f4d4e,RUNNING,True,33,-28028.20169106126,-28028.20169106126,False,True,True
current-mix,2.5,slo_no_preemption_pard_dry_run,0,4.0,current-mix_ia_2p5_slo_no_preemption_pard_dry_run_r0_scale_4,1,768x768,chatcmpl-0c4d582038df443f,WAITING,False,50,-15562.448622658849,-15698.932576924562,True,False,True
current-mix,2.5,slo_no_preemption_pard_dry_run,0,4.0,current-mix_ia_2p5_slo_no_preemption_pard_dry_run_r0_scale_4,1,768x768,chatcmpl-d447a681186f4d4e,RUNNING,True,32,-28059.193921089172,-28059.193921089172,False,True,True
current-mix,2.5,slo_no_preemption_pard_dry_run,0,4.0,current-mix_ia_2p5_slo_no_preemption_pard_dry_run_r0_scale_4,1,768x768,chatcmpl-0c4d582038df443f,WAITING,False,50,-15922.708394005895,-16059.192348271608,True,False,True
current-mix,2.5,slo_no_preemption_pard_dry_run,0,4.0,current-mix_ia_2p5_slo_no_preemption_pard_dry_run_r0_scale_4,1,768x768,chatcmpl-d447a681186f4d4e,RUNNING,True,31,-28074.564012140036,-28074.564012140036,False,True,True
current-mix,2.5,slo_no_preemption_pard_dry_run,0,4.0,current-mix_ia_2p5_slo_no_preemption_pard_dry_run_r0_scale_4,1,768x768,chatcmpl-0c4d582038df443f,WAITING,False,50,-16267.34602637589,-16403.829980641603,True,False,True
current-mix,2.5,slo_no_preemption_pard_dry_run,0,4.0,current-mix_ia_2p5_slo_no_preemption_pard_dry_run_r0_scale_4,1,768x768,chatcmpl-d447a681186f4d4e,RUNNING,True,30,-28097.115747630596,-28097.115747630596,False,True,True
current-mix,2.5,slo_no_preemption_pard_dry_run,0,4.0,current-mix_ia_2p5_slo_no_preemption_pard_dry_run_r0_scale_4,1,768x768,chatcmpl-0c4d582038df443f,WAITING,False,50,-16619.165303185582,-16755.649257451296,True,False,True
current-mix,2.5,slo_no_preemption_pard_dry_run,0,4.0,current-mix_ia_2p5_slo_no_preemption_pard_dry_run_r0_scale_4,1,768x768,chatcmpl-d447a681186f4d4e,RUNNING,True,29,-28108.076763898134,-28108.076763898134,False,True,True
current-mix,2.5,slo_no_preemption_pard_dry_run,0,4.0,current-mix_ia_2p5_slo_no_preemption_pard_dry_run_r0_scale_4,1,768x768,chatcmpl-0c4d582038df443f,WAITING,False,50,-16959.393860772252,-17095.877815037966,True,False,True
current-mix,2.5,slo_no_preemption_pard_dry_run,0,4.0,current-mix_ia_2p5_slo_no_preemption_pard_dry_run_r0_scale_4,1,768x768,chatcmpl-d447a681186f4d4e,RUNNING,True,28,-28131.389531493187,-28131.389531493187,False,True,True
current-mix,2.5,slo_no_preemption_pard_dry_run,0,4.0,current-mix_ia_2p5_slo_no_preemption_pard_dry_run_r0_scale_4,1,768x768,chatcmpl-0c4d582038df443f,WAITING,False,50,-17311.974169686437,-17448.45812395215,True,False,True
current-mix,2.5,slo_no_preemption_pard_dry_run,0,4.0,current-mix_ia_2p5_slo_no_preemption_pard_dry_run_r0_scale_4,1,768x768,chatcmpl-d447a681186f4d4e,RUNNING,True,27,-28135.63286587596,-28135.63286587596,False,True,True
current-mix,2.5,slo_no_preemption_pard_dry_run,0,4.0,current-mix_ia_2p5_slo_no_preemption_pard_dry_run_r0_scale_4,1,768x768,chatcmpl-0c4d582038df443f,WAITING,False,50,-17645.48504538834,-17781.968999654055,True,False,True
current-mix,2.5,slo_no_preemption_pard_dry_run,0,4.0,current-mix_ia_2p5_slo_no_preemption_pard_dry_run_r0_scale_4,1,768x768,chatcmpl-b8d4d54977504fdb,WAITING,False,50,-145.48504538834095,-281.96899965405464,True,False,True
current-mix,2.5,slo_no_preemption_pard_dry_run,0,4.0,current-mix_ia_2p5_slo_no_preemption_pard_dry_run_r0_scale_4,1,768x768,chatcmpl-d447a681186f4d4e,RUNNING,True,26,-28153.73737961054,-28153.73737961054,False,True,True
current-mix,2.5,slo_no_preemption_pard_dry_run,0,4.0,current-mix_ia_2p5_slo_no_preemption_pard_dry_run_r0_scale_4,1,768x768,chatcmpl-0c4d582038df443f,WAITING,False,50,-17992.857100442052,-18129.341054707766,True,False,True
current-mix,2.5,slo_no_preemption_pard_dry_run,0,4.0,current-mix_ia_2p5_slo_no_preemption_pard_dry_run_r0_scale_4,1,768x768,chatcmpl-b8d4d54977504fdb,WAITING,False,50,-492.8571004420519,-629.3410547077656,True,False,True
current-mix,2.5,slo_no_preemption_pard_dry_run,0,4.0,current-mix_ia_2p5_slo_no_preemption_pard_dry_run_r0_scale_4,1,768x768,chatcmpl-d447a681186f4d4e,RUNNING,True,25,-28164.35268893838,-28164.35268893838,False,True,True
current-mix,2.5,slo_no_preemption_pard_dry_run,0,4.0,current-mix_ia_2p5_slo_no_preemption_pard_dry_run_r0_scale_4,1,768x768,chatcmpl-0c4d582038df443f,WAITING,False,50,-18332.739951089025,-18469.22390535474,True,False,True
current-mix,2.5,slo_no_preemption_pard_dry_run,0,4.0,current-mix_ia_2p5_slo_no_preemption_pard_dry_run_r0_scale_4,1,768x768,chatcmpl-b8d4d54977504fdb,WAITING,False,50,-832.7399510890245,-969.2239053547382,True,False,True
current-mix,2.5,slo_no_preemption_pard_dry_run,0,4.0,current-mix_ia_2p5_slo_no_preemption_pard_dry_run_r0_scale_4,1,768x768,chatcmpl-d447a681186f4d4e,RUNNING,True,24,-28174.255365133286,-28174.255365133286,False,True,True
current-mix,2.5,slo_no_preemption_pard_dry_run,0,4.0,current-mix_ia_2p5_slo_no_preemption_pard_dry_run_r0_scale_4,1,768x768,chatcmpl-0c4d582038df443f,WAITING,False,50,-18671.910168603063,-18808.394122868776,True,False,True
current-mix,2.5,slo_no_preemption_pard_dry_run,0,4.0,current-mix_ia_2p5_slo_no_preemption_pard_dry_run_r0_scale_4,1,768x768,chatcmpl-b8d4d54977504fdb,WAITING,False,50,-1171.9101686030626,-1308.3941228687763,True,False,True
current-mix,2.5,slo_no_preemption_pard_dry_run,0,4.0,current-mix_ia_2p5_slo_no_preemption_pard_dry_run_r0_scale_4,1,768x768,chatcmpl-d447a681186f4d4e,RUNNING,True,23,-28184.815599769354,-28184.815599769354,False,True,True
current-mix,2.5,slo_no_preemption_pard_dry_run,0,4.0,current-mix_ia_2p5_slo_no_preemption_pard_dry_run_r0_scale_4,1,768x768,chatcmpl-0c4d582038df443f,WAITING,False,50,-19011.737944558263,-19148.221898823977,True,False,True
current-mix,2.5,slo_no_preemption_pard_dry_run,0,4.0,current-mix_ia_2p5_slo_no_preemption_pard_dry_run_r0_scale_4,1,768x768,chatcmpl-b8d4d54977504fdb,WAITING,False,50,-1511.7379445582628,-1648.2218988239765,True,False,True
current-mix,2.5,slo_no_preemption_pard_dry_run,0,4.0,current-mix_ia_2p5_slo_no_preemption_pard_dry_run_r0_scale_4,1,768x768,chatcmpl-d447a681186f4d4e,RUNNING,True,22,-28183.31519216299,-28183.31519216299,False,True,True
current-mix,2.5,slo_no_preemption_pard_dry_run,0,4.0,current-mix_ia_2p5_slo_no_preemption_pard_dry_run_r0_scale_4,1,768x768,chatcmpl-0c4d582038df443f,WAITING,False,50,-19339.50507827103,-19475.989032536745,True,False,True
current-mix,2.5,slo_no_preemption_pard_dry_run,0,4.0,current-mix_ia_2p5_slo_no_preemption_pard_dry_run_r0_scale_4,1,768x768,chatcmpl-b8d4d54977504fdb,WAITING,False,50,-1839.5050782710314,-1975.989032536745,True,False,True
current-mix,2.5,slo_no_preemption_pard_dry_run,0,4.0,current-mix_ia_2p5_slo_no_preemption_pard_dry_run_r0_scale_4,1,768x768,chatcmpl-d447a681186f4d4e,RUNNING,True,21,-28180.650825053453,-28180.650825053453,False,True,True
current-mix,2.5,slo_no_preemption_pard_dry_run,0,4.0,current-mix_ia_2p5_slo_no_preemption_pard_dry_run_r0_scale_4,1,768x768,chatcmpl-0c4d582038df443f,WAITING,False,50,-19666.108252480626,-19802.59220674634,True,False,True
current-mix,2.5,slo_no_preemption_pard_dry_run,0,4.0,current-mix_ia_2p5_slo_no_preemption_pard_dry_run_r0_scale_4,1,768x768,chatcmpl-b8d4d54977504fdb,WAITING,False,50,-2166.108252480626,-2302.59220674634,True,False,True
current-mix,2.5,slo_no_preemption_pard_dry_run,0,4.0,current-mix_ia_2p5_slo_no_preemption_pard_dry_run_r0_scale_4,1,768x768,chatcmpl-d447a681186f4d4e,RUNNING,True,20,-28186.729982495308,-28186.729982495308,False,True,True
current-mix,2.5,slo_no_preemption_pard_dry_run,0,4.0,current-mix_ia_2p5_slo_no_preemption_pard_dry_run_r0_scale_4,1,768x768,chatcmpl-0c4d582038df443f,WAITING,False,50,-20001.454951241612,-20137.938905507326,True,False,True
current-mix,2.5,slo_no_preemption_pard_dry_run,0,4.0,current-mix_ia_2p5_slo_no_preemption_pard_dry_run_r0_scale_4,1,768x768,chatcmpl-b8d4d54977504fdb,WAITING,False,50,-2501.4549512416124,-2637.938905507326,True,False,True
current-mix,2.5,slo_no_preemption_pard_dry_run,0,4.0,current-mix_ia_2p5_slo_no_preemption_pard_dry_run_r0_scale_4,1,768x768,chatcmpl-d447a681186f4d4e,RUNNING,True,19,-28184.208189696074,-28184.208189696074,False,True,True
current-mix,2.5,slo_no_preemption_pard_dry_run,0,4.0,current-mix_ia_2p5_slo_no_preemption_pard_dry_run_r0_scale_4,1,768x768,chatcmpl-0c4d582038df443f,WAITING,False,50,-20328.20069976151,-20464.684654027224,True,False,True
current-mix,2.5,slo_no_preemption_pard_dry_run,0,4.0,current-mix_ia_2p5_slo_no_preemption_pard_dry_run_r0_scale_4,1,768x768,chatcmpl-b8d4d54977504fdb,WAITING,False,50,-2828.20069976151,-2964.6846540272236,True,False,True
current-mix,2.5,slo_no_preemption_pard_dry_run,0,4.0,current-mix_ia_2p5_slo_no_preemption_pard_dry_run_r0_scale_4,1,768x768,chatcmpl-d447a681186f4d4e,RUNNING,True,18,-28198.719497025013,-28198.719497025013,False,True,True
current-mix,2.5,slo_no_preemption_pard_dry_run,0,4.0,current-mix_ia_2p5_slo_no_preemption_pard_dry_run_r0_scale_4,1,768x768,chatcmpl-0c4d582038df443f,WAITING,False,50,-20671.97954840958,-20808.463502675295,True,False,True
current-mix,2.5,slo_no_preemption_pard_dry_run,0,4.0,current-mix_ia_2p5_slo_no_preemption_pard_dry_run_r0_scale_4,1,768x768,chatcmpl-b8d4d54977504fdb,WAITING,False,50,-3171.979548409581,-3308.463502675295,True,False,True
current-mix,2.5,slo_no_preemption_pard_dry_run,0,4.0,current-mix_ia_2p5_slo_no_preemption_pard_dry_run_r0_scale_4,1,768x768,chatcmpl-d447a681186f4d4e,RUNNING,True,17,-28224.69039335847,-28224.69039335847,False,True,True
current-mix,2.5,slo_no_preemption_pard_dry_run,0,4.0,current-mix_ia_2p5_slo_no_preemption_pard_dry_run_r0_scale_4,1,768x768,chatcmpl-0c4d582038df443f,WAITING,False,50,-21027.21798606217,-21163.701940327883,True,False,True
current-mix,2.5,slo_no_preemption_pard_dry_run,0,4.0,current-mix_ia_2p5_slo_no_preemption_pard_dry_run_r0_scale_4,1,768x768,chatcmpl-b8d4d54977504fdb,WAITING,False,50,-3527.217986062169,-3663.7019403278828,True,False,True
current-mix,2.5,slo_no_preemption_pard_dry_run,0,4.0,current-mix_ia_2p5_slo_no_preemption_pard_dry_run_r0_scale_4,1,768x768,chatcmpl-d447a681186f4d4e,RUNNING,True,16,-28245.141661167145,-28245.141661167145,False,True,True
current-mix,2.5,slo_no_preemption_pard_dry_run,0,4.0,current-mix_ia_2p5_slo_no_preemption_pard_dry_run_r0_scale_4,1,768x768,chatcmpl-0c4d582038df443f,WAITING,False,50,-21376.936795189977,-21513.42074945569,True,False,True
current-mix,2.5,slo_no_preemption_pard_dry_run,0,4.0,current-mix_ia_2p5_slo_no_preemption_pard_dry_run_r0_scale_4,1,768x768,chatcmpl-b8d4d54977504fdb,WAITING,False,50,-3876.9367951899767,-4013.4207494556904,True,False,True
current-mix,2.5,slo_no_preemption_pard_dry_run,0,4.0,current-mix_ia_2p5_slo_no_preemption_pard_dry_run_r0_scale_4,1,768x768,chatcmpl-d447a681186f4d4e,RUNNING,True,15,-28252.199288457632,-28252.199288457632,False,True,True
current-mix,2.5,slo_no_preemption_pard_dry_run,0,4.0,current-mix_ia_2p5_slo_no_preemption_pard_dry_run_r0_scale_4,1,768x768,chatcmpl-0c4d582038df443f,WAITING,False,50,-21713.261963799596,-21849.74591806531,True,False,True
current-mix,2.5,slo_no_preemption_pard_dry_run,0,4.0,current-mix_ia_2p5_slo_no_preemption_pard_dry_run_r0_scale_4,1,768x768,chatcmpl-b8d4d54977504fdb,WAITING,False,50,-4213.261963799596,-4349.7459180653095,True,False,True
current-mix,2.5,slo_no_preemption_pard_dry_run,0,4.0,current-mix_ia_2p5_slo_no_preemption_pard_dry_run_r0_scale_4,1,768x768,chatcmpl-d447a681186f4d4e,RUNNING,True,14,-28265.04404991865,-28265.04404991865,False,True,True
current-mix,2.5,slo_no_preemption_pard_dry_run,0,4.0,current-mix_ia_2p5_slo_no_preemption_pard_dry_run_r0_scale_4,1,768x768,chatcmpl-0c4d582038df443f,WAITING,False,50,-22055.374266579747,-22191.85822084546,True,False,True
current-mix,2.5,slo_no_preemption_pard_dry_run,0,4.0,current-mix_ia_2p5_slo_no_preemption_pard_dry_run_r0_scale_4,1,768x768,chatcmpl-b8d4d54977504fdb,WAITING,False,50,-4555.374266579747,-4691.858220845461,True,False,True
current-mix,2.5,slo_no_preemption_pard_dry_run,0,4.0,current-mix_ia_2p5_slo_no_preemption_pard_dry_run_r0_scale_4,1,768x768,chatcmpl-d447a681186f4d4e,RUNNING,True,13,-28269.607818871737,-28269.607818871737,False,True,True
current-mix,2.5,slo_no_preemption_pard_dry_run,0,4.0,current-mix_ia_2p5_slo_no_preemption_pard_dry_run_r0_scale_4,1,768x768,chatcmpl-0c4d582038df443f,WAITING,False,50,-22389.205576851964,-22525.689531117678,True,False,True
current-mix,2.5,slo_no_preemption_pard_dry_run,0,4.0,current-mix_ia_2p5_slo_no_preemption_pard_dry_run_r0_scale_4,1,768x768,chatcmpl-b8d4d54977504fdb,WAITING,False,50,-4889.205576851964,-5025.689531117678,True,False,True
current-mix,2.5,slo_no_preemption_pard_dry_run,0,4.0,current-mix_ia_2p5_slo_no_preemption_pard_dry_run_r0_scale_4,1,768x768,chatcmpl-d447a681186f4d4e,RUNNING,True,12,-28280.186173319817,-28280.186173319817,False,True,True
current-mix,2.5,slo_no_preemption_pard_dry_run,0,4.0,current-mix_ia_2p5_slo_no_preemption_pard_dry_run_r0_scale_4,1,768x768,chatcmpl-0c4d582038df443f,WAITING,False,50,-22729.051472619176,-22865.53542688489,True,False,True
current-mix,2.5,slo_no_preemption_pard_dry_run,0,4.0,current-mix_ia_2p5_slo_no_preemption_pard_dry_run_r0_scale_4,1,768x768,chatcmpl-b8d4d54977504fdb,WAITING,False,50,-5229.051472619176,-5365.53542688489,True,False,True
current-mix,2.5,slo_no_preemption_pard_dry_run,0,4.0,current-mix_ia_2p5_slo_no_preemption_pard_dry_run_r0_scale_4,1,768x768,chatcmpl-d447a681186f4d4e,RUNNING,True,11,-28283.235984295607,-28283.235984295607,False,True,True
current-mix,2.5,slo_no_preemption_pard_dry_run,0,4.0,current-mix_ia_2p5_slo_no_preemption_pard_dry_run_r0_scale_4,1,768x768,chatcmpl-0c4d582038df443f,WAITING,False,50,-23061.368824914098,-23197.85277917981,True,False,True
current-mix,2.5,slo_no_preemption_pard_dry_run,0,4.0,current-mix_ia_2p5_slo_no_preemption_pard_dry_run_r0_scale_4,1,768x768,chatcmpl-b8d4d54977504fdb,WAITING,False,50,-5561.368824914098,-5697.8527791798115,True,False,True
current-mix,2.5,slo_no_preemption_pard_dry_run,0,4.0,current-mix_ia_2p5_slo_no_preemption_pard_dry_run_r0_scale_4,1,768x768,chatcmpl-d447a681186f4d4e,RUNNING,True,10,-28310.366548597813,-28310.366548597813,False,True,True
current-mix,2.5,slo_no_preemption_pard_dry_run,0,4.0,current-mix_ia_2p5_slo_no_preemption_pard_dry_run_r0_scale_4,1,768x768,chatcmpl-0c4d582038df443f,WAITING,False,50,-23417.766930535436,-23554.25088480115,True,False,True
current-mix,2.5,slo_no_preemption_pard_dry_run,0,4.0,current-mix_ia_2p5_slo_no_preemption_pard_dry_run_r0_scale_4,1,768x768,chatcmpl-b8d4d54977504fdb,WAITING,False,50,-5917.766930535436,-6054.250884801149,True,False,True
current-mix,2.5,slo_no_preemption_pard_dry_run,0,4.0,current-mix_ia_2p5_slo_no_preemption_pard_dry_run_r0_scale_4,1,768x768,chatcmpl-d447a681186f4d4e,RUNNING,True,9,-28328.590033203363,-28328.590033203363,False,True,True
current-mix,2.5,slo_no_preemption_pard_dry_run,0,4.0,current-mix_ia_2p5_slo_no_preemption_pard_dry_run_r0_scale_4,1,768x768,chatcmpl-0c4d582038df443f,WAITING,False,50,-23765.25795646012,-23901.741910725832,True,False,True
current-mix,2.5,slo_no_preemption_pard_dry_run,0,4.0,current-mix_ia_2p5_slo_no_preemption_pard_dry_run_r0_scale_4,1,768x768,chatcmpl-b8d4d54977504fdb,WAITING,False,50,-6265.257956460118,-6401.741910725832,True,False,True
current-mix,2.5,slo_no_preemption_pard_dry_run,0,4.0,current-mix_ia_2p5_slo_no_preemption_pard_dry_run_r0_scale_4,1,768x768,chatcmpl-d447a681186f4d4e,RUNNING,True,8,-28343.4367954731,-28343.4367954731,False,True,True
current-mix,2.5,slo_no_preemption_pard_dry_run,0,4.0,current-mix_ia_2p5_slo_no_preemption_pard_dry_run_r0_scale_4,1,768x768,chatcmpl-0c4d582038df443f,WAITING,False,50,-24109.372260048985,-24245.8562143147,True,False,True
current-mix,2.5,slo_no_preemption_pard_dry_run,0,4.0,current-mix_ia_2p5_slo_no_preemption_pard_dry_run_r0_scale_4,1,768x768,chatcmpl-b8d4d54977504fdb,WAITING,False,50,-6609.3722600489855,-6745.856214314699,True,False,True
current-mix,2.5,slo_no_preemption_pard_dry_run,0,4.0,current-mix_ia_2p5_slo_no_preemption_pard_dry_run_r0_scale_4,1,768x768,chatcmpl-d447a681186f4d4e,RUNNING,True,7,-28357.056894153357,-28357.056894153357,False,True,True
current-mix,2.5,slo_no_preemption_pard_dry_run,0,4.0,current-mix_ia_2p5_slo_no_preemption_pard_dry_run_r0_scale_4,1,768x768,chatcmpl-0c4d582038df443f,WAITING,False,50,-24452.259900048375,-24588.74385431409,True,False,True
current-mix,2.5,slo_no_preemption_pard_dry_run,0,4.0,current-mix_ia_2p5_slo_no_preemption_pard_dry_run_r0_scale_4,1,768x768,chatcmpl-b8d4d54977504fdb,WAITING,False,50,-6952.259900048375,-7088.743854314089,True,False,True
current-mix,2.5,slo_no_preemption_pard_dry_run,0,4.0,current-mix_ia_2p5_slo_no_preemption_pard_dry_run_r0_scale_4,1,768x768,chatcmpl-d447a681186f4d4e,RUNNING,True,6,-28366.645096242428,-28366.645096242428,False,True,True
current-mix,2.5,slo_no_preemption_pard_dry_run,0,4.0,current-mix_ia_2p5_slo_no_preemption_pard_dry_run_r0_scale_4,1,768x768,chatcmpl-0c4d582038df443f,WAITING,False,50,-24791.11564345658,-24927.599597722292,True,False,True
current-mix,2.5,slo_no_preemption_pard_dry_run,0,4.0,current-mix_ia_2p5_slo_no_preemption_pard_dry_run_r0_scale_4,1,768x768,chatcmpl-b8d4d54977504fdb,WAITING,False,50,-7291.115643456578,-7427.599597722292,True,False,True
current-mix,2.5,slo_no_preemption_pard_dry_run,0,4.0,current-mix_ia_2p5_slo_no_preemption_pard_dry_run_r0_scale_4,1,768x768,chatcmpl-d447a681186f4d4e,RUNNING,True,5,-28379.73352149129,-28379.73352149129,False,True,True
current-mix,2.5,slo_no_preemption_pard_dry_run,0,4.0,current-mix_ia_2p5_slo_no_preemption_pard_dry_run_r0_scale_4,1,768x768,chatcmpl-0c4d582038df443f,WAITING,False,50,-25133.47161002457,-25269.955564290285,True,False,True
current-mix,2.5,slo_no_preemption_pard_dry_run,0,4.0,current-mix_ia_2p5_slo_no_preemption_pard_dry_run_r0_scale_4,1,768x768,chatcmpl-b8d4d54977504fdb,WAITING,False,50,-7633.471610024571,-7769.955564290285,True,False,True
current-mix,2.5,slo_no_preemption_pard_dry_run,0,4.0,current-mix_ia_2p5_slo_no_preemption_pard_dry_run_r0_scale_4,1,768x768,chatcmpl-d447a681186f4d4e,RUNNING,True,4,-28428.41617166996,-28428.41617166996,False,True,True
current-mix,2.5,slo_no_preemption_pard_dry_run,0,4.0,current-mix_ia_2p5_slo_no_preemption_pard_dry_run_r0_scale_4,1,768x768,chatcmpl-0c4d582038df443f,WAITING,False,50,-25511.421801522374,-25647.905755788088,True,False,True
current-mix,2.5,slo_no_preemption_pard_dry_run,0,4.0,current-mix_ia_2p5_slo_no_preemption_pard_dry_run_r0_scale_4,1,768x768,chatcmpl-b8d4d54977504fdb,WAITING,False,50,-8011.421801522374,-8147.905755788088,True,False,True
current-mix,2.5,slo_no_preemption_pard_dry_run,0,4.0,current-mix_ia_2p5_slo_no_preemption_pard_dry_run_r0_scale_4,1,768x768,chatcmpl-d447a681186f4d4e,RUNNING,True,3,-28462.66853734851,-28462.66853734851,False,True,True
current-mix,2.5,slo_no_preemption_pard_dry_run,0,4.0,current-mix_ia_2p5_slo_no_preemption_pard_dry_run_r0_scale_4,1,768x768,chatcmpl-0c4d582038df443f,WAITING,False,50,-25874.941708520055,-26011.42566278577,True,False,True
current-mix,2.5,slo_no_preemption_pard_dry_run,0,4.0,current-mix_ia_2p5_slo_no_preemption_pard_dry_run_r0_scale_4,1,768x768,chatcmpl-b8d4d54977504fdb,WAITING,False,50,-8374.941708520055,-8511.425662785769,True,False,True
current-mix,2.5,slo_no_preemption_pard_dry_run,0,4.0,current-mix_ia_2p5_slo_no_preemption_pard_dry_run_r0_scale_4,1,768x768,chatcmpl-d447a681186f4d4e,RUNNING,True,2,-28484.131415188313,-28484.131415188313,False,True,True
current-mix,2.5,slo_no_preemption_pard_dry_run,0,4.0,current-mix_ia_2p5_slo_no_preemption_pard_dry_run_r0_scale_4,1,768x768,chatcmpl-0c4d582038df443f,WAITING,False,50,-26225.67212767899,-26362.156081944704,True,False,True
current-mix,2.5,slo_no_preemption_pard_dry_run,0,4.0,current-mix_ia_2p5_slo_no_preemption_pard_dry_run_r0_scale_4,1,768x768,chatcmpl-b8d4d54977504fdb,WAITING,False,50,-8725.67212767899,-8862.156081944704,True,False,True
current-mix,2.5,slo_no_preemption_pard_dry_run,0,4.0,current-mix_ia_2p5_slo_no_preemption_pard_dry_run_r0_scale_4,1,768x768,chatcmpl-d447a681186f4d4e,RUNNING,True,1,-28507.765094190836,-28507.765094190836,False,True,True
current-mix,2.5,slo_no_preemption_pard_dry_run,0,4.0,current-mix_ia_2p5_slo_no_preemption_pard_dry_run_r0_scale_4,1,768x768,chatcmpl-0c4d582038df443f,WAITING,False,50,-26578.573348000646,-26715.05730226636,True,False,True
current-mix,2.5,slo_no_preemption_pard_dry_run,0,4.0,current-mix_ia_2p5_slo_no_preemption_pard_dry_run_r0_scale_4,1,768x768,chatcmpl-b8d4d54977504fdb,WAITING,False,50,-9078.573348000646,-9215.05730226636,True,False,True
current-mix,2.5,slo_no_preemption_pard_dry_run,0,4.0,current-mix_ia_2p5_slo_no_preemption_pard_dry_run_r0_scale_4,1,512x512,chatcmpl-0c4d582038df443f,WAITING,False,50,-27185.122134163976,-27321.60608842969,True,False,True
current-mix,2.5,slo_no_preemption_pard_dry_run,0,4.0,current-mix_ia_2p5_slo_no_preemption_pard_dry_run_r0_scale_4,1,512x512,chatcmpl-b8d4d54977504fdb,WAITING,False,50,-9685.122134163976,-9821.60608842969,True,False,True
current-mix,2.5,slo_no_preemption_pard_dry_run,0,4.0,current-mix_ia_2p5_slo_no_preemption_pard_dry_run_r0_scale_4,1,512x512,chatcmpl-0c4d582038df443f,RUNNING,True,49,-27364.065956510603,-27497.820231691003,False,True,True
current-mix,2.5,slo_no_preemption_pard_dry_run,0,4.0,current-mix_ia_2p5_slo_no_preemption_pard_dry_run_r0_scale_4,1,512x512,chatcmpl-b8d4d54977504fdb,RUNNING,True,49,-9864.065956510603,-9997.820231691003,False,True,True
current-mix,2.5,slo_no_preemption_pard_dry_run,0,4.0,current-mix_ia_2p5_slo_no_preemption_pard_dry_run_r0_scale_4,1,512x512,chatcmpl-0c4d582038df443f,RUNNING,True,48,-27406.623861193657,-27537.648457288742,False,True,True
current-mix,2.5,slo_no_preemption_pard_dry_run,0,4.0,current-mix_ia_2p5_slo_no_preemption_pard_dry_run_r0_scale_4,1,512x512,chatcmpl-b8d4d54977504fdb,RUNNING,True,48,-9906.623861193657,-10037.648457288742,False,True,True
current-mix,2.5,slo_no_preemption_pard_dry_run,0,4.0,current-mix_ia_2p5_slo_no_preemption_pard_dry_run_r0_scale_4,1,512x512,chatcmpl-0c4d582038df443f,RUNNING,True,47,-27457.776517234743,-27586.071434244514,False,True,True
current-mix,2.5,slo_no_preemption_pard_dry_run,0,4.0,current-mix_ia_2p5_slo_no_preemption_pard_dry_run_r0_scale_4,1,512x512,chatcmpl-b8d4d54977504fdb,RUNNING,True,47,-9957.776517234743,-10086.071434244514,False,True,True
current-mix,2.5,slo_no_preemption_pard_dry_run,0,4.0,current-mix_ia_2p5_slo_no_preemption_pard_dry_run_r0_scale_4,1,512x512,chatcmpl-0c4d582038df443f,RUNNING,True,46,-27510.440270230174,-27636.00550815463,False,True,True
current-mix,2.5,slo_no_preemption_pard_dry_run,0,4.0,current-mix_ia_2p5_slo_no_preemption_pard_dry_run_r0_scale_4,1,512x512,chatcmpl-b8d4d54977504fdb,RUNNING,True,46,-10010.440270230174,-10136.00550815463,False,True,True
current-mix,2.5,slo_no_preemption_pard_dry_run,0,4.0,current-mix_ia_2p5_slo_no_preemption_pard_dry_run_r0_scale_4,1,512x512,chatcmpl-0c4d582038df443f,RUNNING,True,45,-27565.93142915517,-27688.766987994313,False,True,True
current-mix,2.5,slo_no_preemption_pard_dry_run,0,4.0,current-mix_ia_2p5_slo_no_preemption_pard_dry_run_r0_scale_4,1,512x512,chatcmpl-b8d4d54977504fdb,RUNNING,True,45,-10065.931429155171,-10188.766987994313,False,True,True
current-mix,2.5,slo_no_preemption_pard_dry_run,0,4.0,current-mix_ia_2p5_slo_no_preemption_pard_dry_run_r0_scale_4,1,512x512,chatcmpl-0c4d582038df443f,RUNNING,True,44,-27610.118686407804,-27730.224566161633,False,True,True
current-mix,2.5,slo_no_preemption_pard_dry_run,0,4.0,current-mix_ia_2p5_slo_no_preemption_pard_dry_run_r0_scale_4,1,512x512,chatcmpl-b8d4d54977504fdb,RUNNING,True,44,-10110.118686407804,-10230.224566161633,False,True,True
current-mix,2.5,slo_no_preemption_pard_dry_run,0,4.0,current-mix_ia_2p5_slo_no_preemption_pard_dry_run_r0_scale_4,1,512x512,chatcmpl-0c4d582038df443f,RUNNING,True,43,-27660.1703254506,-27777.546526119113,False,True,True
current-mix,2.5,slo_no_preemption_pard_dry_run,0,4.0,current-mix_ia_2p5_slo_no_preemption_pard_dry_run_r0_scale_4,1,512x512,chatcmpl-b8d4d54977504fdb,RUNNING,True,43,-10160.1703254506,-10277.546526119113,False,True,True
current-mix,2.5,slo_no_preemption_pard_dry_run,0,4.0,current-mix_ia_2p5_slo_no_preemption_pard_dry_run_r0_scale_4,1,512x512,chatcmpl-0c4d582038df443f,RUNNING,True,42,-27708.451229706407,-27823.097751289606,False,True,True
current-mix,2.5,slo_no_preemption_pard_dry_run,0,4.0,current-mix_ia_2p5_slo_no_preemption_pard_dry_run_r0_scale_4,1,512x512,chatcmpl-b8d4d54977504fdb,RUNNING,True,42,-10208.451229706407,-10323.097751289606,False,True,True
current-mix,2.5,slo_no_preemption_pard_dry_run,0,4.0,current-mix_ia_2p5_slo_no_preemption_pard_dry_run_r0_scale_4,1,512x512,chatcmpl-0c4d582038df443f,RUNNING,True,41,-27758.217720128596,-27870.13456262648,False,True,True
current-mix,2.5,slo_no_preemption_pard_dry_run,0,4.0,current-mix_ia_2p5_slo_no_preemption_pard_dry_run_r0_scale_4,1,512x512,chatcmpl-b8d4d54977504fdb,RUNNING,True,41,-10258.217720128596,-10370.134562626481,False,True,True
current-mix,2.5,slo_no_preemption_pard_dry_run,0,4.0,current-mix_ia_2p5_slo_no_preemption_pard_dry_run_r0_scale_4,1,512x512,chatcmpl-0c4d582038df443f,RUNNING,True,40,-27811.462737619877,-27920.649901032448,False,True,True
current-mix,2.5,slo_no_preemption_pard_dry_run,0,4.0,current-mix_ia_2p5_slo_no_preemption_pard_dry_run_r0_scale_4,1,512x512,chatcmpl-b8d4d54977504fdb,RUNNING,True,40,-10311.462737619877,-10420.649901032448,False,True,True
current-mix,2.5,slo_no_preemption_pard_dry_run,0,4.0,current-mix_ia_2p5_slo_no_preemption_pard_dry_run_r0_scale_4,1,512x512,chatcmpl-0c4d582038df443f,RUNNING,True,39,-27862.773942016065,-27969.23142634332,False,True,True
current-mix,2.5,slo_no_preemption_pard_dry_run,0,4.0,current-mix_ia_2p5_slo_no_preemption_pard_dry_run_r0_scale_4,1,512x512,chatcmpl-b8d4d54977504fdb,RUNNING,True,39,-10362.773942016065,-10469.231426343322,False,True,True
current-mix,2.5,slo_no_preemption_pard_dry_run,0,4.0,current-mix_ia_2p5_slo_no_preemption_pard_dry_run_r0_scale_4,1,512x512,chatcmpl-0c4d582038df443f,RUNNING,True,38,-27910.91513298452,-28014.64293822646,False,True,True
current-mix,2.5,slo_no_preemption_pard_dry_run,0,4.0,current-mix_ia_2p5_slo_no_preemption_pard_dry_run_r0_scale_4,1,512x512,chatcmpl-b8d4d54977504fdb,RUNNING,True,38,-10410.915132984519,-10514.642938226461,False,True,True
current-mix,2.5,slo_no_preemption_pard_dry_run,0,4.0,current-mix_ia_2p5_slo_no_preemption_pard_dry_run_r0_scale_4,1,512x512,chatcmpl-0c4d582038df443f,RUNNING,True,37,-27958.88752359897,-28059.885649755597,False,True,True
current-mix,2.5,slo_no_preemption_pard_dry_run,0,4.0,current-mix_ia_2p5_slo_no_preemption_pard_dry_run_r0_scale_4,1,512x512,chatcmpl-b8d4d54977504fdb,RUNNING,True,37,-10458.887523598969,-10559.885649755597,False,True,True
current-mix,2.5,slo_no_preemption_pard_dry_run,0,4.0,current-mix_ia_2p5_slo_no_preemption_pard_dry_run_r0_scale_4,1,512x512,chatcmpl-0c4d582038df443f,RUNNING,True,36,-28007.882014662027,-28106.15046173334,False,True,True
current-mix,2.5,slo_no_preemption_pard_dry_run,0,4.0,current-mix_ia_2p5_slo_no_preemption_pard_dry_run_r0_scale_4,1,512x512,chatcmpl-b8d4d54977504fdb,RUNNING,True,36,-10507.882014662027,-10606.150461733341,False,True,True
current-mix,2.5,slo_no_preemption_pard_dry_run,0,4.0,current-mix_ia_2p5_slo_no_preemption_pard_dry_run_r0_scale_4,1,512x512,chatcmpl-0c4d582038df443f,RUNNING,True,35,-28053.487385623157,-28149.026153609157,False,True,True
current-mix,2.5,slo_no_preemption_pard_dry_run,0,4.0,current-mix_ia_2p5_slo_no_preemption_pard_dry_run_r0_scale_4,1,512x512,chatcmpl-b8d4d54977504fdb,RUNNING,True,35,-10553.487385623157,-10649.026153609157,False,True,True
current-mix,2.5,slo_no_preemption_pard_dry_run,0,4.0,current-mix_ia_2p5_slo_no_preemption_pard_dry_run_r0_scale_4,1,512x512,chatcmpl-0c4d582038df443f,RUNNING,True,34,-28103.64297516644,-28196.452064067125,False,True,True
current-mix,2.5,slo_no_preemption_pard_dry_run,0,4.0,current-mix_ia_2p5_slo_no_preemption_pard_dry_run_r0_scale_4,1,512x512,chatcmpl-b8d4d54977504fdb,RUNNING,True,34,-10603.64297516644,-10696.452064067125,False,True,True
current-mix,2.5,slo_no_preemption_pard_dry_run,0,4.0,current-mix_ia_2p5_slo_no_preemption_pard_dry_run_r0_scale_4,1,512x512,chatcmpl-0c4d582038df443f,RUNNING,True,33,-28155.344709195197,-28245.424119010568,False,True,True
current-mix,2.5,slo_no_preemption_pard_dry_run,0,4.0,current-mix_ia_2p5_slo_no_preemption_pard_dry_run_r0_scale_4,1,512x512,chatcmpl-b8d4d54977504fdb,RUNNING,True,33,-10655.344709195197,-10745.424119010568,False,True,True
current-mix,2.5,slo_no_preemption_pard_dry_run,0,4.0,current-mix_ia_2p5_slo_no_preemption_pard_dry_run_r0_scale_4,1,512x512,chatcmpl-0c4d582038df443f,RUNNING,True,32,-28205.427581071854,-28292.77731180191,False,True,True
current-mix,2.5,slo_no_preemption_pard_dry_run,0,4.0,current-mix_ia_2p5_slo_no_preemption_pard_dry_run_r0_scale_4,1,512x512,chatcmpl-b8d4d54977504fdb,RUNNING,True,32,-10705.427581071854,-10792.77731180191,False,True,True
current-mix,2.5,slo_no_preemption_pard_dry_run,0,4.0,current-mix_ia_2p5_slo_no_preemption_pard_dry_run_r0_scale_4,1,512x512,chatcmpl-0c4d582038df443f,RUNNING,True,31,-28227.87988539785,-28312.499937042594,False,True,True
current-mix,2.5,slo_no_preemption_pard_dry_run,0,4.0,current-mix_ia_2p5_slo_no_preemption_pard_dry_run_r0_scale_4,1,512x512,chatcmpl-b8d4d54977504fdb,RUNNING,True,31,-10727.879885397851,-10812.499937042594,False,True,True
current-mix,2.5,slo_no_preemption_pard_dry_run,0,4.0,current-mix_ia_2p5_slo_no_preemption_pard_dry_run_r0_scale_4,1,512x512,chatcmpl-0c4d582038df443f,RUNNING,True,30,-28249.03996102512,-28330.930333584547,False,True,True
current-mix,2.5,slo_no_preemption_pard_dry_run,0,4.0,current-mix_ia_2p5_slo_no_preemption_pard_dry_run_r0_scale_4,1,512x512,chatcmpl-b8d4d54977504fdb,RUNNING,True,30,-10749.039961025119,-10830.930333584547,False,True,True
current-mix,2.5,slo_no_preemption_pard_dry_run,0,4.0,current-mix_ia_2p5_slo_no_preemption_pard_dry_run_r0_scale_4,1,512x512,chatcmpl-0c4d582038df443f,RUNNING,True,29,-28275.79333651811,-28354.954029992223,False,True,True
current-mix,2.5,slo_no_preemption_pard_dry_run,0,4.0,current-mix_ia_2p5_slo_no_preemption_pard_dry_run_r0_scale_4,1,512x512,chatcmpl-b8d4d54977504fdb,RUNNING,True,29,-10775.793336518109,-10854.954029992223,False,True,True
current-mix,2.5,slo_no_preemption_pard_dry_run,0,4.0,current-mix_ia_2p5_slo_no_preemption_pard_dry_run_r0_scale_4,1,512x512,chatcmpl-0c4d582038df443f,RUNNING,True,28,-28302.022429555655,-28378.453443944454,False,True,True
current-mix,2.5,slo_no_preemption_pard_dry_run,0,4.0,current-mix_ia_2p5_slo_no_preemption_pard_dry_run_r0_scale_4,1,512x512,chatcmpl-b8d4d54977504fdb,RUNNING,True,28,-10802.022429555655,-10878.453443944454,False,True,True
current-mix,2.5,slo_no_preemption_pard_dry_run,0,4.0,current-mix_ia_2p5_slo_no_preemption_pard_dry_run_r0_scale_4,1,512x512,chatcmpl-0c4d582038df443f,RUNNING,True,27,-28328.06031089276,-28401.761646196246,False,True,True
current-mix,2.5,slo_no_preemption_pard_dry_run,0,4.0,current-mix_ia_2p5_slo_no_preemption_pard_dry_run_r0_scale_4,1,512x512,chatcmpl-b8d4d54977504fdb,RUNNING,True,27,-10828.06031089276,-10901.761646196246,False,True,True
current-mix,2.5,slo_no_preemption_pard_dry_run,0,4.0,current-mix_ia_2p5_slo_no_preemption_pard_dry_run_r0_scale_4,1,512x512,chatcmpl-0c4d582038df443f,RUNNING,True,26,-28358.53420831263,-28429.5058645308,False,True,True
current-mix,2.5,slo_no_preemption_pard_dry_run,0,4.0,current-mix_ia_2p5_slo_no_preemption_pard_dry_run_r0_scale_4,1,512x512,chatcmpl-b8d4d54977504fdb,RUNNING,True,26,-10858.53420831263,-10929.505864530802,False,True,True
current-mix,2.5,slo_no_preemption_pard_dry_run,0,4.0,current-mix_ia_2p5_slo_no_preemption_pard_dry_run_r0_scale_4,1,512x512,chatcmpl-0c4d582038df443f,RUNNING,True,25,-28388.303340412676,-28456.545317545533,False,True,True
current-mix,2.5,slo_no_preemption_pard_dry_run,0,4.0,current-mix_ia_2p5_slo_no_preemption_pard_dry_run_r0_scale_4,1,512x512,chatcmpl-b8d4d54977504fdb,RUNNING,True,25,-10888.303340412676,-10956.545317545533,False,True,True
current-mix,2.5,slo_no_preemption_pard_dry_run,0,4.0,current-mix_ia_2p5_slo_no_preemption_pard_dry_run_r0_scale_4,1,512x512,chatcmpl-0c4d582038df443f,RUNNING,True,24,-28410.16794294119,-28475.68024098873,False,True,True
current-mix,2.5,slo_no_preemption_pard_dry_run,0,4.0,current-mix_ia_2p5_slo_no_preemption_pard_dry_run_r0_scale_4,1,512x512,chatcmpl-b8d4d54977504fdb,RUNNING,True,24,-10910.167942941189,-10975.680240988731,False,True,True
current-mix,2.5,slo_no_preemption_pard_dry_run,0,4.0,current-mix_ia_2p5_slo_no_preemption_pard_dry_run_r0_scale_4,1,512x512,chatcmpl-0c4d582038df443f,RUNNING,True,23,-28439.352949522436,-28502.135568484664,False,True,True
current-mix,2.5,slo_no_preemption_pard_dry_run,0,4.0,current-mix_ia_2p5_slo_no_preemption_pard_dry_run_r0_scale_4,1,512x512,chatcmpl-b8d4d54977504fdb,RUNNING,True,23,-10939.352949522436,-11002.135568484664,False,True,True
current-mix,2.5,slo_no_preemption_pard_dry_run,0,4.0,current-mix_ia_2p5_slo_no_preemption_pard_dry_run_r0_scale_4,1,512x512,chatcmpl-0c4d582038df443f,RUNNING,True,22,-28467.866092547774,-28527.91903242469,False,True,True
current-mix,2.5,slo_no_preemption_pard_dry_run,0,4.0,current-mix_ia_2p5_slo_no_preemption_pard_dry_run_r0_scale_4,1,512x512,chatcmpl-b8d4d54977504fdb,RUNNING,True,22,-10967.866092547774,-11027.919032424688,False,True,True
current-mix,2.5,slo_no_preemption_pard_dry_run,0,4.0,current-mix_ia_2p5_slo_no_preemption_pard_dry_run_r0_scale_4,1,512x512,chatcmpl-0c4d582038df443f,RUNNING,True,21,-28502.330878563225,-28559.654139354825,False,True,True
current-mix,2.5,slo_no_preemption_pard_dry_run,0,4.0,current-mix_ia_2p5_slo_no_preemption_pard_dry_run_r0_scale_4,1,512x512,chatcmpl-b8d4d54977504fdb,RUNNING,True,21,-11002.330878563225,-11059.654139354825,False,True,True
current-mix,2.5,slo_no_preemption_pard_dry_run,0,4.0,current-mix_ia_2p5_slo_no_preemption_pard_dry_run_r0_scale_4,1,512x512,chatcmpl-0c4d582038df443f,RUNNING,True,20,-28529.851961880922,-28584.445543587208,False,True,True
current-mix,2.5,slo_no_preemption_pard_dry_run,0,4.0,current-mix_ia_2p5_slo_no_preemption_pard_dry_run_r0_scale_4,1,512x512,chatcmpl-b8d4d54977504fdb,RUNNING,True,20,-11029.851961880922,-11084.445543587208,False,True,True
current-mix,2.5,slo_no_preemption_pard_dry_run,0,4.0,current-mix_ia_2p5_slo_no_preemption_pard_dry_run_r0_scale_4,1,512x512,chatcmpl-0c4d582038df443f,RUNNING,True,19,-28558.082578890026,-28609.946481510997,False,True,True
current-mix,2.5,slo_no_preemption_pard_dry_run,0,4.0,current-mix_ia_2p5_slo_no_preemption_pard_dry_run_r0_scale_4,1,512x512,chatcmpl-b8d4d54977504fdb,RUNNING,True,19,-11058.082578890026,-11109.946481510997,False,True,True
current-mix,2.5,slo_no_preemption_pard_dry_run,0,4.0,current-mix_ia_2p5_slo_no_preemption_pard_dry_run_r0_scale_4,1,512x512,chatcmpl-0c4d582038df443f,RUNNING,True,18,-28590.703674033284,-28639.83789756894,False,True,True
current-mix,2.5,slo_no_preemption_pard_dry_run,0,4.0,current-mix_ia_2p5_slo_no_preemption_pard_dry_run_r0_scale_4,1,512x512,chatcmpl-b8d4d54977504fdb,RUNNING,True,18,-11090.703674033284,-11139.837897568941,False,True,True
current-mix,2.5,slo_no_preemption_pard_dry_run,0,4.0,current-mix_ia_2p5_slo_no_preemption_pard_dry_run_r0_scale_4,1,512x512,chatcmpl-0c4d582038df443f,RUNNING,True,17,-28630.898612178862,-28677.303156629205,False,True,True
current-mix,2.5,slo_no_preemption_pard_dry_run,0,4.0,current-mix_ia_2p5_slo_no_preemption_pard_dry_run_r0_scale_4,1,512x512,chatcmpl-b8d4d54977504fdb,RUNNING,True,17,-11130.898612178862,-11177.303156629205,False,True,True
current-mix,2.5,slo_no_preemption_pard_dry_run,0,4.0,current-mix_ia_2p5_slo_no_preemption_pard_dry_run_r0_scale_4,1,512x512,chatcmpl-0c4d582038df443f,RUNNING,True,16,-28670.26289999485,-28713.93776535988,False,True,True
current-mix,2.5,slo_no_preemption_pard_dry_run,0,4.0,current-mix_ia_2p5_slo_no_preemption_pard_dry_run_r0_scale_4,1,512x512,chatcmpl-b8d4d54977504fdb,RUNNING,True,16,-11170.26289999485,-11213.937765359879,False,True,True
current-mix,2.5,slo_no_preemption_pard_dry_run,0,4.0,current-mix_ia_2p5_slo_no_preemption_pard_dry_run_r0_scale_4,1,512x512,chatcmpl-0c4d582038df443f,RUNNING,True,15,-28710.013187490404,-28750.958373770118,False,True,True
current-mix,2.5,slo_no_preemption_pard_dry_run,0,4.0,current-mix_ia_2p5_slo_no_preemption_pard_dry_run_r0_scale_4,1,512x512,chatcmpl-b8d4d54977504fdb,RUNNING,True,15,-11210.013187490404,-11250.958373770118,False,True,True
current-mix,2.5,slo_no_preemption_pard_dry_run,0,4.0,current-mix_ia_2p5_slo_no_preemption_pard_dry_run_r0_scale_4,1,512x512,chatcmpl-0c4d582038df443f,RUNNING,True,14,-28747.311578318477,-28785.527085512877,False,True,True
current-mix,2.5,slo_no_preemption_pard_dry_run,0,4.0,current-mix_ia_2p5_slo_no_preemption_pard_dry_run_r0_scale_4,1,512x512,chatcmpl-b8d4d54977504fdb,RUNNING,True,14,-11247.311578318477,-11285.527085512877,False,True,True
current-mix,2.5,slo_no_preemption_pard_dry_run,0,4.0,current-mix_ia_2p5_slo_no_preemption_pard_dry_run_r0_scale_4,1,512x512,chatcmpl-0c4d582038df443f,RUNNING,True,13,-28785.075123794377,-28820.560951903462,False,True,True
current-mix,2.5,slo_no_preemption_pard_dry_run,0,4.0,current-mix_ia_2p5_slo_no_preemption_pard_dry_run_r0_scale_4,1,512x512,chatcmpl-b8d4d54977504fdb,RUNNING,True,13,-11285.075123794377,-11320.560951903462,False,True,True
current-mix,2.5,slo_no_preemption_pard_dry_run,0,4.0,current-mix_ia_2p5_slo_no_preemption_pard_dry_run_r0_scale_4,1,512x512,chatcmpl-0c4d582038df443f,RUNNING,True,12,-28827.824717015028,-28860.5808660388,False,True,True
current-mix,2.5,slo_no_preemption_pard_dry_run,0,4.0,current-mix_ia_2p5_slo_no_preemption_pard_dry_run_r0_scale_4,1,512x512,chatcmpl-b8d4d54977504fdb,RUNNING,True,12,-11327.824717015028,-11360.5808660388,False,True,True
current-mix,2.5,slo_no_preemption_pard_dry_run,0,4.0,current-mix_ia_2p5_slo_no_preemption_pard_dry_run_r0_scale_4,1,512x512,chatcmpl-0c4d582038df443f,RUNNING,True,11,-28867.467239312828,-28897.493709251285,False,True,True
current-mix,2.5,slo_no_preemption_pard_dry_run,0,4.0,current-mix_ia_2p5_slo_no_preemption_pard_dry_run_r0_scale_4,1,512x512,chatcmpl-b8d4d54977504fdb,RUNNING,True,11,-11367.467239312828,-11397.493709251285,False,True,True
current-mix,2.5,slo_no_preemption_pard_dry_run,0,4.0,current-mix_ia_2p5_slo_no_preemption_pard_dry_run_r0_scale_4,1,512x512,chatcmpl-0c4d582038df443f,RUNNING,True,10,-28917.59946383536,-28944.8962546885,False,True,True
current-mix,2.5,slo_no_preemption_pard_dry_run,0,4.0,current-mix_ia_2p5_slo_no_preemption_pard_dry_run_r0_scale_4,1,512x512,chatcmpl-b8d4d54977504fdb,RUNNING,True,10,-11417.599463835359,-11444.896254688501,False,True,True
current-mix,2.5,slo_no_preemption_pard_dry_run,0,4.0,current-mix_ia_2p5_slo_no_preemption_pard_dry_run_r0_scale_4,1,512x512,chatcmpl-0c4d582038df443f,RUNNING,True,9,-28942.867968417704,-28967.435080185533,False,True,True
current-mix,2.5,slo_no_preemption_pard_dry_run,0,4.0,current-mix_ia_2p5_slo_no_preemption_pard_dry_run_r0_scale_4,1,512x512,chatcmpl-b8d4d54977504fdb,RUNNING,True,9,-11442.867968417704,-11467.435080185533,False,True,True
current-mix,2.5,slo_no_preemption_pard_dry_run,0,4.0,current-mix_ia_2p5_slo_no_preemption_pard_dry_run_r0_scale_4,1,512x512,chatcmpl-0c4d582038df443f,RUNNING,True,8,-28955.782814323902,-28977.620247006416,False,True,True
current-mix,2.5,slo_no_preemption_pard_dry_run,0,4.0,current-mix_ia_2p5_slo_no_preemption_pard_dry_run_r0_scale_4,1,512x512,chatcmpl-b8d4d54977504fdb,RUNNING,True,8,-11455.782814323902,-11477.620247006416,False,True,True
current-mix,2.5,slo_no_preemption_pard_dry_run,0,4.0,current-mix_ia_2p5_slo_no_preemption_pard_dry_run_r0_scale_4,1,512x512,chatcmpl-0c4d582038df443f,RUNNING,True,7,-28982.212178967893,-29001.319932565093,False,True,True
current-mix,2.5,slo_no_preemption_pard_dry_run,0,4.0,current-mix_ia_2p5_slo_no_preemption_pard_dry_run_r0_scale_4,1,512x512,chatcmpl-b8d4d54977504fdb,RUNNING,True,7,-11482.212178967893,-11501.319932565093,False,True,True
current-mix,2.5,slo_no_preemption_pard_dry_run,0,4.0,current-mix_ia_2p5_slo_no_preemption_pard_dry_run_r0_scale_4,1,512x512,chatcmpl-0c4d582038df443f,RUNNING,True,6,-29011.560979112983,-29027.93905362487,False,True,True
current-mix,2.5,slo_no_preemption_pard_dry_run,0,4.0,current-mix_ia_2p5_slo_no_preemption_pard_dry_run_r0_scale_4,1,512x512,chatcmpl-b8d4d54977504fdb,RUNNING,True,6,-11511.560979112983,-11527.939053624868,False,True,True
current-mix,2.5,slo_no_preemption_pard_dry_run,0,4.0,current-mix_ia_2p5_slo_no_preemption_pard_dry_run_r0_scale_4,1,512x512,chatcmpl-0c4d582038df443f,RUNNING,True,5,-29031.81101102382,-29045.45940645039,False,True,True
current-mix,2.5,slo_no_preemption_pard_dry_run,0,4.0,current-mix_ia_2p5_slo_no_preemption_pard_dry_run_r0_scale_4,1,512x512,chatcmpl-b8d4d54977504fdb,RUNNING,True,5,-11531.81101102382,-11545.45940645039,False,True,True
current-mix,2.5,slo_no_preemption_pard_dry_run,0,4.0,current-mix_ia_2p5_slo_no_preemption_pard_dry_run_r0_scale_4,1,512x512,chatcmpl-0c4d582038df443f,RUNNING,True,4,-29057.83983245492,-29068.758548796177,False,True,True
current-mix,2.5,slo_no_preemption_pard_dry_run,0,4.0,current-mix_ia_2p5_slo_no_preemption_pard_dry_run_r0_scale_4,1,512x512,chatcmpl-b8d4d54977504fdb,RUNNING,True,4,-11557.83983245492,-11568.758548796177,False,True,True
current-mix,2.5,slo_no_preemption_pard_dry_run,0,4.0,current-mix_ia_2p5_slo_no_preemption_pard_dry_run_r0_scale_4,1,512x512,chatcmpl-0c4d582038df443f,RUNNING,True,3,-29083.668143860996,-29091.85718111694,False,True,True
current-mix,2.5,slo_no_preemption_pard_dry_run,0,4.0,current-mix_ia_2p5_slo_no_preemption_pard_dry_run_r0_scale_4,1,512x512,chatcmpl-b8d4d54977504fdb,RUNNING,True,3,-11583.668143860996,-11591.857181116939,False,True,True
current-mix,2.5,slo_no_preemption_pard_dry_run,0,4.0,current-mix_ia_2p5_slo_no_preemption_pard_dry_run_r0_scale_4,1,512x512,chatcmpl-0c4d582038df443f,RUNNING,True,2,-29107.483725622296,-29112.943083792925,False,True,True
current-mix,2.5,slo_no_preemption_pard_dry_run,0,4.0,current-mix_ia_2p5_slo_no_preemption_pard_dry_run_r0_scale_4,1,512x512,chatcmpl-b8d4d54977504fdb,RUNNING,True,2,-11607.483725622296,-11612.943083792925,False,True,True
current-mix,2.5,slo_no_preemption_pard_dry_run,0,4.0,current-mix_ia_2p5_slo_no_preemption_pard_dry_run_r0_scale_4,1,512x512,chatcmpl-0c4d582038df443f,RUNNING,True,1,-29130.750944651663,-29133.480623736978,False,True,True
current-mix,2.5,slo_no_preemption_pard_dry_run,0,4.0,current-mix_ia_2p5_slo_no_preemption_pard_dry_run_r0_scale_4,1,512x512,chatcmpl-b8d4d54977504fdb,RUNNING,True,1,-11630.750944651663,-11633.480623736978,False,True,True
current-mix,2.5,slo_no_preemption_pard_dry_run,0,4.0,current-mix_ia_2p5_slo_no_preemption_pard_dry_run_r0_scale_4,2,512x512,chatcmpl-cb14e2a870044ba4,WAITING,False,50,-163.99785317480564,-163.99785317480564,True,False,True
current-mix,2.5,slo_no_preemption_pard_dry_run,0,4.0,current-mix_ia_2p5_slo_no_preemption_pard_dry_run_r0_scale_4,2,512x512,chatcmpl-cb14e2a870044ba4,WAITING,False,50,-554.2626027017832,-554.2626027017832,True,False,True
current-mix,2.5,slo_no_preemption_pard_dry_run,0,4.0,current-mix_ia_2p5_slo_no_preemption_pard_dry_run_r0_scale_4,2,512x512,chatcmpl-cb14e2a870044ba4,WAITING,False,50,-945.8105210214853,-945.8105210214853,True,False,True
current-mix,2.5,slo_no_preemption_pard_dry_run,0,4.0,current-mix_ia_2p5_slo_no_preemption_pard_dry_run_r0_scale_4,2,512x512,chatcmpl-cb14e2a870044ba4,WAITING,False,50,-1333.8245991617441,-1333.8245991617441,True,False,True
current-mix,2.5,slo_no_preemption_pard_dry_run,0,4.0,current-mix_ia_2p5_slo_no_preemption_pard_dry_run_r0_scale_4,2,512x512,chatcmpl-cb14e2a870044ba4,WAITING,False,50,-1726.6916874796152,-1726.6916874796152,True,False,True
current-mix,2.5,slo_no_preemption_pard_dry_run,0,4.0,current-mix_ia_2p5_slo_no_preemption_pard_dry_run_r0_scale_4,2,512x512,chatcmpl-cb14e2a870044ba4,WAITING,False,50,-2114.140475168824,-2114.140475168824,True,False,True
current-mix,2.5,slo_no_preemption_pard_dry_run,0,4.0,current-mix_ia_2p5_slo_no_preemption_pard_dry_run_r0_scale_4,2,512x512,chatcmpl-cb14e2a870044ba4,WAITING,False,50,-2508.887493982911,-2508.887493982911,True,False,True
current-mix,2.5,slo_no_preemption_pard_dry_run,0,4.0,current-mix_ia_2p5_slo_no_preemption_pard_dry_run_r0_scale_4,2,512x512,chatcmpl-cb14e2a870044ba4,WAITING,False,50,-2898.089611902833,-2898.089611902833,True,False,True
current-mix,2.5,slo_no_preemption_pard_dry_run,0,4.0,current-mix_ia_2p5_slo_no_preemption_pard_dry_run_r0_scale_4,2,512x512,chatcmpl-cb14e2a870044ba4,WAITING,False,50,-3285.3278759866953,-3285.3278759866953,True,False,True
current-mix,2.5,slo_no_preemption_pard_dry_run,0,4.0,current-mix_ia_2p5_slo_no_preemption_pard_dry_run_r0_scale_4,2,512x512,chatcmpl-cb14e2a870044ba4,WAITING,False,50,-3675.376618281007,-3675.376618281007,True,False,True
current-mix,2.5,slo_no_preemption_pard_dry_run,0,4.0,current-mix_ia_2p5_slo_no_preemption_pard_dry_run_r0_scale_4,2,512x512,chatcmpl-cb14e2a870044ba4,WAITING,False,50,-4064.7501591593027,-4064.7501591593027,True,False,True
current-mix,2.5,slo_no_preemption_pard_dry_run,0,4.0,current-mix_ia_2p5_slo_no_preemption_pard_dry_run_r0_scale_4,2,512x512,chatcmpl-cb14e2a870044ba4,WAITING,False,50,-4453.950369730592,-4453.950369730592,True,False,True
current-mix,2.5,slo_no_preemption_pard_dry_run,0,4.0,current-mix_ia_2p5_slo_no_preemption_pard_dry_run_r0_scale_4,2,512x512,chatcmpl-cb14e2a870044ba4,WAITING,False,50,-4843.485319986939,-4843.485319986939,True,False,True
current-mix,2.5,slo_no_preemption_pard_dry_run,0,4.0,current-mix_ia_2p5_slo_no_preemption_pard_dry_run_r0_scale_4,2,512x512,chatcmpl-cb14e2a870044ba4,WAITING,False,50,-5231.284821406007,-5231.284821406007,True,False,True
current-mix,2.5,slo_no_preemption_pard_dry_run,0,4.0,current-mix_ia_2p5_slo_no_preemption_pard_dry_run_r0_scale_4,2,512x512,chatcmpl-cb14e2a870044ba4,WAITING,False,50,-5620.291197672486,-5620.291197672486,True,False,True
current-mix,2.5,slo_no_preemption_pard_dry_run,0,4.0,current-mix_ia_2p5_slo_no_preemption_pard_dry_run_r0_scale_4,2,512x512,chatcmpl-cb14e2a870044ba4,WAITING,False,50,-6007.435524836183,-6007.435524836183,True,False,True
current-mix,2.5,slo_no_preemption_pard_dry_run,0,4.0,current-mix_ia_2p5_slo_no_preemption_pard_dry_run_r0_scale_4,2,512x512,chatcmpl-cb14e2a870044ba4,WAITING,False,50,-6394.292796030641,-6394.292796030641,True,False,True
current-mix,2.5,slo_no_preemption_pard_dry_run,0,4.0,current-mix_ia_2p5_slo_no_preemption_pard_dry_run_r0_scale_4,2,512x512,chatcmpl-cb14e2a870044ba4,WAITING,False,50,-6781.002962961793,-6781.002962961793,True,False,True
current-mix,2.5,slo_no_preemption_pard_dry_run,0,4.0,current-mix_ia_2p5_slo_no_preemption_pard_dry_run_r0_scale_4,2,512x512,chatcmpl-cb14e2a870044ba4,WAITING,False,50,-7167.327607050538,-7167.327607050538,True,False,True
current-mix,2.5,slo_no_preemption_pard_dry_run,0,4.0,current-mix_ia_2p5_slo_no_preemption_pard_dry_run_r0_scale_4,2,512x512,chatcmpl-cb14e2a870044ba4,WAITING,False,50,-7557.196820154786,-7557.196820154786,True,False,True
current-mix,2.5,slo_no_preemption_pard_dry_run,0,4.0,current-mix_ia_2p5_slo_no_preemption_pard_dry_run_r0_scale_4,2,512x512,chatcmpl-cb14e2a870044ba4,WAITING,False,50,-7947.715723887086,-7947.715723887086,True,False,True
current-mix,2.5,slo_no_preemption_pard_dry_run,0,4.0,current-mix_ia_2p5_slo_no_preemption_pard_dry_run_r0_scale_4,2,512x512,chatcmpl-cb14e2a870044ba4,WAITING,False,50,-8333.430016413331,-8333.430016413331,True,False,True
current-mix,2.5,slo_no_preemption_pard_dry_run,0,4.0,current-mix_ia_2p5_slo_no_preemption_pard_dry_run_r0_scale_4,2,512x512,chatcmpl-cb14e2a870044ba4,WAITING,False,50,-8721.18421830237,-8721.18421830237,True,False,True
current-mix,2.5,slo_no_preemption_pard_dry_run,0,4.0,current-mix_ia_2p5_slo_no_preemption_pard_dry_run_r0_scale_4,2,512x512,chatcmpl-cb14e2a870044ba4,WAITING,False,50,-9106.909001246095,-9106.909001246095,True,False,True
current-mix,2.5,slo_no_preemption_pard_dry_run,0,4.0,current-mix_ia_2p5_slo_no_preemption_pard_dry_run_r0_scale_4,2,512x512,chatcmpl-cb14e2a870044ba4,WAITING,False,50,-9496.371472254395,-9496.371472254395,True,False,True
current-mix,2.5,slo_no_preemption_pard_dry_run,0,4.0,current-mix_ia_2p5_slo_no_preemption_pard_dry_run_r0_scale_4,2,512x512,chatcmpl-cb14e2a870044ba4,WAITING,False,50,-9885.386431589723,-9885.386431589723,True,False,True
current-mix,2.5,slo_no_preemption_pard_dry_run,0,4.0,current-mix_ia_2p5_slo_no_preemption_pard_dry_run_r0_scale_4,2,512x512,chatcmpl-cb14e2a870044ba4,WAITING,False,50,-10270.868981257081,-10270.868981257081,True,False,True
current-mix,2.5,slo_no_preemption_pard_dry_run,0,4.0,current-mix_ia_2p5_slo_no_preemption_pard_dry_run_r0_scale_4,2,512x512,chatcmpl-cb14e2a870044ba4,WAITING,False,50,-10656.15745820105,-10656.15745820105,True,False,True
current-mix,2.5,slo_no_preemption_pard_dry_run,0,4.0,current-mix_ia_2p5_slo_no_preemption_pard_dry_run_r0_scale_4,2,512x512,chatcmpl-cb14e2a870044ba4,WAITING,False,50,-11045.97040452063,-11045.97040452063,True,False,True
current-mix,2.5,slo_no_preemption_pard_dry_run,0,4.0,current-mix_ia_2p5_slo_no_preemption_pard_dry_run_r0_scale_4,2,512x512,chatcmpl-cb14e2a870044ba4,WAITING,False,50,-11433.247769251466,-11433.247769251466,True,False,True
current-mix,2.5,slo_no_preemption_pard_dry_run,0,4.0,current-mix_ia_2p5_slo_no_preemption_pard_dry_run_r0_scale_4,2,512x512,chatcmpl-cb14e2a870044ba4,WAITING,False,50,-11823.872769251466,-11823.872769251466,True,False,True
current-mix,2.5,slo_no_preemption_pard_dry_run,0,4.0,current-mix_ia_2p5_slo_no_preemption_pard_dry_run_r0_scale_4,2,512x512,chatcmpl-cb14e2a870044ba4,WAITING,False,50,-12210.847342386842,-12210.847342386842,True,False,True
current-mix,2.5,slo_no_preemption_pard_dry_run,0,4.0,current-mix_ia_2p5_slo_no_preemption_pard_dry_run_r0_scale_4,2,512x512,chatcmpl-cb14e2a870044ba4,WAITING,False,50,-12601.287567988038,-12601.287567988038,True,False,True
current-mix,2.5,slo_no_preemption_pard_dry_run,0,4.0,current-mix_ia_2p5_slo_no_preemption_pard_dry_run_r0_scale_4,2,512x512,chatcmpl-cb14e2a870044ba4,WAITING,False,50,-12988.147700205445,-12988.147700205445,True,False,True
current-mix,2.5,slo_no_preemption_pard_dry_run,0,4.0,current-mix_ia_2p5_slo_no_preemption_pard_dry_run_r0_scale_4,2,512x512,chatcmpl-cb14e2a870044ba4,WAITING,False,50,-13374.083245173097,-13374.083245173097,True,False,True
current-mix,2.5,slo_no_preemption_pard_dry_run,0,4.0,current-mix_ia_2p5_slo_no_preemption_pard_dry_run_r0_scale_4,2,512x512,chatcmpl-cb14e2a870044ba4,WAITING,False,50,-13769.323075190187,-13769.323075190187,True,False,True
current-mix,2.5,slo_no_preemption_pard_dry_run,0,4.0,current-mix_ia_2p5_slo_no_preemption_pard_dry_run_r0_scale_4,2,512x512,chatcmpl-cb14e2a870044ba4,WAITING,False,50,-14155.7199601084,-14155.7199601084,True,False,True
